type,id,severity,reason,recommended_action
SLA Breach,ORD-000002,HIGH,Delivery delay of 4.6 minutes,Prioritize order and review rider allocation
SLA Breach,ORD-000003,HIGH,Delivery delay of 6.2 minutes,Prioritize order and review rider allocation
SLA Breach,ORD-000004,HIGH,Delivery delay of 3.5 minutes,Prioritize order and review rider allocation
SLA Breach,ORD-000005,HIGH,Delivery delay of 7.4 minutes,Prioritize order and review rider allocation
SLA Breach,ORD-000006,HIGH,Delivery delay of 11.0 minutes,Prioritize order and review rider allocation
SLA Breach,ORD-000007,HIGH,Delivery delay of 17.7 minutes,Prioritize order and review rider allocation
SLA Breach,ORD-000008,HIGH,Delivery delay of 2.8 minutes,Prioritize order and review rider allocation
SLA Breach,ORD-000009,HIGH,Delivery delay of 9.3 minutes,Prioritize order and review rider allocation
SLA Breach,ORD-000010,HIGH,Delivery delay of 3.4 minutes,Prioritize order and review rider allocation
SLA Breach,ORD-000012,HIGH,Delivery delay of 9.7 minutes,Prioritize order and review rider allocation
SLA Breach,ORD-000013,HIGH,Delivery delay of 18.6 minutes,Prioritize order and review rider allocation
SLA Breach,ORD-000014,HIGH,Delivery delay of 8.2 minutes,Prioritize order and review rider allocation
SLA Breach,ORD-000015,HIGH,Delivery delay of 6.2 minutes,Prioritize order and review rider allocation
SLA Breach,ORD-000016,HIGH,Delivery delay of 2.6 minutes,Prioritize order and review rider allocation
SLA Breach,ORD-000017,HIGH,Delivery delay of 12.9 minutes,Prioritize order and review rider allocation
SLA Breach,ORD-000018,HIGH,Delivery delay of 8.1 minutes,Prioritize order and review rider allocation
SLA Breach,ORD-000019,HIGH,Delivery delay of 12.3 minutes,Prioritize order and review rider allocation
SLA Breach,ORD-000020,HIGH,Delivery delay of 1.1 minutes,Prioritize order and review rider allocation
SLA Breach,ORD-000021,HIGH,Delivery delay of 2.5 minutes,Prioritize order and review rider allocation
SLA Breach,ORD-000022,HIGH,Delivery delay of 15.3 minutes,Prioritize order and review rider allocation
SLA Breach,ORD-000023,HIGH,Delivery delay of 9.5 minutes,Prioritize order and review rider allocation
SLA Breach,ORD-000024,HIGH,Delivery delay of 1.7 minutes,Prioritize order and review rider allocation
SLA Breach,ORD-000025,HIGH,Delivery delay of 13.9 minutes,Prioritize order and review rider allocation
SLA Breach,ORD-000027,HIGH,Delivery delay of 4.9 minutes,Prioritize order and review rider allocation
SLA Breach,ORD-000028,HIGH,Delivery delay of 8.5 minutes,Prioritize order and review rider allocation
SLA Breach,ORD-000029,HIGH,Delivery delay of 8.4 minutes,Prioritize order and review rider allocation
SLA Breach,ORD-000030,HIGH,Delivery delay of 3.1 minutes,Prioritize order and review rider allocation
SLA Breach,ORD-000031,HIGH,Delivery delay of 1.5 minutes,Prioritize order and review rider allocation
SLA Breach,ORD-000032,HIGH,Delivery delay of 1.6 minutes,Prioritize order and review rider allocation
SLA Breach,ORD-000033,HIGH,Delivery delay of 1.5 minutes,Prioritize order and review rider allocation
SLA Breach,ORD-000034,HIGH,Delivery delay of 26.3 minutes,Prioritize order and review rider allocation
SLA Breach,ORD-000035,HIGH,Delivery delay of 5.6 minutes,Prioritize order and review rider allocation
SLA Breach,ORD-000036,HIGH,Delivery delay of 10.9 minutes,Prioritize order and review rider allocation
SLA Breach,ORD-000037,HIGH,Delivery delay of 4.9 minutes,Prioritize order and review rider allocation
SLA Breach,ORD-000038,HIGH,Delivery delay of 4.7 minutes,Prioritize order and review rider allocation
SLA Breach,ORD-000039,HIGH,Delivery delay of 9.8 minutes,Prioritize order and review rider allocation
SLA Breach,ORD-000040,HIGH,Delivery delay of 4.0 minutes,Prioritize order and review rider allocation
SLA Breach,ORD-000041,HIGH,Delivery delay of 4.0 minutes,Prioritize order and review rider allocation
SLA Breach,ORD-000042,HIGH,Delivery delay of 11.3 minutes,Prioritize order and review rider allocation
SLA Breach,ORD-000043,HIGH,Delivery delay of 2.2 minutes,Prioritize order and review rider allocation
SLA Breach,ORD-000044,HIGH,Delivery delay of 2.6 minutes,Prioritize order and review rider allocation
SLA Breach,ORD-000046,HIGH,Delivery delay of 18.4 minutes,Prioritize order and review rider allocation
SLA Breach,ORD-000048,HIGH,Delivery delay of 3.2 minutes,Prioritize order and review rider allocation
SLA Breach,ORD-000049,HIGH,Delivery delay of 1.1 minutes,Prioritize order and review rider allocation
SLA Breach,ORD-000050,HIGH,Delivery delay of 20.8 minutes,Prioritize order and review rider allocation
SLA Breach,ORD-000051,HIGH,Delivery delay of 3.4 minutes,Prioritize order and review rider allocation
SLA Breach,ORD-000052,HIGH,Delivery delay of 13.6 minutes,Prioritize order and review rider allocation
SLA Breach,ORD-000053,HIGH,Delivery delay of 2.5 minutes,Prioritize order and review rider allocation
SLA Breach,ORD-000054,HIGH,Delivery delay of 5.3 minutes,Prioritize order and review rider allocation
SLA Breach,ORD-000055,HIGH,Delivery delay of 4.9 minutes,Prioritize order and review rider allocation
SLA Breach,ORD-000056,HIGH,Delivery delay of 12.5 minutes,Prioritize order and review rider allocation
SLA Breach,ORD-000057,HIGH,Delivery delay of 19.6 minutes,Prioritize order and review rider allocation
SLA Breach,ORD-000058,HIGH,Delivery delay of 12.4 minutes,Prioritize order and review rider allocation
SLA Breach,ORD-000059,HIGH,Delivery delay of 6.9 minutes,Prioritize order and review rider allocation
SLA Breach,ORD-000060,HIGH,Delivery delay of 1.1 minutes,Prioritize order and review rider allocation
SLA Breach,ORD-000061,HIGH,Delivery delay of 5.9 minutes,Prioritize order and review rider allocation
SLA Breach,ORD-000062,HIGH,Delivery delay of 2.5 minutes,Prioritize order and review rider allocation
SLA Breach,ORD-000063,HIGH,Delivery delay of 17.2 minutes,Prioritize order and review rider allocation
SLA Breach,ORD-000064,HIGH,Delivery delay of 7.6 minutes,Prioritize order and review rider allocation
SLA Breach,ORD-000065,HIGH,Delivery delay of 15.3 minutes,Prioritize order and review rider allocation
SLA Breach,ORD-000066,HIGH,Delivery delay of 1.2 minutes,Prioritize order and review rider allocation
SLA Breach,ORD-000067,HIGH,Delivery delay of 5.0 minutes,Prioritize order and review rider allocation
SLA Breach,ORD-000068,HIGH,Delivery delay of 6.5 minutes,Prioritize order and review rider allocation
SLA Breach,ORD-000069,HIGH,Delivery delay of 16.3 minutes,Prioritize order and review rider allocation
SLA Breach,ORD-000071,HIGH,Delivery delay of 1.9 minutes,Prioritize order and review rider allocation
SLA Breach,ORD-000072,HIGH,Delivery delay of 13.7 minutes,Prioritize order and review rider allocation
SLA Breach,ORD-000073,HIGH,Delivery delay of 4.8 minutes,Prioritize order and review rider allocation
SLA Breach,ORD-000074,HIGH,Delivery delay of 12.7 minutes,Prioritize order and review rider allocation
SLA Breach,ORD-000075,HIGH,Delivery delay of 3.7 minutes,Prioritize order and review rider allocation
SLA Breach,ORD-000076,HIGH,Delivery delay of 24.1 minutes,Prioritize order and review rider allocation
SLA Breach,ORD-000079,HIGH,Delivery delay of 6.0 minutes,Prioritize order and review rider allocation
SLA Breach,ORD-000080,HIGH,Delivery delay of 13.2 minutes,Prioritize order and review rider allocation
SLA Breach,ORD-000081,HIGH,Delivery delay of 3.5 minutes,Prioritize order and review rider allocation
SLA Breach,ORD-000082,HIGH,Delivery delay of 2.0 minutes,Prioritize order and review rider allocation
SLA Breach,ORD-000083,HIGH,Delivery delay of 14.9 minutes,Prioritize order and review rider allocation
SLA Breach,ORD-000084,HIGH,Delivery delay of 4.3 minutes,Prioritize order and review rider allocation
SLA Breach,ORD-000085,HIGH,Delivery delay of 4.6 minutes,Prioritize order and review rider allocation
SLA Breach,ORD-000086,HIGH,Delivery delay of 13.2 minutes,Prioritize order and review rider allocation
SLA Breach,ORD-000087,HIGH,Delivery delay of 3.9 minutes,Prioritize order and review rider allocation
SLA Breach,ORD-000089,HIGH,Delivery delay of 7.6 minutes,Prioritize order and review rider allocation
SLA Breach,ORD-000090,HIGH,Delivery delay of 10.8 minutes,Prioritize order and review rider allocation
SLA Breach,ORD-000091,HIGH,Delivery delay of 1.7 minutes,Prioritize order and review rider allocation
SLA Breach,ORD-000092,HIGH,Delivery delay of 5.3 minutes,Prioritize order and review rider allocation
SLA Breach,ORD-000094,HIGH,Delivery delay of 4.7 minutes,Prioritize order and review rider allocation
SLA Breach,ORD-000095,HIGH,Delivery delay of 4.4 minutes,Prioritize order and review rider allocation
SLA Breach,ORD-000096,HIGH,Delivery delay of 0.2 minutes,Prioritize order and review rider allocation
SLA Breach,ORD-000097,HIGH,Delivery delay of 6.9 minutes,Prioritize order and review rider allocation
SLA Breach,ORD-000098,HIGH,Delivery delay of 0.7 minutes,Prioritize order and review rider allocation
SLA Breach,ORD-000100,HIGH,Delivery delay of 11.5 minutes,Prioritize order and review rider allocation
SLA Breach,ORD-000103,HIGH,Delivery delay of 9.4 minutes,Prioritize order and review rider allocation
SLA Breach,ORD-000105,HIGH,Delivery delay of 2.4 minutes,Prioritize order and review rider allocation
SLA Breach,ORD-000106,HIGH,Delivery delay of 10.1 minutes,Prioritize order and review rider allocation
SLA Breach,ORD-000107,HIGH,Delivery delay of 9.2 minutes,Prioritize order and review rider allocation
SLA Breach,ORD-000108,HIGH,Delivery delay of 10.2 minutes,Prioritize order and review rider allocation
SLA Breach,ORD-000109,HIGH,Delivery delay of 7.4 minutes,Prioritize order and review rider allocation
SLA Breach,ORD-000110,HIGH,Delivery delay of 18.3 minutes,Prioritize order and review rider allocation
SLA Breach,ORD-000111,HIGH,Delivery delay of 4.0 minutes,Prioritize order and review rider allocation
SLA Breach,ORD-000112,HIGH,Delivery delay of 4.4 minutes,Prioritize order and review rider allocation
SLA Breach,ORD-000113,HIGH,Delivery delay of 0.7 minutes,Prioritize order and review rider allocation
SLA Breach,ORD-000114,HIGH,Delivery delay of 11.4 minutes,Prioritize order and review rider allocation
SLA Breach,ORD-000115,HIGH,Delivery delay of 3.7 minutes,Prioritize order and review rider allocation
SLA Breach,ORD-000116,HIGH,Delivery delay of 7.1 minutes,Prioritize order and review rider allocation
SLA Breach,ORD-000117,HIGH,Delivery delay of 9.9 minutes,Prioritize order and review rider allocation
SLA Breach,ORD-000118,HIGH,Delivery delay of 10.0 minutes,Prioritize order and review rider allocation
SLA Breach,ORD-000119,HIGH,Delivery delay of 4.0 minutes,Prioritize order and review rider allocation
SLA Breach,ORD-000121,HIGH,Delivery delay of 9.3 minutes,Prioritize order and review rider allocation
SLA Breach,ORD-000122,HIGH,Delivery delay of 19.3 minutes,Prioritize order and review rider allocation
SLA Breach,ORD-000123,HIGH,Delivery delay of 0.8 minutes,Prioritize order and review rider allocation
SLA Breach,ORD-000124,HIGH,Delivery delay of 10.2 minutes,Prioritize order and review rider allocation
SLA Breach,ORD-000126,HIGH,Delivery delay of 1.8 minutes,Prioritize order and review rider allocation
SLA Breach,ORD-000127,HIGH,Delivery delay of 8.3 minutes,Prioritize order and review rider allocation
SLA Breach,ORD-000128,HIGH,Delivery delay of 8.9 minutes,Prioritize order and review rider allocation
SLA Breach,ORD-000130,HIGH,Delivery delay of 4.0 minutes,Prioritize order and review rider allocation
SLA Breach,ORD-000131,HIGH,Delivery delay of 5.9 minutes,Prioritize order and review rider allocation
SLA Breach,ORD-000132,HIGH,Delivery delay of 3.2 minutes,Prioritize order and review rider allocation
SLA Breach,ORD-000133,HIGH,Delivery delay of 8.6 minutes,Prioritize order and review rider allocation
SLA Breach,ORD-000134,HIGH,Delivery delay of 3.5 minutes,Prioritize order and review rider allocation
SLA Breach,ORD-000135,HIGH,Delivery delay of 10.3 minutes,Prioritize order and review rider allocation
SLA Breach,ORD-000136,HIGH,Delivery delay of 10.3 minutes,Prioritize order and review rider allocation
SLA Breach,ORD-000138,HIGH,Delivery delay of 15.3 minutes,Prioritize order and review rider allocation
SLA Breach,ORD-000139,HIGH,Delivery delay of 8.7 minutes,Prioritize order and review rider allocation
SLA Breach,ORD-000140,HIGH,Delivery delay of 1.1 minutes,Prioritize order and review rider allocation
SLA Breach,ORD-000141,HIGH,Delivery delay of 8.8 minutes,Prioritize order and review rider allocation
SLA Breach,ORD-000142,HIGH,Delivery delay of 9.0 minutes,Prioritize order and review rider allocation
SLA Breach,ORD-000143,HIGH,Delivery delay of 2.2 minutes,Prioritize order and review rider allocation
SLA Breach,ORD-000144,HIGH,Delivery delay of 10.7 minutes,Prioritize order and review rider allocation
SLA Breach,ORD-000145,HIGH,Delivery delay of 15.0 minutes,Prioritize order and review rider allocation
SLA Breach,ORD-000146,HIGH,Delivery delay of 16.6 minutes,Prioritize order and review rider allocation
SLA Breach,ORD-000148,HIGH,Delivery delay of 2.1 minutes,Prioritize order and review rider allocation
SLA Breach,ORD-000149,HIGH,Delivery delay of 7.3 minutes,Prioritize order and review rider allocation
SLA Breach,ORD-000150,HIGH,Delivery delay of 2.0 minutes,Prioritize order and review rider allocation
SLA Breach,ORD-000151,HIGH,Delivery delay of 0.2 minutes,Prioritize order and review rider allocation
SLA Breach,ORD-000152,HIGH,Delivery delay of 1.8 minutes,Prioritize order and review rider allocation
SLA Breach,ORD-000153,HIGH,Delivery delay of 12.3 minutes,Prioritize order and review rider allocation
SLA Breach,ORD-000154,HIGH,Delivery delay of 16.9 minutes,Prioritize order and review rider allocation
SLA Breach,ORD-000155,HIGH,Delivery delay of 7.4 minutes,Prioritize order and review rider allocation
SLA Breach,ORD-000156,HIGH,Delivery delay of 11.4 minutes,Prioritize order and review rider allocation
SLA Breach,ORD-000157,HIGH,Delivery delay of 1.4 minutes,Prioritize order and review rider allocation
SLA Breach,ORD-000158,HIGH,Delivery delay of 3.3 minutes,Prioritize order and review rider allocation
SLA Breach,ORD-000159,HIGH,Delivery delay of 11.7 minutes,Prioritize order and review rider allocation
SLA Breach,ORD-000160,HIGH,Delivery delay of 6.4 minutes,Prioritize order and review rider allocation
SLA Breach,ORD-000161,HIGH,Delivery delay of 7.2 minutes,Prioritize order and review rider allocation
SLA Breach,ORD-000162,HIGH,Delivery delay of 6.9 minutes,Prioritize order and review rider allocation
SLA Breach,ORD-000164,HIGH,Delivery delay of 7.9 minutes,Prioritize order and review rider allocation
SLA Breach,ORD-000165,HIGH,Delivery delay of 10.5 minutes,Prioritize order and review rider allocation
SLA Breach,ORD-000166,HIGH,Delivery delay of 4.6 minutes,Prioritize order and review rider allocation
SLA Breach,ORD-000167,HIGH,Delivery delay of 2.7 minutes,Prioritize order and review rider allocation
SLA Breach,ORD-000168,HIGH,Delivery delay of 11.0 minutes,Prioritize order and review rider allocation
SLA Breach,ORD-000169,HIGH,Delivery delay of 6.3 minutes,Prioritize order and review rider allocation
SLA Breach,ORD-000170,HIGH,Delivery delay of 8.2 minutes,Prioritize order and review rider allocation
SLA Breach,ORD-000171,HIGH,Delivery delay of 2.6 minutes,Prioritize order and review rider allocation
SLA Breach,ORD-000172,HIGH,Delivery delay of 6.3 minutes,Prioritize order and review rider allocation
SLA Breach,ORD-000173,HIGH,Delivery delay of 13.7 minutes,Prioritize order and review rider allocation
SLA Breach,ORD-000175,HIGH,Delivery delay of 6.3 minutes,Prioritize order and review rider allocation
SLA Breach,ORD-000176,HIGH,Delivery delay of 12.3 minutes,Prioritize order and review rider allocation
SLA Breach,ORD-000177,HIGH,Delivery delay of 0.2 minutes,Prioritize order and review rider allocation
SLA Breach,ORD-000178,HIGH,Delivery delay of 8.6 minutes,Prioritize order and review rider allocation
SLA Breach,ORD-000179,HIGH,Delivery delay of 3.2 minutes,Prioritize order and review rider allocation
SLA Breach,ORD-000180,HIGH,Delivery delay of 11.1 minutes,Prioritize order and review rider allocation
SLA Breach,ORD-000181,HIGH,Delivery delay of 7.9 minutes,Prioritize order and review rider allocation
SLA Breach,ORD-000182,HIGH,Delivery delay of 9.7 minutes,Prioritize order and review rider allocation
SLA Breach,ORD-000183,HIGH,Delivery delay of 4.7 minutes,Prioritize order and review rider allocation
SLA Breach,ORD-000184,HIGH,Delivery delay of 3.8 minutes,Prioritize order and review rider allocation
SLA Breach,ORD-000185,HIGH,Delivery delay of 1.4 minutes,Prioritize order and review rider allocation
SLA Breach,ORD-000186,HIGH,Delivery delay of 1.4 minutes,Prioritize order and review rider allocation
SLA Breach,ORD-000187,HIGH,Delivery delay of 3.8 minutes,Prioritize order and review rider allocation
SLA Breach,ORD-000188,HIGH,Delivery delay of 6.0 minutes,Prioritize order and review rider allocation
SLA Breach,ORD-000189,HIGH,Delivery delay of 6.0 minutes,Prioritize order and review rider allocation
SLA Breach,ORD-000190,HIGH,Delivery delay of 14.0 minutes,Prioritize order and review rider allocation
SLA Breach,ORD-000192,HIGH,Delivery delay of 8.3 minutes,Prioritize order and review rider allocation
SLA Breach,ORD-000193,HIGH,Delivery delay of 2.0 minutes,Prioritize order and review rider allocation
SLA Breach,ORD-000194,HIGH,Delivery delay of 0.7 minutes,Prioritize order and review rider allocation
SLA Breach,ORD-000195,HIGH,Delivery delay of 8.1 minutes,Prioritize order and review rider allocation
SLA Breach,ORD-000196,HIGH,Delivery delay of 3.2 minutes,Prioritize order and review rider allocation
SLA Breach,ORD-000197,HIGH,Delivery delay of 4.5 minutes,Prioritize order and review rider allocation
SLA Breach,ORD-000198,HIGH,Delivery delay of 12.9 minutes,Prioritize order and review rider allocation
SLA Breach,ORD-000199,HIGH,Delivery delay of 12.2 minutes,Prioritize order and review rider allocation
SLA Breach,ORD-000200,HIGH,Delivery delay of 4.2 minutes,Prioritize order and review rider allocation
SLA Breach,ORD-000201,HIGH,Delivery delay of 1.7 minutes,Prioritize order and review rider allocation
SLA Breach,ORD-000202,HIGH,Delivery delay of 0.3 minutes,Prioritize order and review rider allocation
SLA Breach,ORD-000203,HIGH,Delivery delay of 2.7 minutes,Prioritize order and review rider allocation
SLA Breach,ORD-000204,HIGH,Delivery delay of 0.1 minutes,Prioritize order and review rider allocation
SLA Breach,ORD-000205,HIGH,Delivery delay of 1.4 minutes,Prioritize order and review rider allocation
SLA Breach,ORD-000206,HIGH,Delivery delay of 1.2 minutes,Prioritize order and review rider allocation
SLA Breach,ORD-000207,HIGH,Delivery delay of 6.0 minutes,Prioritize order and review rider allocation
SLA Breach,ORD-000208,HIGH,Delivery delay of 6.0 minutes,Prioritize order and review rider allocation
SLA Breach,ORD-000209,HIGH,Delivery delay of 7.5 minutes,Prioritize order and review rider allocation
SLA Breach,ORD-000210,HIGH,Delivery delay of 7.2 minutes,Prioritize order and review rider allocation
SLA Breach,ORD-000211,HIGH,Delivery delay of 0.9 minutes,Prioritize order and review rider allocation
SLA Breach,ORD-000212,HIGH,Delivery delay of 4.1 minutes,Prioritize order and review rider allocation
SLA Breach,ORD-000213,HIGH,Delivery delay of 8.4 minutes,Prioritize order and review rider allocation
SLA Breach,ORD-000215,HIGH,Delivery delay of 10.2 minutes,Prioritize order and review rider allocation
SLA Breach,ORD-000216,HIGH,Delivery delay of 6.0 minutes,Prioritize order and review rider allocation
SLA Breach,ORD-000217,HIGH,Delivery delay of 0.2 minutes,Prioritize order and review rider allocation
SLA Breach,ORD-000218,HIGH,Delivery delay of 9.1 minutes,Prioritize order and review rider allocation
SLA Breach,ORD-000219,HIGH,Delivery delay of 6.5 minutes,Prioritize order and review rider allocation
SLA Breach,ORD-000220,HIGH,Delivery delay of 5.4 minutes,Prioritize order and review rider allocation
SLA Breach,ORD-000221,HIGH,Delivery delay of 5.0 minutes,Prioritize order and review rider allocation
SLA Breach,ORD-000222,HIGH,Delivery delay of 1.4 minutes,Prioritize order and review rider allocation
SLA Breach,ORD-000223,HIGH,Delivery delay of 2.9 minutes,Prioritize order and review rider allocation
SLA Breach,ORD-000224,HIGH,Delivery delay of 7.1 minutes,Prioritize order and review rider allocation
SLA Breach,ORD-000225,HIGH,Delivery delay of 9.6 minutes,Prioritize order and review rider allocation
SLA Breach,ORD-000226,HIGH,Delivery delay of 5.9 minutes,Prioritize order and review rider allocation
SLA Breach,ORD-000227,HIGH,Delivery delay of 8.4 minutes,Prioritize order and review rider allocation
SLA Breach,ORD-000229,HIGH,Delivery delay of 11.0 minutes,Prioritize order and review rider allocation
SLA Breach,ORD-000231,HIGH,Delivery delay of 6.2 minutes,Prioritize order and review rider allocation
SLA Breach,ORD-000232,HIGH,Delivery delay of 3.6 minutes,Prioritize order and review rider allocation
SLA Breach,ORD-000233,HIGH,Delivery delay of 8.0 minutes,Prioritize order and review rider allocation
SLA Breach,ORD-000234,HIGH,Delivery delay of 5.5 minutes,Prioritize order and review rider allocation
SLA Breach,ORD-000235,HIGH,Delivery delay of 6.2 minutes,Prioritize order and review rider allocation
SLA Breach,ORD-000236,HIGH,Delivery delay of 7.1 minutes,Prioritize order and review rider allocation
SLA Breach,ORD-000237,HIGH,Delivery delay of 8.3 minutes,Prioritize order and review rider allocation
SLA Breach,ORD-000238,HIGH,Delivery delay of 3.2 minutes,Prioritize order and review rider allocation
SLA Breach,ORD-000239,HIGH,Delivery delay of 2.5 minutes,Prioritize order and review rider allocation
SLA Breach,ORD-000240,HIGH,Delivery delay of 2.4 minutes,Prioritize order and review rider allocation
SLA Breach,ORD-000241,HIGH,Delivery delay of 6.3 minutes,Prioritize order and review rider allocation
SLA Breach,ORD-000242,HIGH,Delivery delay of 7.1 minutes,Prioritize order and review rider allocation
SLA Breach,ORD-000243,HIGH,Delivery delay of 11.4 minutes,Prioritize order and review rider allocation
SLA Breach,ORD-000244,HIGH,Delivery delay of 12.7 minutes,Prioritize order and review rider allocation
SLA Breach,ORD-000245,HIGH,Delivery delay of 10.1 minutes,Prioritize order and review rider allocation
SLA Breach,ORD-000246,HIGH,Delivery delay of 10.1 minutes,Prioritize order and review rider allocation
SLA Breach,ORD-000247,HIGH,Delivery delay of 4.6 minutes,Prioritize order and review rider allocation
SLA Breach,ORD-000248,HIGH,Delivery delay of 1.4 minutes,Prioritize order and review rider allocation
SLA Breach,ORD-000249,HIGH,Delivery delay of 2.6 minutes,Prioritize order and review rider allocation
SLA Breach,ORD-000250,HIGH,Delivery delay of 7.8 minutes,Prioritize order and review rider allocation
SLA Breach,ORD-000251,HIGH,Delivery delay of 19.0 minutes,Prioritize order and review rider allocation
SLA Breach,ORD-000252,HIGH,Delivery delay of 4.7 minutes,Prioritize order and review rider allocation
SLA Breach,ORD-000253,HIGH,Delivery delay of 8.1 minutes,Prioritize order and review rider allocation
SLA Breach,ORD-000254,HIGH,Delivery delay of 4.9 minutes,Prioritize order and review rider allocation
SLA Breach,ORD-000255,HIGH,Delivery delay of 3.5 minutes,Prioritize order and review rider allocation
SLA Breach,ORD-000256,HIGH,Delivery delay of 3.0 minutes,Prioritize order and review rider allocation
SLA Breach,ORD-000258,HIGH,Delivery delay of 4.4 minutes,Prioritize order and review rider allocation
SLA Breach,ORD-000259,HIGH,Delivery delay of 9.3 minutes,Prioritize order and review rider allocation
SLA Breach,ORD-000260,HIGH,Delivery delay of 2.3 minutes,Prioritize order and review rider allocation
SLA Breach,ORD-000261,HIGH,Delivery delay of 2.4 minutes,Prioritize order and review rider allocation
SLA Breach,ORD-000262,HIGH,Delivery delay of 5.1 minutes,Prioritize order and review rider allocation
SLA Breach,ORD-000263,HIGH,Delivery delay of 8.2 minutes,Prioritize order and review rider allocation
SLA Breach,ORD-000264,HIGH,Delivery delay of 16.5 minutes,Prioritize order and review rider allocation
SLA Breach,ORD-000265,HIGH,Delivery delay of 6.5 minutes,Prioritize order and review rider allocation
SLA Breach,ORD-000266,HIGH,Delivery delay of 9.0 minutes,Prioritize order and review rider allocation
SLA Breach,ORD-000268,HIGH,Delivery delay of 2.9 minutes,Prioritize order and review rider allocation
SLA Breach,ORD-000270,HIGH,Delivery delay of 2.6 minutes,Prioritize order and review rider allocation
SLA Breach,ORD-000271,HIGH,Delivery delay of 6.6 minutes,Prioritize order and review rider allocation
SLA Breach,ORD-000273,HIGH,Delivery delay of 12.1 minutes,Prioritize order and review rider allocation
SLA Breach,ORD-000274,HIGH,Delivery delay of 7.1 minutes,Prioritize order and review rider allocation
SLA Breach,ORD-000276,HIGH,Delivery delay of 2.0 minutes,Prioritize order and review rider allocation
SLA Breach,ORD-000277,HIGH,Delivery delay of 11.6 minutes,Prioritize order and review rider allocation
SLA Breach,ORD-000278,HIGH,Delivery delay of 10.2 minutes,Prioritize order and review rider allocation
SLA Breach,ORD-000279,HIGH,Delivery delay of 7.4 minutes,Prioritize order and review rider allocation
SLA Breach,ORD-000281,HIGH,Delivery delay of 12.9 minutes,Prioritize order and review rider allocation
SLA Breach,ORD-000282,HIGH,Delivery delay of 7.2 minutes,Prioritize order and review rider allocation
SLA Breach,ORD-000283,HIGH,Delivery delay of 8.2 minutes,Prioritize order and review rider allocation
SLA Breach,ORD-000284,HIGH,Delivery delay of 13.6 minutes,Prioritize order and review rider allocation
SLA Breach,ORD-000285,HIGH,Delivery delay of 20.2 minutes,Prioritize order and review rider allocation
SLA Breach,ORD-000286,HIGH,Delivery delay of 1.1 minutes,Prioritize order and review rider allocation
SLA Breach,ORD-000287,HIGH,Delivery delay of 3.4 minutes,Prioritize order and review rider allocation
SLA Breach,ORD-000288,HIGH,Delivery delay of 5.0 minutes,Prioritize order and review rider allocation
SLA Breach,ORD-000289,HIGH,Delivery delay of 3.8 minutes,Prioritize order and review rider allocation
SLA Breach,ORD-000290,HIGH,Delivery delay of 3.1 minutes,Prioritize order and review rider allocation
SLA Breach,ORD-000291,HIGH,Delivery delay of 15.8 minutes,Prioritize order and review rider allocation
SLA Breach,ORD-000292,HIGH,Delivery delay of 7.3 minutes,Prioritize order and review rider allocation
SLA Breach,ORD-000294,HIGH,Delivery delay of 3.0 minutes,Prioritize order and review rider allocation
SLA Breach,ORD-000295,HIGH,Delivery delay of 7.8 minutes,Prioritize order and review rider allocation
SLA Breach,ORD-000297,HIGH,Delivery delay of 9.2 minutes,Prioritize order and review rider allocation
SLA Breach,ORD-000298,HIGH,Delivery delay of 1.7 minutes,Prioritize order and review rider allocation
SLA Breach,ORD-000299,HIGH,Delivery delay of 0.9 minutes,Prioritize order and review rider allocation
SLA Breach,ORD-000300,HIGH,Delivery delay of 11.1 minutes,Prioritize order and review rider allocation
SLA Breach,ORD-000301,HIGH,Delivery delay of 5.7 minutes,Prioritize order and review rider allocation
SLA Breach,ORD-000302,HIGH,Delivery delay of 15.6 minutes,Prioritize order and review rider allocation
SLA Breach,ORD-000304,HIGH,Delivery delay of 6.4 minutes,Prioritize order and review rider allocation
SLA Breach,ORD-000305,HIGH,Delivery delay of 1.1 minutes,Prioritize order and review rider allocation
SLA Breach,ORD-000306,HIGH,Delivery delay of 2.8 minutes,Prioritize order and review rider allocation
SLA Breach,ORD-000307,HIGH,Delivery delay of 12.7 minutes,Prioritize order and review rider allocation
SLA Breach,ORD-000308,HIGH,Delivery delay of 9.1 minutes,Prioritize order and review rider allocation
SLA Breach,ORD-000309,HIGH,Delivery delay of 19.3 minutes,Prioritize order and review rider allocation
SLA Breach,ORD-000310,HIGH,Delivery delay of 1.9 minutes,Prioritize order and review rider allocation
SLA Breach,ORD-000311,HIGH,Delivery delay of 0.7 minutes,Prioritize order and review rider allocation
SLA Breach,ORD-000313,HIGH,Delivery delay of 12.0 minutes,Prioritize order and review rider allocation
SLA Breach,ORD-000314,HIGH,Delivery delay of 21.9 minutes,Prioritize order and review rider allocation
SLA Breach,ORD-000316,HIGH,Delivery delay of 7.6 minutes,Prioritize order and review rider allocation
SLA Breach,ORD-000317,HIGH,Delivery delay of 6.5 minutes,Prioritize order and review rider allocation
SLA Breach,ORD-000318,HIGH,Delivery delay of 6.2 minutes,Prioritize order and review rider allocation
SLA Breach,ORD-000319,HIGH,Delivery delay of 1.7 minutes,Prioritize order and review rider allocation
SLA Breach,ORD-000320,HIGH,Delivery delay of 6.4 minutes,Prioritize order and review rider allocation
SLA Breach,ORD-000321,HIGH,Delivery delay of 11.9 minutes,Prioritize order and review rider allocation
SLA Breach,ORD-000322,HIGH,Delivery delay of 15.7 minutes,Prioritize order and review rider allocation
SLA Breach,ORD-000323,HIGH,Delivery delay of 11.9 minutes,Prioritize order and review rider allocation
SLA Breach,ORD-000324,HIGH,Delivery delay of 4.8 minutes,Prioritize order and review rider allocation
SLA Breach,ORD-000325,HIGH,Delivery delay of 7.2 minutes,Prioritize order and review rider allocation
SLA Breach,ORD-000327,HIGH,Delivery delay of 13.7 minutes,Prioritize order and review rider allocation
SLA Breach,ORD-000328,HIGH,Delivery delay of 11.4 minutes,Prioritize order and review rider allocation
SLA Breach,ORD-000329,HIGH,Delivery delay of 20.8 minutes,Prioritize order and review rider allocation
SLA Breach,ORD-000330,HIGH,Delivery delay of 0.6 minutes,Prioritize order and review rider allocation
SLA Breach,ORD-000332,HIGH,Delivery delay of 11.7 minutes,Prioritize order and review rider allocation
SLA Breach,ORD-000334,HIGH,Delivery delay of 18.4 minutes,Prioritize order and review rider allocation
SLA Breach,ORD-000335,HIGH,Delivery delay of 11.9 minutes,Prioritize order and review rider allocation
SLA Breach,ORD-000337,HIGH,Delivery delay of 13.5 minutes,Prioritize order and review rider allocation
SLA Breach,ORD-000338,HIGH,Delivery delay of 1.9 minutes,Prioritize order and review rider allocation
SLA Breach,ORD-000339,HIGH,Delivery delay of 3.7 minutes,Prioritize order and review rider allocation
SLA Breach,ORD-000340,HIGH,Delivery delay of 11.5 minutes,Prioritize order and review rider allocation
SLA Breach,ORD-000341,HIGH,Delivery delay of 3.2 minutes,Prioritize order and review rider allocation
SLA Breach,ORD-000342,HIGH,Delivery delay of 4.4 minutes,Prioritize order and review rider allocation
SLA Breach,ORD-000343,HIGH,Delivery delay of 8.3 minutes,Prioritize order and review rider allocation
SLA Breach,ORD-000344,HIGH,Delivery delay of 4.9 minutes,Prioritize order and review rider allocation
SLA Breach,ORD-000345,HIGH,Delivery delay of 3.3 minutes,Prioritize order and review rider allocation
SLA Breach,ORD-000346,HIGH,Delivery delay of 17.6 minutes,Prioritize order and review rider allocation
SLA Breach,ORD-000347,HIGH,Delivery delay of 0.6 minutes,Prioritize order and review rider allocation
SLA Breach,ORD-000348,HIGH,Delivery delay of 12.4 minutes,Prioritize order and review rider allocation
SLA Breach,ORD-000349,HIGH,Delivery delay of 10.3 minutes,Prioritize order and review rider allocation
SLA Breach,ORD-000350,HIGH,Delivery delay of 7.4 minutes,Prioritize order and review rider allocation
SLA Breach,ORD-000353,HIGH,Delivery delay of 1.1 minutes,Prioritize order and review rider allocation
SLA Breach,ORD-000354,HIGH,Delivery delay of 5.1 minutes,Prioritize order and review rider allocation
SLA Breach,ORD-000356,HIGH,Delivery delay of 5.9 minutes,Prioritize order and review rider allocation
SLA Breach,ORD-000357,HIGH,Delivery delay of 4.6 minutes,Prioritize order and review rider allocation
SLA Breach,ORD-000358,HIGH,Delivery delay of 5.5 minutes,Prioritize order and review rider allocation
SLA Breach,ORD-000359,HIGH,Delivery delay of 7.0 minutes,Prioritize order and review rider allocation
SLA Breach,ORD-000360,HIGH,Delivery delay of 13.9 minutes,Prioritize order and review rider allocation
SLA Breach,ORD-000361,HIGH,Delivery delay of 5.0 minutes,Prioritize order and review rider allocation
SLA Breach,ORD-000362,HIGH,Delivery delay of 6.9 minutes,Prioritize order and review rider allocation
SLA Breach,ORD-000363,HIGH,Delivery delay of 10.4 minutes,Prioritize order and review rider allocation
SLA Breach,ORD-000364,HIGH,Delivery delay of 10.7 minutes,Prioritize order and review rider allocation
SLA Breach,ORD-000365,HIGH,Delivery delay of 3.0 minutes,Prioritize order and review rider allocation
SLA Breach,ORD-000366,HIGH,Delivery delay of 7.7 minutes,Prioritize order and review rider allocation
SLA Breach,ORD-000367,HIGH,Delivery delay of 8.0 minutes,Prioritize order and review rider allocation
SLA Breach,ORD-000368,HIGH,Delivery delay of 14.3 minutes,Prioritize order and review rider allocation
SLA Breach,ORD-000369,HIGH,Delivery delay of 9.2 minutes,Prioritize order and review rider allocation
SLA Breach,ORD-000370,HIGH,Delivery delay of 16.3 minutes,Prioritize order and review rider allocation
SLA Breach,ORD-000371,HIGH,Delivery delay of 3.0 minutes,Prioritize order and review rider allocation
SLA Breach,ORD-000372,HIGH,Delivery delay of 13.2 minutes,Prioritize order and review rider allocation
SLA Breach,ORD-000373,HIGH,Delivery delay of 0.4 minutes,Prioritize order and review rider allocation
SLA Breach,ORD-000374,HIGH,Delivery delay of 3.2 minutes,Prioritize order and review rider allocation
SLA Breach,ORD-000375,HIGH,Delivery delay of 8.8 minutes,Prioritize order and review rider allocation
SLA Breach,ORD-000377,HIGH,Delivery delay of 18.3 minutes,Prioritize order and review rider allocation
SLA Breach,ORD-000378,HIGH,Delivery delay of 3.3 minutes,Prioritize order and review rider allocation
SLA Breach,ORD-000379,HIGH,Delivery delay of 9.9 minutes,Prioritize order and review rider allocation
SLA Breach,ORD-000380,HIGH,Delivery delay of 2.5 minutes,Prioritize order and review rider allocation
SLA Breach,ORD-000381,HIGH,Delivery delay of 4.7 minutes,Prioritize order and review rider allocation
SLA Breach,ORD-000382,HIGH,Delivery delay of 11.0 minutes,Prioritize order and review rider allocation
SLA Breach,ORD-000383,HIGH,Delivery delay of 7.9 minutes,Prioritize order and review rider allocation
SLA Breach,ORD-000384,HIGH,Delivery delay of 5.8 minutes,Prioritize order and review rider allocation
SLA Breach,ORD-000385,HIGH,Delivery delay of 2.4 minutes,Prioritize order and review rider allocation
SLA Breach,ORD-000386,HIGH,Delivery delay of 4.6 minutes,Prioritize order and review rider allocation
SLA Breach,ORD-000387,HIGH,Delivery delay of 4.1 minutes,Prioritize order and review rider allocation
SLA Breach,ORD-000388,HIGH,Delivery delay of 8.3 minutes,Prioritize order and review rider allocation
SLA Breach,ORD-000389,HIGH,Delivery delay of 7.9 minutes,Prioritize order and review rider allocation
SLA Breach,ORD-000390,HIGH,Delivery delay of 4.7 minutes,Prioritize order and review rider allocation
SLA Breach,ORD-000391,HIGH,Delivery delay of 13.1 minutes,Prioritize order and review rider allocation
SLA Breach,ORD-000392,HIGH,Delivery delay of 0.5 minutes,Prioritize order and review rider allocation
SLA Breach,ORD-000393,HIGH,Delivery delay of 13.9 minutes,Prioritize order and review rider allocation
SLA Breach,ORD-000394,HIGH,Delivery delay of 1.9 minutes,Prioritize order and review rider allocation
SLA Breach,ORD-000395,HIGH,Delivery delay of 12.0 minutes,Prioritize order and review rider allocation
SLA Breach,ORD-000396,HIGH,Delivery delay of 5.6 minutes,Prioritize order and review rider allocation
SLA Breach,ORD-000397,HIGH,Delivery delay of 10.3 minutes,Prioritize order and review rider allocation
SLA Breach,ORD-000398,HIGH,Delivery delay of 8.2 minutes,Prioritize order and review rider allocation
SLA Breach,ORD-000399,HIGH,Delivery delay of 3.3 minutes,Prioritize order and review rider allocation
SLA Breach,ORD-000400,HIGH,Delivery delay of 4.3 minutes,Prioritize order and review rider allocation
SLA Breach,ORD-000403,HIGH,Delivery delay of 5.2 minutes,Prioritize order and review rider allocation
SLA Breach,ORD-000404,HIGH,Delivery delay of 6.2 minutes,Prioritize order and review rider allocation
SLA Breach,ORD-000405,HIGH,Delivery delay of 0.4 minutes,Prioritize order and review rider allocation
SLA Breach,ORD-000406,HIGH,Delivery delay of 1.1 minutes,Prioritize order and review rider allocation
SLA Breach,ORD-000407,HIGH,Delivery delay of 2.1 minutes,Prioritize order and review rider allocation
SLA Breach,ORD-000408,HIGH,Delivery delay of 0.9 minutes,Prioritize order and review rider allocation
SLA Breach,ORD-000409,HIGH,Delivery delay of 1.8 minutes,Prioritize order and review rider allocation
SLA Breach,ORD-000410,HIGH,Delivery delay of 4.2 minutes,Prioritize order and review rider allocation
SLA Breach,ORD-000411,HIGH,Delivery delay of 13.7 minutes,Prioritize order and review rider allocation
SLA Breach,ORD-000412,HIGH,Delivery delay of 2.6 minutes,Prioritize order and review rider allocation
SLA Breach,ORD-000413,HIGH,Delivery delay of 2.7 minutes,Prioritize order and review rider allocation
SLA Breach,ORD-000414,HIGH,Delivery delay of 19.2 minutes,Prioritize order and review rider allocation
SLA Breach,ORD-000415,HIGH,Delivery delay of 17.1 minutes,Prioritize order and review rider allocation
SLA Breach,ORD-000417,HIGH,Delivery delay of 16.0 minutes,Prioritize order and review rider allocation
SLA Breach,ORD-000419,HIGH,Delivery delay of 3.4 minutes,Prioritize order and review rider allocation
SLA Breach,ORD-000420,HIGH,Delivery delay of 0.4 minutes,Prioritize order and review rider allocation
SLA Breach,ORD-000421,HIGH,Delivery delay of 9.5 minutes,Prioritize order and review rider allocation
SLA Breach,ORD-000422,HIGH,Delivery delay of 6.3 minutes,Prioritize order and review rider allocation
SLA Breach,ORD-000423,HIGH,Delivery delay of 6.7 minutes,Prioritize order and review rider allocation
SLA Breach,ORD-000424,HIGH,Delivery delay of 2.7 minutes,Prioritize order and review rider allocation
SLA Breach,ORD-000425,HIGH,Delivery delay of 4.8 minutes,Prioritize order and review rider allocation
SLA Breach,ORD-000426,HIGH,Delivery delay of 9.3 minutes,Prioritize order and review rider allocation
SLA Breach,ORD-000427,HIGH,Delivery delay of 9.3 minutes,Prioritize order and review rider allocation
SLA Breach,ORD-000428,HIGH,Delivery delay of 6.1 minutes,Prioritize order and review rider allocation
SLA Breach,ORD-000429,HIGH,Delivery delay of 10.2 minutes,Prioritize order and review rider allocation
SLA Breach,ORD-000430,HIGH,Delivery delay of 6.0 minutes,Prioritize order and review rider allocation
SLA Breach,ORD-000431,HIGH,Delivery delay of 17.8 minutes,Prioritize order and review rider allocation
SLA Breach,ORD-000432,HIGH,Delivery delay of 1.7 minutes,Prioritize order and review rider allocation
SLA Breach,ORD-000433,HIGH,Delivery delay of 6.6 minutes,Prioritize order and review rider allocation
SLA Breach,ORD-000435,HIGH,Delivery delay of 9.6 minutes,Prioritize order and review rider allocation
SLA Breach,ORD-000437,HIGH,Delivery delay of 9.0 minutes,Prioritize order and review rider allocation
SLA Breach,ORD-000438,HIGH,Delivery delay of 9.9 minutes,Prioritize order and review rider allocation
SLA Breach,ORD-000439,HIGH,Delivery delay of 2.9 minutes,Prioritize order and review rider allocation
SLA Breach,ORD-000440,HIGH,Delivery delay of 14.3 minutes,Prioritize order and review rider allocation
SLA Breach,ORD-000441,HIGH,Delivery delay of 6.5 minutes,Prioritize order and review rider allocation
SLA Breach,ORD-000442,HIGH,Delivery delay of 18.3 minutes,Prioritize order and review rider allocation
SLA Breach,ORD-000443,HIGH,Delivery delay of 11.5 minutes,Prioritize order and review rider allocation
SLA Breach,ORD-000444,HIGH,Delivery delay of 14.2 minutes,Prioritize order and review rider allocation
SLA Breach,ORD-000445,HIGH,Delivery delay of 3.9 minutes,Prioritize order and review rider allocation
SLA Breach,ORD-000446,HIGH,Delivery delay of 6.4 minutes,Prioritize order and review rider allocation
SLA Breach,ORD-000447,HIGH,Delivery delay of 1.4 minutes,Prioritize order and review rider allocation
SLA Breach,ORD-000448,HIGH,Delivery delay of 12.9 minutes,Prioritize order and review rider allocation
SLA Breach,ORD-000449,HIGH,Delivery delay of 14.3 minutes,Prioritize order and review rider allocation
SLA Breach,ORD-000450,HIGH,Delivery delay of 6.7 minutes,Prioritize order and review rider allocation
SLA Breach,ORD-000451,HIGH,Delivery delay of 7.1 minutes,Prioritize order and review rider allocation
SLA Breach,ORD-000452,HIGH,Delivery delay of 16.4 minutes,Prioritize order and review rider allocation
SLA Breach,ORD-000453,HIGH,Delivery delay of 3.2 minutes,Prioritize order and review rider allocation
SLA Breach,ORD-000454,HIGH,Delivery delay of 13.7 minutes,Prioritize order and review rider allocation
SLA Breach,ORD-000456,HIGH,Delivery delay of 13.4 minutes,Prioritize order and review rider allocation
SLA Breach,ORD-000457,HIGH,Delivery delay of 5.1 minutes,Prioritize order and review rider allocation
SLA Breach,ORD-000458,HIGH,Delivery delay of 9.2 minutes,Prioritize order and review rider allocation
SLA Breach,ORD-000459,HIGH,Delivery delay of 14.8 minutes,Prioritize order and review rider allocation
SLA Breach,ORD-000460,HIGH,Delivery delay of 2.9 minutes,Prioritize order and review rider allocation
SLA Breach,ORD-000461,HIGH,Delivery delay of 14.3 minutes,Prioritize order and review rider allocation
SLA Breach,ORD-000463,HIGH,Delivery delay of 2.4 minutes,Prioritize order and review rider allocation
SLA Breach,ORD-000464,HIGH,Delivery delay of 3.8 minutes,Prioritize order and review rider allocation
SLA Breach,ORD-000465,HIGH,Delivery delay of 4.8 minutes,Prioritize order and review rider allocation
SLA Breach,ORD-000466,HIGH,Delivery delay of 0.5 minutes,Prioritize order and review rider allocation
SLA Breach,ORD-000467,HIGH,Delivery delay of 3.4 minutes,Prioritize order and review rider allocation
SLA Breach,ORD-000468,HIGH,Delivery delay of 1.2 minutes,Prioritize order and review rider allocation
SLA Breach,ORD-000469,HIGH,Delivery delay of 1.9 minutes,Prioritize order and review rider allocation
SLA Breach,ORD-000470,HIGH,Delivery delay of 1.3 minutes,Prioritize order and review rider allocation
SLA Breach,ORD-000471,HIGH,Delivery delay of 4.4 minutes,Prioritize order and review rider allocation
SLA Breach,ORD-000472,HIGH,Delivery delay of 15.1 minutes,Prioritize order and review rider allocation
SLA Breach,ORD-000473,HIGH,Delivery delay of 15.1 minutes,Prioritize order and review rider allocation
SLA Breach,ORD-000474,HIGH,Delivery delay of 9.3 minutes,Prioritize order and review rider allocation
SLA Breach,ORD-000476,HIGH,Delivery delay of 12.5 minutes,Prioritize order and review rider allocation
SLA Breach,ORD-000477,HIGH,Delivery delay of 24.3 minutes,Prioritize order and review rider allocation
SLA Breach,ORD-000478,HIGH,Delivery delay of 3.3 minutes,Prioritize order and review rider allocation
SLA Breach,ORD-000479,HIGH,Delivery delay of 2.7 minutes,Prioritize order and review rider allocation
SLA Breach,ORD-000480,HIGH,Delivery delay of 6.6 minutes,Prioritize order and review rider allocation
SLA Breach,ORD-000481,HIGH,Delivery delay of 4.7 minutes,Prioritize order and review rider allocation
SLA Breach,ORD-000482,HIGH,Delivery delay of 7.3 minutes,Prioritize order and review rider allocation
SLA Breach,ORD-000485,HIGH,Delivery delay of 12.8 minutes,Prioritize order and review rider allocation
SLA Breach,ORD-000487,HIGH,Delivery delay of 10.7 minutes,Prioritize order and review rider allocation
SLA Breach,ORD-000488,HIGH,Delivery delay of 5.2 minutes,Prioritize order and review rider allocation
SLA Breach,ORD-000489,HIGH,Delivery delay of 9.0 minutes,Prioritize order and review rider allocation
SLA Breach,ORD-000492,HIGH,Delivery delay of 10.9 minutes,Prioritize order and review rider allocation
SLA Breach,ORD-000493,HIGH,Delivery delay of 3.2 minutes,Prioritize order and review rider allocation
SLA Breach,ORD-000494,HIGH,Delivery delay of 9.8 minutes,Prioritize order and review rider allocation
SLA Breach,ORD-000495,HIGH,Delivery delay of 3.6 minutes,Prioritize order and review rider allocation
SLA Breach,ORD-000496,HIGH,Delivery delay of 16.1 minutes,Prioritize order and review rider allocation
SLA Breach,ORD-000497,HIGH,Delivery delay of 9.5 minutes,Prioritize order and review rider allocation
SLA Breach,ORD-000499,HIGH,Delivery delay of 3.1 minutes,Prioritize order and review rider allocation
SLA Breach,ORD-000500,HIGH,Delivery delay of 8.0 minutes,Prioritize order and review rider allocation
SLA Breach,ORD-000501,HIGH,Delivery delay of 19.5 minutes,Prioritize order and review rider allocation
SLA Breach,ORD-000502,HIGH,Delivery delay of 3.3 minutes,Prioritize order and review rider allocation
SLA Breach,ORD-000504,HIGH,Delivery delay of 9.8 minutes,Prioritize order and review rider allocation
SLA Breach,ORD-000505,HIGH,Delivery delay of 4.4 minutes,Prioritize order and review rider allocation
SLA Breach,ORD-000506,HIGH,Delivery delay of 5.4 minutes,Prioritize order and review rider allocation
SLA Breach,ORD-000507,HIGH,Delivery delay of 21.9 minutes,Prioritize order and review rider allocation
SLA Breach,ORD-000508,HIGH,Delivery delay of 10.1 minutes,Prioritize order and review rider allocation
SLA Breach,ORD-000509,HIGH,Delivery delay of 15.1 minutes,Prioritize order and review rider allocation
SLA Breach,ORD-000510,HIGH,Delivery delay of 17.7 minutes,Prioritize order and review rider allocation
SLA Breach,ORD-000511,HIGH,Delivery delay of 6.3 minutes,Prioritize order and review rider allocation
SLA Breach,ORD-000512,HIGH,Delivery delay of 1.3 minutes,Prioritize order and review rider allocation
SLA Breach,ORD-000513,HIGH,Delivery delay of 5.7 minutes,Prioritize order and review rider allocation
SLA Breach,ORD-000514,HIGH,Delivery delay of 3.2 minutes,Prioritize order and review rider allocation
SLA Breach,ORD-000515,HIGH,Delivery delay of 4.8 minutes,Prioritize order and review rider allocation
SLA Breach,ORD-000516,HIGH,Delivery delay of 4.2 minutes,Prioritize order and review rider allocation
SLA Breach,ORD-000517,HIGH,Delivery delay of 6.8 minutes,Prioritize order and review rider allocation
SLA Breach,ORD-000519,HIGH,Delivery delay of 2.2 minutes,Prioritize order and review rider allocation
SLA Breach,ORD-000520,HIGH,Delivery delay of 9.6 minutes,Prioritize order and review rider allocation
SLA Breach,ORD-000521,HIGH,Delivery delay of 10.8 minutes,Prioritize order and review rider allocation
SLA Breach,ORD-000522,HIGH,Delivery delay of 5.7 minutes,Prioritize order and review rider allocation
SLA Breach,ORD-000523,HIGH,Delivery delay of 4.8 minutes,Prioritize order and review rider allocation
SLA Breach,ORD-000525,HIGH,Delivery delay of 5.9 minutes,Prioritize order and review rider allocation
SLA Breach,ORD-000527,HIGH,Delivery delay of 25.7 minutes,Prioritize order and review rider allocation
SLA Breach,ORD-000529,HIGH,Delivery delay of 3.4 minutes,Prioritize order and review rider allocation
SLA Breach,ORD-000531,HIGH,Delivery delay of 7.2 minutes,Prioritize order and review rider allocation
SLA Breach,ORD-000533,HIGH,Delivery delay of 1.4 minutes,Prioritize order and review rider allocation
SLA Breach,ORD-000534,HIGH,Delivery delay of 11.9 minutes,Prioritize order and review rider allocation
SLA Breach,ORD-000535,HIGH,Delivery delay of 2.4 minutes,Prioritize order and review rider allocation
SLA Breach,ORD-000536,HIGH,Delivery delay of 8.8 minutes,Prioritize order and review rider allocation
SLA Breach,ORD-000537,HIGH,Delivery delay of 10.0 minutes,Prioritize order and review rider allocation
SLA Breach,ORD-000538,HIGH,Delivery delay of 3.1 minutes,Prioritize order and review rider allocation
SLA Breach,ORD-000539,HIGH,Delivery delay of 14.0 minutes,Prioritize order and review rider allocation
SLA Breach,ORD-000540,HIGH,Delivery delay of 5.0 minutes,Prioritize order and review rider allocation
SLA Breach,ORD-000541,HIGH,Delivery delay of 9.2 minutes,Prioritize order and review rider allocation
SLA Breach,ORD-000543,HIGH,Delivery delay of 12.0 minutes,Prioritize order and review rider allocation
SLA Breach,ORD-000544,HIGH,Delivery delay of 4.4 minutes,Prioritize order and review rider allocation
SLA Breach,ORD-000545,HIGH,Delivery delay of 2.7 minutes,Prioritize order and review rider allocation
SLA Breach,ORD-000546,HIGH,Delivery delay of 7.3 minutes,Prioritize order and review rider allocation
SLA Breach,ORD-000547,HIGH,Delivery delay of 14.1 minutes,Prioritize order and review rider allocation
SLA Breach,ORD-000548,HIGH,Delivery delay of 14.0 minutes,Prioritize order and review rider allocation
SLA Breach,ORD-000549,HIGH,Delivery delay of 0.6 minutes,Prioritize order and review rider allocation
SLA Breach,ORD-000550,HIGH,Delivery delay of 11.2 minutes,Prioritize order and review rider allocation
SLA Breach,ORD-000551,HIGH,Delivery delay of 2.9 minutes,Prioritize order and review rider allocation
SLA Breach,ORD-000552,HIGH,Delivery delay of 9.7 minutes,Prioritize order and review rider allocation
SLA Breach,ORD-000553,HIGH,Delivery delay of 18.0 minutes,Prioritize order and review rider allocation
SLA Breach,ORD-000554,HIGH,Delivery delay of 4.1 minutes,Prioritize order and review rider allocation
SLA Breach,ORD-000555,HIGH,Delivery delay of 1.9 minutes,Prioritize order and review rider allocation
SLA Breach,ORD-000557,HIGH,Delivery delay of 10.5 minutes,Prioritize order and review rider allocation
SLA Breach,ORD-000558,HIGH,Delivery delay of 9.6 minutes,Prioritize order and review rider allocation
SLA Breach,ORD-000559,HIGH,Delivery delay of 9.8 minutes,Prioritize order and review rider allocation
SLA Breach,ORD-000560,HIGH,Delivery delay of 11.1 minutes,Prioritize order and review rider allocation
SLA Breach,ORD-000561,HIGH,Delivery delay of 7.5 minutes,Prioritize order and review rider allocation
SLA Breach,ORD-000562,HIGH,Delivery delay of 3.1 minutes,Prioritize order and review rider allocation
SLA Breach,ORD-000563,HIGH,Delivery delay of 3.7 minutes,Prioritize order and review rider allocation
SLA Breach,ORD-000564,HIGH,Delivery delay of 5.7 minutes,Prioritize order and review rider allocation
SLA Breach,ORD-000565,HIGH,Delivery delay of 2.1 minutes,Prioritize order and review rider allocation
SLA Breach,ORD-000566,HIGH,Delivery delay of 3.1 minutes,Prioritize order and review rider allocation
SLA Breach,ORD-000567,HIGH,Delivery delay of 5.4 minutes,Prioritize order and review rider allocation
SLA Breach,ORD-000568,HIGH,Delivery delay of 4.6 minutes,Prioritize order and review rider allocation
SLA Breach,ORD-000569,HIGH,Delivery delay of 7.3 minutes,Prioritize order and review rider allocation
SLA Breach,ORD-000570,HIGH,Delivery delay of 2.2 minutes,Prioritize order and review rider allocation
SLA Breach,ORD-000572,HIGH,Delivery delay of 5.3 minutes,Prioritize order and review rider allocation
SLA Breach,ORD-000573,HIGH,Delivery delay of 5.5 minutes,Prioritize order and review rider allocation
SLA Breach,ORD-000575,HIGH,Delivery delay of 10.2 minutes,Prioritize order and review rider allocation
SLA Breach,ORD-000576,HIGH,Delivery delay of 3.8 minutes,Prioritize order and review rider allocation
SLA Breach,ORD-000577,HIGH,Delivery delay of 4.7 minutes,Prioritize order and review rider allocation
SLA Breach,ORD-000578,HIGH,Delivery delay of 12.9 minutes,Prioritize order and review rider allocation
SLA Breach,ORD-000579,HIGH,Delivery delay of 6.4 minutes,Prioritize order and review rider allocation
SLA Breach,ORD-000580,HIGH,Delivery delay of 9.5 minutes,Prioritize order and review rider allocation
SLA Breach,ORD-000581,HIGH,Delivery delay of 0.3 minutes,Prioritize order and review rider allocation
SLA Breach,ORD-000583,HIGH,Delivery delay of 13.1 minutes,Prioritize order and review rider allocation
SLA Breach,ORD-000584,HIGH,Delivery delay of 8.5 minutes,Prioritize order and review rider allocation
SLA Breach,ORD-000585,HIGH,Delivery delay of 7.8 minutes,Prioritize order and review rider allocation
SLA Breach,ORD-000586,HIGH,Delivery delay of 14.4 minutes,Prioritize order and review rider allocation
SLA Breach,ORD-000587,HIGH,Delivery delay of 6.9 minutes,Prioritize order and review rider allocation
SLA Breach,ORD-000589,HIGH,Delivery delay of 3.6 minutes,Prioritize order and review rider allocation
SLA Breach,ORD-000590,HIGH,Delivery delay of 14.0 minutes,Prioritize order and review rider allocation
SLA Breach,ORD-000591,HIGH,Delivery delay of 19.2 minutes,Prioritize order and review rider allocation
SLA Breach,ORD-000592,HIGH,Delivery delay of 11.2 minutes,Prioritize order and review rider allocation
SLA Breach,ORD-000593,HIGH,Delivery delay of 9.2 minutes,Prioritize order and review rider allocation
SLA Breach,ORD-000594,HIGH,Delivery delay of 8.7 minutes,Prioritize order and review rider allocation
SLA Breach,ORD-000595,HIGH,Delivery delay of 11.0 minutes,Prioritize order and review rider allocation
SLA Breach,ORD-000597,HIGH,Delivery delay of 6.2 minutes,Prioritize order and review rider allocation
SLA Breach,ORD-000598,HIGH,Delivery delay of 10.9 minutes,Prioritize order and review rider allocation
SLA Breach,ORD-000599,HIGH,Delivery delay of 19.8 minutes,Prioritize order and review rider allocation
SLA Breach,ORD-000600,HIGH,Delivery delay of 4.9 minutes,Prioritize order and review rider allocation
SLA Breach,ORD-000601,HIGH,Delivery delay of 8.9 minutes,Prioritize order and review rider allocation
SLA Breach,ORD-000602,HIGH,Delivery delay of 8.0 minutes,Prioritize order and review rider allocation
SLA Breach,ORD-000604,HIGH,Delivery delay of 5.0 minutes,Prioritize order and review rider allocation
SLA Breach,ORD-000605,HIGH,Delivery delay of 9.1 minutes,Prioritize order and review rider allocation
SLA Breach,ORD-000606,HIGH,Delivery delay of 5.4 minutes,Prioritize order and review rider allocation
SLA Breach,ORD-000607,HIGH,Delivery delay of 8.8 minutes,Prioritize order and review rider allocation
SLA Breach,ORD-000608,HIGH,Delivery delay of 9.2 minutes,Prioritize order and review rider allocation
SLA Breach,ORD-000609,HIGH,Delivery delay of 3.1 minutes,Prioritize order and review rider allocation
SLA Breach,ORD-000610,HIGH,Delivery delay of 12.5 minutes,Prioritize order and review rider allocation
SLA Breach,ORD-000611,HIGH,Delivery delay of 5.1 minutes,Prioritize order and review rider allocation
SLA Breach,ORD-000612,HIGH,Delivery delay of 16.6 minutes,Prioritize order and review rider allocation
SLA Breach,ORD-000613,HIGH,Delivery delay of 3.3 minutes,Prioritize order and review rider allocation
SLA Breach,ORD-000614,HIGH,Delivery delay of 4.3 minutes,Prioritize order and review rider allocation
SLA Breach,ORD-000615,HIGH,Delivery delay of 12.3 minutes,Prioritize order and review rider allocation
SLA Breach,ORD-000616,HIGH,Delivery delay of 1.8 minutes,Prioritize order and review rider allocation
SLA Breach,ORD-000617,HIGH,Delivery delay of 3.8 minutes,Prioritize order and review rider allocation
SLA Breach,ORD-000618,HIGH,Delivery delay of 1.0 minutes,Prioritize order and review rider allocation
SLA Breach,ORD-000620,HIGH,Delivery delay of 9.0 minutes,Prioritize order and review rider allocation
SLA Breach,ORD-000621,HIGH,Delivery delay of 5.7 minutes,Prioritize order and review rider allocation
SLA Breach,ORD-000622,HIGH,Delivery delay of 24.5 minutes,Prioritize order and review rider allocation
SLA Breach,ORD-000623,HIGH,Delivery delay of 1.9 minutes,Prioritize order and review rider allocation
SLA Breach,ORD-000624,HIGH,Delivery delay of 13.0 minutes,Prioritize order and review rider allocation
SLA Breach,ORD-000625,HIGH,Delivery delay of 6.5 minutes,Prioritize order and review rider allocation
SLA Breach,ORD-000626,HIGH,Delivery delay of 23.4 minutes,Prioritize order and review rider allocation
SLA Breach,ORD-000627,HIGH,Delivery delay of 0.2 minutes,Prioritize order and review rider allocation
SLA Breach,ORD-000628,HIGH,Delivery delay of 4.5 minutes,Prioritize order and review rider allocation
SLA Breach,ORD-000629,HIGH,Delivery delay of 12.4 minutes,Prioritize order and review rider allocation
SLA Breach,ORD-000630,HIGH,Delivery delay of 5.6 minutes,Prioritize order and review rider allocation
SLA Breach,ORD-000631,HIGH,Delivery delay of 2.8 minutes,Prioritize order and review rider allocation
SLA Breach,ORD-000632,HIGH,Delivery delay of 11.4 minutes,Prioritize order and review rider allocation
SLA Breach,ORD-000633,HIGH,Delivery delay of 1.5 minutes,Prioritize order and review rider allocation
SLA Breach,ORD-000634,HIGH,Delivery delay of 13.5 minutes,Prioritize order and review rider allocation
SLA Breach,ORD-000635,HIGH,Delivery delay of 4.0 minutes,Prioritize order and review rider allocation
SLA Breach,ORD-000636,HIGH,Delivery delay of 14.1 minutes,Prioritize order and review rider allocation
SLA Breach,ORD-000637,HIGH,Delivery delay of 10.9 minutes,Prioritize order and review rider allocation
SLA Breach,ORD-000639,HIGH,Delivery delay of 2.0 minutes,Prioritize order and review rider allocation
SLA Breach,ORD-000640,HIGH,Delivery delay of 5.6 minutes,Prioritize order and review rider allocation
SLA Breach,ORD-000641,HIGH,Delivery delay of 9.4 minutes,Prioritize order and review rider allocation
SLA Breach,ORD-000642,HIGH,Delivery delay of 2.3 minutes,Prioritize order and review rider allocation
SLA Breach,ORD-000643,HIGH,Delivery delay of 8.5 minutes,Prioritize order and review rider allocation
SLA Breach,ORD-000644,HIGH,Delivery delay of 4.8 minutes,Prioritize order and review rider allocation
SLA Breach,ORD-000645,HIGH,Delivery delay of 6.6 minutes,Prioritize order and review rider allocation
SLA Breach,ORD-000646,HIGH,Delivery delay of 5.8 minutes,Prioritize order and review rider allocation
SLA Breach,ORD-000647,HIGH,Delivery delay of 3.1 minutes,Prioritize order and review rider allocation
SLA Breach,ORD-000648,HIGH,Delivery delay of 13.0 minutes,Prioritize order and review rider allocation
SLA Breach,ORD-000649,HIGH,Delivery delay of 1.5 minutes,Prioritize order and review rider allocation
SLA Breach,ORD-000650,HIGH,Delivery delay of 3.4 minutes,Prioritize order and review rider allocation
SLA Breach,ORD-000652,HIGH,Delivery delay of 9.0 minutes,Prioritize order and review rider allocation
SLA Breach,ORD-000653,HIGH,Delivery delay of 9.6 minutes,Prioritize order and review rider allocation
SLA Breach,ORD-000654,HIGH,Delivery delay of 0.8 minutes,Prioritize order and review rider allocation
SLA Breach,ORD-000655,HIGH,Delivery delay of 14.2 minutes,Prioritize order and review rider allocation
SLA Breach,ORD-000656,HIGH,Delivery delay of 17.0 minutes,Prioritize order and review rider allocation
SLA Breach,ORD-000657,HIGH,Delivery delay of 9.9 minutes,Prioritize order and review rider allocation
SLA Breach,ORD-000658,HIGH,Delivery delay of 2.6 minutes,Prioritize order and review rider allocation
SLA Breach,ORD-000659,HIGH,Delivery delay of 5.0 minutes,Prioritize order and review rider allocation
SLA Breach,ORD-000660,HIGH,Delivery delay of 1.2 minutes,Prioritize order and review rider allocation
SLA Breach,ORD-000661,HIGH,Delivery delay of 8.5 minutes,Prioritize order and review rider allocation
SLA Breach,ORD-000662,HIGH,Delivery delay of 6.6 minutes,Prioritize order and review rider allocation
SLA Breach,ORD-000663,HIGH,Delivery delay of 11.9 minutes,Prioritize order and review rider allocation
SLA Breach,ORD-000664,HIGH,Delivery delay of 3.2 minutes,Prioritize order and review rider allocation
SLA Breach,ORD-000665,HIGH,Delivery delay of 12.5 minutes,Prioritize order and review rider allocation
SLA Breach,ORD-000666,HIGH,Delivery delay of 8.0 minutes,Prioritize order and review rider allocation
SLA Breach,ORD-000667,HIGH,Delivery delay of 8.5 minutes,Prioritize order and review rider allocation
SLA Breach,ORD-000669,HIGH,Delivery delay of 11.9 minutes,Prioritize order and review rider allocation
SLA Breach,ORD-000671,HIGH,Delivery delay of 10.5 minutes,Prioritize order and review rider allocation
SLA Breach,ORD-000672,HIGH,Delivery delay of 2.1 minutes,Prioritize order and review rider allocation
SLA Breach,ORD-000674,HIGH,Delivery delay of 1.2 minutes,Prioritize order and review rider allocation
SLA Breach,ORD-000675,HIGH,Delivery delay of 7.5 minutes,Prioritize order and review rider allocation
SLA Breach,ORD-000676,HIGH,Delivery delay of 10.3 minutes,Prioritize order and review rider allocation
SLA Breach,ORD-000677,HIGH,Delivery delay of 6.2 minutes,Prioritize order and review rider allocation
SLA Breach,ORD-000678,HIGH,Delivery delay of 15.7 minutes,Prioritize order and review rider allocation
SLA Breach,ORD-000679,HIGH,Delivery delay of 7.6 minutes,Prioritize order and review rider allocation
SLA Breach,ORD-000680,HIGH,Delivery delay of 5.7 minutes,Prioritize order and review rider allocation
SLA Breach,ORD-000681,HIGH,Delivery delay of 16.8 minutes,Prioritize order and review rider allocation
SLA Breach,ORD-000682,HIGH,Delivery delay of 14.0 minutes,Prioritize order and review rider allocation
SLA Breach,ORD-000683,HIGH,Delivery delay of 3.6 minutes,Prioritize order and review rider allocation
SLA Breach,ORD-000684,HIGH,Delivery delay of 2.8 minutes,Prioritize order and review rider allocation
SLA Breach,ORD-000685,HIGH,Delivery delay of 10.3 minutes,Prioritize order and review rider allocation
SLA Breach,ORD-000686,HIGH,Delivery delay of 12.0 minutes,Prioritize order and review rider allocation
SLA Breach,ORD-000687,HIGH,Delivery delay of 4.0 minutes,Prioritize order and review rider allocation
SLA Breach,ORD-000688,HIGH,Delivery delay of 5.5 minutes,Prioritize order and review rider allocation
SLA Breach,ORD-000689,HIGH,Delivery delay of 3.0 minutes,Prioritize order and review rider allocation
SLA Breach,ORD-000690,HIGH,Delivery delay of 3.9 minutes,Prioritize order and review rider allocation
SLA Breach,ORD-000691,HIGH,Delivery delay of 3.5 minutes,Prioritize order and review rider allocation
SLA Breach,ORD-000692,HIGH,Delivery delay of 9.4 minutes,Prioritize order and review rider allocation
SLA Breach,ORD-000693,HIGH,Delivery delay of 7.9 minutes,Prioritize order and review rider allocation
SLA Breach,ORD-000694,HIGH,Delivery delay of 9.5 minutes,Prioritize order and review rider allocation
SLA Breach,ORD-000696,HIGH,Delivery delay of 6.0 minutes,Prioritize order and review rider allocation
SLA Breach,ORD-000697,HIGH,Delivery delay of 3.5 minutes,Prioritize order and review rider allocation
SLA Breach,ORD-000698,HIGH,Delivery delay of 6.3 minutes,Prioritize order and review rider allocation
SLA Breach,ORD-000699,HIGH,Delivery delay of 3.5 minutes,Prioritize order and review rider allocation
SLA Breach,ORD-000700,HIGH,Delivery delay of 1.7 minutes,Prioritize order and review rider allocation
SLA Breach,ORD-000701,HIGH,Delivery delay of 0.7 minutes,Prioritize order and review rider allocation
SLA Breach,ORD-000702,HIGH,Delivery delay of 2.3 minutes,Prioritize order and review rider allocation
SLA Breach,ORD-000703,HIGH,Delivery delay of 13.4 minutes,Prioritize order and review rider allocation
SLA Breach,ORD-000704,HIGH,Delivery delay of 3.9 minutes,Prioritize order and review rider allocation
SLA Breach,ORD-000705,HIGH,Delivery delay of 20.5 minutes,Prioritize order and review rider allocation
SLA Breach,ORD-000707,HIGH,Delivery delay of 14.8 minutes,Prioritize order and review rider allocation
SLA Breach,ORD-000708,HIGH,Delivery delay of 1.8 minutes,Prioritize order and review rider allocation
SLA Breach,ORD-000709,HIGH,Delivery delay of 9.4 minutes,Prioritize order and review rider allocation
SLA Breach,ORD-000710,HIGH,Delivery delay of 15.5 minutes,Prioritize order and review rider allocation
SLA Breach,ORD-000711,HIGH,Delivery delay of 8.9 minutes,Prioritize order and review rider allocation
SLA Breach,ORD-000712,HIGH,Delivery delay of 7.3 minutes,Prioritize order and review rider allocation
SLA Breach,ORD-000713,HIGH,Delivery delay of 6.7 minutes,Prioritize order and review rider allocation
SLA Breach,ORD-000714,HIGH,Delivery delay of 2.6 minutes,Prioritize order and review rider allocation
SLA Breach,ORD-000715,HIGH,Delivery delay of 1.2 minutes,Prioritize order and review rider allocation
SLA Breach,ORD-000716,HIGH,Delivery delay of 1.8 minutes,Prioritize order and review rider allocation
SLA Breach,ORD-000717,HIGH,Delivery delay of 1.7 minutes,Prioritize order and review rider allocation
SLA Breach,ORD-000718,HIGH,Delivery delay of 7.2 minutes,Prioritize order and review rider allocation
SLA Breach,ORD-000719,HIGH,Delivery delay of 7.2 minutes,Prioritize order and review rider allocation
SLA Breach,ORD-000720,HIGH,Delivery delay of 3.6 minutes,Prioritize order and review rider allocation
SLA Breach,ORD-000721,HIGH,Delivery delay of 4.8 minutes,Prioritize order and review rider allocation
SLA Breach,ORD-000722,HIGH,Delivery delay of 6.0 minutes,Prioritize order and review rider allocation
SLA Breach,ORD-000723,HIGH,Delivery delay of 2.2 minutes,Prioritize order and review rider allocation
SLA Breach,ORD-000724,HIGH,Delivery delay of 6.6 minutes,Prioritize order and review rider allocation
SLA Breach,ORD-000725,HIGH,Delivery delay of 2.4 minutes,Prioritize order and review rider allocation
SLA Breach,ORD-000727,HIGH,Delivery delay of 5.0 minutes,Prioritize order and review rider allocation
SLA Breach,ORD-000728,HIGH,Delivery delay of 4.2 minutes,Prioritize order and review rider allocation
SLA Breach,ORD-000729,HIGH,Delivery delay of 2.6 minutes,Prioritize order and review rider allocation
SLA Breach,ORD-000730,HIGH,Delivery delay of 2.3 minutes,Prioritize order and review rider allocation
SLA Breach,ORD-000731,HIGH,Delivery delay of 1.5 minutes,Prioritize order and review rider allocation
SLA Breach,ORD-000732,HIGH,Delivery delay of 11.0 minutes,Prioritize order and review rider allocation
SLA Breach,ORD-000733,HIGH,Delivery delay of 4.0 minutes,Prioritize order and review rider allocation
SLA Breach,ORD-000734,HIGH,Delivery delay of 1.7 minutes,Prioritize order and review rider allocation
SLA Breach,ORD-000735,HIGH,Delivery delay of 9.6 minutes,Prioritize order and review rider allocation
SLA Breach,ORD-000736,HIGH,Delivery delay of 3.8 minutes,Prioritize order and review rider allocation
SLA Breach,ORD-000738,HIGH,Delivery delay of 9.0 minutes,Prioritize order and review rider allocation
SLA Breach,ORD-000739,HIGH,Delivery delay of 3.9 minutes,Prioritize order and review rider allocation
SLA Breach,ORD-000740,HIGH,Delivery delay of 11.6 minutes,Prioritize order and review rider allocation
SLA Breach,ORD-000741,HIGH,Delivery delay of 7.4 minutes,Prioritize order and review rider allocation
SLA Breach,ORD-000742,HIGH,Delivery delay of 4.7 minutes,Prioritize order and review rider allocation
SLA Breach,ORD-000743,HIGH,Delivery delay of 9.2 minutes,Prioritize order and review rider allocation
SLA Breach,ORD-000744,HIGH,Delivery delay of 2.8 minutes,Prioritize order and review rider allocation
SLA Breach,ORD-000745,HIGH,Delivery delay of 2.8 minutes,Prioritize order and review rider allocation
SLA Breach,ORD-000746,HIGH,Delivery delay of 9.0 minutes,Prioritize order and review rider allocation
SLA Breach,ORD-000747,HIGH,Delivery delay of 8.7 minutes,Prioritize order and review rider allocation
SLA Breach,ORD-000748,HIGH,Delivery delay of 3.5 minutes,Prioritize order and review rider allocation
SLA Breach,ORD-000749,HIGH,Delivery delay of 3.0 minutes,Prioritize order and review rider allocation
SLA Breach,ORD-000750,HIGH,Delivery delay of 2.1 minutes,Prioritize order and review rider allocation
SLA Breach,ORD-000751,HIGH,Delivery delay of 6.4 minutes,Prioritize order and review rider allocation
SLA Breach,ORD-000752,HIGH,Delivery delay of 1.5 minutes,Prioritize order and review rider allocation
SLA Breach,ORD-000753,HIGH,Delivery delay of 3.0 minutes,Prioritize order and review rider allocation
SLA Breach,ORD-000754,HIGH,Delivery delay of 4.0 minutes,Prioritize order and review rider allocation
SLA Breach,ORD-000755,HIGH,Delivery delay of 3.6 minutes,Prioritize order and review rider allocation
SLA Breach,ORD-000756,HIGH,Delivery delay of 13.3 minutes,Prioritize order and review rider allocation
SLA Breach,ORD-000757,HIGH,Delivery delay of 5.9 minutes,Prioritize order and review rider allocation
SLA Breach,ORD-000758,HIGH,Delivery delay of 2.1 minutes,Prioritize order and review rider allocation
SLA Breach,ORD-000760,HIGH,Delivery delay of 10.7 minutes,Prioritize order and review rider allocation
SLA Breach,ORD-000761,HIGH,Delivery delay of 3.1 minutes,Prioritize order and review rider allocation
SLA Breach,ORD-000762,HIGH,Delivery delay of 6.7 minutes,Prioritize order and review rider allocation
SLA Breach,ORD-000763,HIGH,Delivery delay of 6.7 minutes,Prioritize order and review rider allocation
SLA Breach,ORD-000764,HIGH,Delivery delay of 11.5 minutes,Prioritize order and review rider allocation
SLA Breach,ORD-000765,HIGH,Delivery delay of 6.5 minutes,Prioritize order and review rider allocation
SLA Breach,ORD-000766,HIGH,Delivery delay of 2.6 minutes,Prioritize order and review rider allocation
SLA Breach,ORD-000767,HIGH,Delivery delay of 10.5 minutes,Prioritize order and review rider allocation
SLA Breach,ORD-000768,HIGH,Delivery delay of 0.6 minutes,Prioritize order and review rider allocation
SLA Breach,ORD-000769,HIGH,Delivery delay of 1.3 minutes,Prioritize order and review rider allocation
SLA Breach,ORD-000770,HIGH,Delivery delay of 16.0 minutes,Prioritize order and review rider allocation
SLA Breach,ORD-000771,HIGH,Delivery delay of 0.9 minutes,Prioritize order and review rider allocation
SLA Breach,ORD-000772,HIGH,Delivery delay of 11.4 minutes,Prioritize order and review rider allocation
SLA Breach,ORD-000773,HIGH,Delivery delay of 8.0 minutes,Prioritize order and review rider allocation
SLA Breach,ORD-000774,HIGH,Delivery delay of 14.0 minutes,Prioritize order and review rider allocation
SLA Breach,ORD-000776,HIGH,Delivery delay of 14.0 minutes,Prioritize order and review rider allocation
SLA Breach,ORD-000778,HIGH,Delivery delay of 3.5 minutes,Prioritize order and review rider allocation
SLA Breach,ORD-000779,HIGH,Delivery delay of 8.1 minutes,Prioritize order and review rider allocation
SLA Breach,ORD-000781,HIGH,Delivery delay of 0.4 minutes,Prioritize order and review rider allocation
SLA Breach,ORD-000782,HIGH,Delivery delay of 9.2 minutes,Prioritize order and review rider allocation
SLA Breach,ORD-000783,HIGH,Delivery delay of 15.0 minutes,Prioritize order and review rider allocation
SLA Breach,ORD-000784,HIGH,Delivery delay of 7.1 minutes,Prioritize order and review rider allocation
SLA Breach,ORD-000787,HIGH,Delivery delay of 1.3 minutes,Prioritize order and review rider allocation
SLA Breach,ORD-000788,HIGH,Delivery delay of 16.6 minutes,Prioritize order and review rider allocation
SLA Breach,ORD-000789,HIGH,Delivery delay of 14.9 minutes,Prioritize order and review rider allocation
SLA Breach,ORD-000790,HIGH,Delivery delay of 19.9 minutes,Prioritize order and review rider allocation
SLA Breach,ORD-000792,HIGH,Delivery delay of 17.5 minutes,Prioritize order and review rider allocation
SLA Breach,ORD-000793,HIGH,Delivery delay of 7.7 minutes,Prioritize order and review rider allocation
SLA Breach,ORD-000795,HIGH,Delivery delay of 8.8 minutes,Prioritize order and review rider allocation
SLA Breach,ORD-000796,HIGH,Delivery delay of 7.7 minutes,Prioritize order and review rider allocation
SLA Breach,ORD-000797,HIGH,Delivery delay of 11.7 minutes,Prioritize order and review rider allocation
SLA Breach,ORD-000798,HIGH,Delivery delay of 7.9 minutes,Prioritize order and review rider allocation
SLA Breach,ORD-000799,HIGH,Delivery delay of 8.6 minutes,Prioritize order and review rider allocation
SLA Breach,ORD-000801,HIGH,Delivery delay of 4.6 minutes,Prioritize order and review rider allocation
SLA Breach,ORD-000802,HIGH,Delivery delay of 3.4 minutes,Prioritize order and review rider allocation
SLA Breach,ORD-000803,HIGH,Delivery delay of 10.7 minutes,Prioritize order and review rider allocation
SLA Breach,ORD-000805,HIGH,Delivery delay of 9.1 minutes,Prioritize order and review rider allocation
SLA Breach,ORD-000806,HIGH,Delivery delay of 6.1 minutes,Prioritize order and review rider allocation
SLA Breach,ORD-000807,HIGH,Delivery delay of 3.3 minutes,Prioritize order and review rider allocation
SLA Breach,ORD-000808,HIGH,Delivery delay of 9.5 minutes,Prioritize order and review rider allocation
SLA Breach,ORD-000809,HIGH,Delivery delay of 9.2 minutes,Prioritize order and review rider allocation
SLA Breach,ORD-000811,HIGH,Delivery delay of 6.3 minutes,Prioritize order and review rider allocation
SLA Breach,ORD-000812,HIGH,Delivery delay of 5.2 minutes,Prioritize order and review rider allocation
SLA Breach,ORD-000813,HIGH,Delivery delay of 11.6 minutes,Prioritize order and review rider allocation
SLA Breach,ORD-000815,HIGH,Delivery delay of 2.1 minutes,Prioritize order and review rider allocation
SLA Breach,ORD-000817,HIGH,Delivery delay of 7.0 minutes,Prioritize order and review rider allocation
SLA Breach,ORD-000818,HIGH,Delivery delay of 6.6 minutes,Prioritize order and review rider allocation
SLA Breach,ORD-000819,HIGH,Delivery delay of 8.9 minutes,Prioritize order and review rider allocation
SLA Breach,ORD-000820,HIGH,Delivery delay of 18.3 minutes,Prioritize order and review rider allocation
SLA Breach,ORD-000821,HIGH,Delivery delay of 10.2 minutes,Prioritize order and review rider allocation
SLA Breach,ORD-000822,HIGH,Delivery delay of 6.7 minutes,Prioritize order and review rider allocation
SLA Breach,ORD-000823,HIGH,Delivery delay of 3.5 minutes,Prioritize order and review rider allocation
SLA Breach,ORD-000824,HIGH,Delivery delay of 3.5 minutes,Prioritize order and review rider allocation
SLA Breach,ORD-000825,HIGH,Delivery delay of 3.2 minutes,Prioritize order and review rider allocation
SLA Breach,ORD-000826,HIGH,Delivery delay of 4.8 minutes,Prioritize order and review rider allocation
SLA Breach,ORD-000827,HIGH,Delivery delay of 7.4 minutes,Prioritize order and review rider allocation
SLA Breach,ORD-000828,HIGH,Delivery delay of 8.4 minutes,Prioritize order and review rider allocation
SLA Breach,ORD-000829,HIGH,Delivery delay of 14.8 minutes,Prioritize order and review rider allocation
SLA Breach,ORD-000830,HIGH,Delivery delay of 4.8 minutes,Prioritize order and review rider allocation
SLA Breach,ORD-000831,HIGH,Delivery delay of 14.3 minutes,Prioritize order and review rider allocation
SLA Breach,ORD-000832,HIGH,Delivery delay of 7.9 minutes,Prioritize order and review rider allocation
SLA Breach,ORD-000833,HIGH,Delivery delay of 8.2 minutes,Prioritize order and review rider allocation
SLA Breach,ORD-000834,HIGH,Delivery delay of 3.8 minutes,Prioritize order and review rider allocation
SLA Breach,ORD-000835,HIGH,Delivery delay of 17.0 minutes,Prioritize order and review rider allocation
SLA Breach,ORD-000836,HIGH,Delivery delay of 5.3 minutes,Prioritize order and review rider allocation
SLA Breach,ORD-000837,HIGH,Delivery delay of 27.3 minutes,Prioritize order and review rider allocation
SLA Breach,ORD-000839,HIGH,Delivery delay of 1.6 minutes,Prioritize order and review rider allocation
SLA Breach,ORD-000840,HIGH,Delivery delay of 5.4 minutes,Prioritize order and review rider allocation
SLA Breach,ORD-000842,HIGH,Delivery delay of 7.2 minutes,Prioritize order and review rider allocation
SLA Breach,ORD-000843,HIGH,Delivery delay of 15.1 minutes,Prioritize order and review rider allocation
SLA Breach,ORD-000844,HIGH,Delivery delay of 10.4 minutes,Prioritize order and review rider allocation
SLA Breach,ORD-000846,HIGH,Delivery delay of 0.9 minutes,Prioritize order and review rider allocation
SLA Breach,ORD-000847,HIGH,Delivery delay of 14.2 minutes,Prioritize order and review rider allocation
SLA Breach,ORD-000848,HIGH,Delivery delay of 7.1 minutes,Prioritize order and review rider allocation
SLA Breach,ORD-000850,HIGH,Delivery delay of 12.6 minutes,Prioritize order and review rider allocation
SLA Breach,ORD-000851,HIGH,Delivery delay of 6.3 minutes,Prioritize order and review rider allocation
SLA Breach,ORD-000852,HIGH,Delivery delay of 1.9 minutes,Prioritize order and review rider allocation
SLA Breach,ORD-000853,HIGH,Delivery delay of 9.3 minutes,Prioritize order and review rider allocation
SLA Breach,ORD-000854,HIGH,Delivery delay of 5.8 minutes,Prioritize order and review rider allocation
SLA Breach,ORD-000855,HIGH,Delivery delay of 2.7 minutes,Prioritize order and review rider allocation
SLA Breach,ORD-000856,HIGH,Delivery delay of 19.3 minutes,Prioritize order and review rider allocation
SLA Breach,ORD-000857,HIGH,Delivery delay of 5.8 minutes,Prioritize order and review rider allocation
SLA Breach,ORD-000858,HIGH,Delivery delay of 0.6 minutes,Prioritize order and review rider allocation
SLA Breach,ORD-000859,HIGH,Delivery delay of 7.8 minutes,Prioritize order and review rider allocation
SLA Breach,ORD-000860,HIGH,Delivery delay of 9.5 minutes,Prioritize order and review rider allocation
SLA Breach,ORD-000861,HIGH,Delivery delay of 7.5 minutes,Prioritize order and review rider allocation
SLA Breach,ORD-000862,HIGH,Delivery delay of 5.5 minutes,Prioritize order and review rider allocation
SLA Breach,ORD-000863,HIGH,Delivery delay of 6.4 minutes,Prioritize order and review rider allocation
SLA Breach,ORD-000864,HIGH,Delivery delay of 6.7 minutes,Prioritize order and review rider allocation
SLA Breach,ORD-000865,HIGH,Delivery delay of 9.9 minutes,Prioritize order and review rider allocation
SLA Breach,ORD-000866,HIGH,Delivery delay of 3.6 minutes,Prioritize order and review rider allocation
SLA Breach,ORD-000867,HIGH,Delivery delay of 2.1 minutes,Prioritize order and review rider allocation
SLA Breach,ORD-000868,HIGH,Delivery delay of 2.2 minutes,Prioritize order and review rider allocation
SLA Breach,ORD-000869,HIGH,Delivery delay of 9.2 minutes,Prioritize order and review rider allocation
SLA Breach,ORD-000870,HIGH,Delivery delay of 0.4 minutes,Prioritize order and review rider allocation
SLA Breach,ORD-000871,HIGH,Delivery delay of 13.9 minutes,Prioritize order and review rider allocation
SLA Breach,ORD-000872,HIGH,Delivery delay of 6.9 minutes,Prioritize order and review rider allocation
SLA Breach,ORD-000873,HIGH,Delivery delay of 5.3 minutes,Prioritize order and review rider allocation
SLA Breach,ORD-000874,HIGH,Delivery delay of 3.2 minutes,Prioritize order and review rider allocation
SLA Breach,ORD-000875,HIGH,Delivery delay of 8.0 minutes,Prioritize order and review rider allocation
SLA Breach,ORD-000876,HIGH,Delivery delay of 7.5 minutes,Prioritize order and review rider allocation
SLA Breach,ORD-000877,HIGH,Delivery delay of 9.6 minutes,Prioritize order and review rider allocation
SLA Breach,ORD-000878,HIGH,Delivery delay of 6.0 minutes,Prioritize order and review rider allocation
SLA Breach,ORD-000879,HIGH,Delivery delay of 2.4 minutes,Prioritize order and review rider allocation
SLA Breach,ORD-000880,HIGH,Delivery delay of 10.5 minutes,Prioritize order and review rider allocation
SLA Breach,ORD-000881,HIGH,Delivery delay of 4.9 minutes,Prioritize order and review rider allocation
SLA Breach,ORD-000882,HIGH,Delivery delay of 5.8 minutes,Prioritize order and review rider allocation
SLA Breach,ORD-000883,HIGH,Delivery delay of 10.3 minutes,Prioritize order and review rider allocation
SLA Breach,ORD-000884,HIGH,Delivery delay of 0.2 minutes,Prioritize order and review rider allocation
SLA Breach,ORD-000885,HIGH,Delivery delay of 0.6 minutes,Prioritize order and review rider allocation
SLA Breach,ORD-000886,HIGH,Delivery delay of 8.2 minutes,Prioritize order and review rider allocation
SLA Breach,ORD-000887,HIGH,Delivery delay of 4.0 minutes,Prioritize order and review rider allocation
SLA Breach,ORD-000888,HIGH,Delivery delay of 0.7 minutes,Prioritize order and review rider allocation
SLA Breach,ORD-000889,HIGH,Delivery delay of 9.9 minutes,Prioritize order and review rider allocation
SLA Breach,ORD-000890,HIGH,Delivery delay of 4.5 minutes,Prioritize order and review rider allocation
SLA Breach,ORD-000891,HIGH,Delivery delay of 4.0 minutes,Prioritize order and review rider allocation
SLA Breach,ORD-000892,HIGH,Delivery delay of 14.6 minutes,Prioritize order and review rider allocation
SLA Breach,ORD-000894,HIGH,Delivery delay of 0.7 minutes,Prioritize order and review rider allocation
SLA Breach,ORD-000895,HIGH,Delivery delay of 9.4 minutes,Prioritize order and review rider allocation
SLA Breach,ORD-000896,HIGH,Delivery delay of 3.6 minutes,Prioritize order and review rider allocation
SLA Breach,ORD-000897,HIGH,Delivery delay of 6.6 minutes,Prioritize order and review rider allocation
SLA Breach,ORD-000898,HIGH,Delivery delay of 3.8 minutes,Prioritize order and review rider allocation
SLA Breach,ORD-000899,HIGH,Delivery delay of 2.4 minutes,Prioritize order and review rider allocation
SLA Breach,ORD-000901,HIGH,Delivery delay of 6.6 minutes,Prioritize order and review rider allocation
SLA Breach,ORD-000902,HIGH,Delivery delay of 8.5 minutes,Prioritize order and review rider allocation
SLA Breach,ORD-000903,HIGH,Delivery delay of 1.6 minutes,Prioritize order and review rider allocation
SLA Breach,ORD-000904,HIGH,Delivery delay of 16.8 minutes,Prioritize order and review rider allocation
SLA Breach,ORD-000905,HIGH,Delivery delay of 20.1 minutes,Prioritize order and review rider allocation
SLA Breach,ORD-000907,HIGH,Delivery delay of 4.6 minutes,Prioritize order and review rider allocation
SLA Breach,ORD-000908,HIGH,Delivery delay of 6.6 minutes,Prioritize order and review rider allocation
SLA Breach,ORD-000909,HIGH,Delivery delay of 7.4 minutes,Prioritize order and review rider allocation
SLA Breach,ORD-000910,HIGH,Delivery delay of 10.8 minutes,Prioritize order and review rider allocation
SLA Breach,ORD-000911,HIGH,Delivery delay of 2.4 minutes,Prioritize order and review rider allocation
SLA Breach,ORD-000912,HIGH,Delivery delay of 3.3 minutes,Prioritize order and review rider allocation
SLA Breach,ORD-000913,HIGH,Delivery delay of 5.4 minutes,Prioritize order and review rider allocation
SLA Breach,ORD-000914,HIGH,Delivery delay of 4.5 minutes,Prioritize order and review rider allocation
SLA Breach,ORD-000915,HIGH,Delivery delay of 23.5 minutes,Prioritize order and review rider allocation
SLA Breach,ORD-000916,HIGH,Delivery delay of 3.1 minutes,Prioritize order and review rider allocation
SLA Breach,ORD-000917,HIGH,Delivery delay of 10.5 minutes,Prioritize order and review rider allocation
SLA Breach,ORD-000919,HIGH,Delivery delay of 2.7 minutes,Prioritize order and review rider allocation
SLA Breach,ORD-000920,HIGH,Delivery delay of 4.0 minutes,Prioritize order and review rider allocation
SLA Breach,ORD-000921,HIGH,Delivery delay of 4.3 minutes,Prioritize order and review rider allocation
SLA Breach,ORD-000922,HIGH,Delivery delay of 4.6 minutes,Prioritize order and review rider allocation
SLA Breach,ORD-000923,HIGH,Delivery delay of 7.0 minutes,Prioritize order and review rider allocation
SLA Breach,ORD-000924,HIGH,Delivery delay of 10.7 minutes,Prioritize order and review rider allocation
SLA Breach,ORD-000925,HIGH,Delivery delay of 3.5 minutes,Prioritize order and review rider allocation
SLA Breach,ORD-000926,HIGH,Delivery delay of 4.3 minutes,Prioritize order and review rider allocation
SLA Breach,ORD-000927,HIGH,Delivery delay of 4.8 minutes,Prioritize order and review rider allocation
SLA Breach,ORD-000928,HIGH,Delivery delay of 9.1 minutes,Prioritize order and review rider allocation
SLA Breach,ORD-000930,HIGH,Delivery delay of 2.1 minutes,Prioritize order and review rider allocation
SLA Breach,ORD-000931,HIGH,Delivery delay of 2.4 minutes,Prioritize order and review rider allocation
SLA Breach,ORD-000933,HIGH,Delivery delay of 9.7 minutes,Prioritize order and review rider allocation
SLA Breach,ORD-000934,HIGH,Delivery delay of 3.7 minutes,Prioritize order and review rider allocation
SLA Breach,ORD-000935,HIGH,Delivery delay of 15.9 minutes,Prioritize order and review rider allocation
SLA Breach,ORD-000936,HIGH,Delivery delay of 8.6 minutes,Prioritize order and review rider allocation
SLA Breach,ORD-000937,HIGH,Delivery delay of 5.2 minutes,Prioritize order and review rider allocation
SLA Breach,ORD-000938,HIGH,Delivery delay of 26.1 minutes,Prioritize order and review rider allocation
SLA Breach,ORD-000939,HIGH,Delivery delay of 0.5 minutes,Prioritize order and review rider allocation
SLA Breach,ORD-000940,HIGH,Delivery delay of 3.2 minutes,Prioritize order and review rider allocation
SLA Breach,ORD-000941,HIGH,Delivery delay of 8.6 minutes,Prioritize order and review rider allocation
SLA Breach,ORD-000942,HIGH,Delivery delay of 17.8 minutes,Prioritize order and review rider allocation
SLA Breach,ORD-000943,HIGH,Delivery delay of 16.6 minutes,Prioritize order and review rider allocation
SLA Breach,ORD-000945,HIGH,Delivery delay of 0.8 minutes,Prioritize order and review rider allocation
SLA Breach,ORD-000946,HIGH,Delivery delay of 7.9 minutes,Prioritize order and review rider allocation
SLA Breach,ORD-000947,HIGH,Delivery delay of 0.1 minutes,Prioritize order and review rider allocation
SLA Breach,ORD-000948,HIGH,Delivery delay of 18.0 minutes,Prioritize order and review rider allocation
SLA Breach,ORD-000949,HIGH,Delivery delay of 4.7 minutes,Prioritize order and review rider allocation
SLA Breach,ORD-000950,HIGH,Delivery delay of 5.6 minutes,Prioritize order and review rider allocation
SLA Breach,ORD-000951,HIGH,Delivery delay of 3.2 minutes,Prioritize order and review rider allocation
SLA Breach,ORD-000952,HIGH,Delivery delay of 16.3 minutes,Prioritize order and review rider allocation
SLA Breach,ORD-000953,HIGH,Delivery delay of 1.3 minutes,Prioritize order and review rider allocation
SLA Breach,ORD-000954,HIGH,Delivery delay of 0.3 minutes,Prioritize order and review rider allocation
SLA Breach,ORD-000956,HIGH,Delivery delay of 8.0 minutes,Prioritize order and review rider allocation
SLA Breach,ORD-000957,HIGH,Delivery delay of 3.5 minutes,Prioritize order and review rider allocation
SLA Breach,ORD-000958,HIGH,Delivery delay of 15.8 minutes,Prioritize order and review rider allocation
SLA Breach,ORD-000959,HIGH,Delivery delay of 2.0 minutes,Prioritize order and review rider allocation
SLA Breach,ORD-000960,HIGH,Delivery delay of 13.8 minutes,Prioritize order and review rider allocation
SLA Breach,ORD-000961,HIGH,Delivery delay of 7.1 minutes,Prioritize order and review rider allocation
SLA Breach,ORD-000962,HIGH,Delivery delay of 2.3 minutes,Prioritize order and review rider allocation
SLA Breach,ORD-000963,HIGH,Delivery delay of 3.0 minutes,Prioritize order and review rider allocation
SLA Breach,ORD-000964,HIGH,Delivery delay of 12.0 minutes,Prioritize order and review rider allocation
SLA Breach,ORD-000965,HIGH,Delivery delay of 19.1 minutes,Prioritize order and review rider allocation
SLA Breach,ORD-000966,HIGH,Delivery delay of 11.7 minutes,Prioritize order and review rider allocation
SLA Breach,ORD-000967,HIGH,Delivery delay of 3.3 minutes,Prioritize order and review rider allocation
SLA Breach,ORD-000968,HIGH,Delivery delay of 7.7 minutes,Prioritize order and review rider allocation
SLA Breach,ORD-000969,HIGH,Delivery delay of 6.1 minutes,Prioritize order and review rider allocation
SLA Breach,ORD-000970,HIGH,Delivery delay of 9.2 minutes,Prioritize order and review rider allocation
SLA Breach,ORD-000971,HIGH,Delivery delay of 5.7 minutes,Prioritize order and review rider allocation
SLA Breach,ORD-000972,HIGH,Delivery delay of 14.9 minutes,Prioritize order and review rider allocation
SLA Breach,ORD-000973,HIGH,Delivery delay of 19.0 minutes,Prioritize order and review rider allocation
SLA Breach,ORD-000974,HIGH,Delivery delay of 5.5 minutes,Prioritize order and review rider allocation
SLA Breach,ORD-000975,HIGH,Delivery delay of 22.4 minutes,Prioritize order and review rider allocation
SLA Breach,ORD-000976,HIGH,Delivery delay of 3.7 minutes,Prioritize order and review rider allocation
SLA Breach,ORD-000977,HIGH,Delivery delay of 6.2 minutes,Prioritize order and review rider allocation
SLA Breach,ORD-000978,HIGH,Delivery delay of 2.5 minutes,Prioritize order and review rider allocation
SLA Breach,ORD-000979,HIGH,Delivery delay of 0.9 minutes,Prioritize order and review rider allocation
SLA Breach,ORD-000980,HIGH,Delivery delay of 8.4 minutes,Prioritize order and review rider allocation
SLA Breach,ORD-000981,HIGH,Delivery delay of 15.9 minutes,Prioritize order and review rider allocation
SLA Breach,ORD-000982,HIGH,Delivery delay of 3.7 minutes,Prioritize order and review rider allocation
SLA Breach,ORD-000983,HIGH,Delivery delay of 9.5 minutes,Prioritize order and review rider allocation
SLA Breach,ORD-000984,HIGH,Delivery delay of 2.6 minutes,Prioritize order and review rider allocation
SLA Breach,ORD-000987,HIGH,Delivery delay of 2.8 minutes,Prioritize order and review rider allocation
SLA Breach,ORD-000988,HIGH,Delivery delay of 11.4 minutes,Prioritize order and review rider allocation
SLA Breach,ORD-000989,HIGH,Delivery delay of 8.6 minutes,Prioritize order and review rider allocation
SLA Breach,ORD-000990,HIGH,Delivery delay of 6.4 minutes,Prioritize order and review rider allocation
SLA Breach,ORD-000991,HIGH,Delivery delay of 5.6 minutes,Prioritize order and review rider allocation
SLA Breach,ORD-000992,HIGH,Delivery delay of 4.4 minutes,Prioritize order and review rider allocation
SLA Breach,ORD-000994,HIGH,Delivery delay of 3.2 minutes,Prioritize order and review rider allocation
SLA Breach,ORD-000995,HIGH,Delivery delay of 16.0 minutes,Prioritize order and review rider allocation
SLA Breach,ORD-000996,HIGH,Delivery delay of 10.0 minutes,Prioritize order and review rider allocation
SLA Breach,ORD-000997,HIGH,Delivery delay of 8.5 minutes,Prioritize order and review rider allocation
SLA Breach,ORD-000998,HIGH,Delivery delay of 3.5 minutes,Prioritize order and review rider allocation
SLA Breach,ORD-000999,HIGH,Delivery delay of 11.1 minutes,Prioritize order and review rider allocation
SLA Breach,ORD-001000,HIGH,Delivery delay of 12.2 minutes,Prioritize order and review rider allocation
SLA Breach,ORD-001001,HIGH,Delivery delay of 0.8 minutes,Prioritize order and review rider allocation
SLA Breach,ORD-001002,HIGH,Delivery delay of 6.9 minutes,Prioritize order and review rider allocation
SLA Breach,ORD-001004,HIGH,Delivery delay of 11.6 minutes,Prioritize order and review rider allocation
SLA Breach,ORD-001005,HIGH,Delivery delay of 4.0 minutes,Prioritize order and review rider allocation
SLA Breach,ORD-001006,HIGH,Delivery delay of 2.5 minutes,Prioritize order and review rider allocation
SLA Breach,ORD-001008,HIGH,Delivery delay of 7.6 minutes,Prioritize order and review rider allocation
SLA Breach,ORD-001010,HIGH,Delivery delay of 11.5 minutes,Prioritize order and review rider allocation
SLA Breach,ORD-001011,HIGH,Delivery delay of 2.4 minutes,Prioritize order and review rider allocation
SLA Breach,ORD-001012,HIGH,Delivery delay of 3.2 minutes,Prioritize order and review rider allocation
SLA Breach,ORD-001014,HIGH,Delivery delay of 16.9 minutes,Prioritize order and review rider allocation
SLA Breach,ORD-001016,HIGH,Delivery delay of 2.0 minutes,Prioritize order and review rider allocation
SLA Breach,ORD-001017,HIGH,Delivery delay of 8.6 minutes,Prioritize order and review rider allocation
SLA Breach,ORD-001018,HIGH,Delivery delay of 6.8 minutes,Prioritize order and review rider allocation
SLA Breach,ORD-001019,HIGH,Delivery delay of 5.9 minutes,Prioritize order and review rider allocation
SLA Breach,ORD-001021,HIGH,Delivery delay of 7.4 minutes,Prioritize order and review rider allocation
SLA Breach,ORD-001022,HIGH,Delivery delay of 1.9 minutes,Prioritize order and review rider allocation
SLA Breach,ORD-001023,HIGH,Delivery delay of 4.3 minutes,Prioritize order and review rider allocation
SLA Breach,ORD-001024,HIGH,Delivery delay of 8.2 minutes,Prioritize order and review rider allocation
SLA Breach,ORD-001025,HIGH,Delivery delay of 15.1 minutes,Prioritize order and review rider allocation
SLA Breach,ORD-001026,HIGH,Delivery delay of 8.4 minutes,Prioritize order and review rider allocation
SLA Breach,ORD-001027,HIGH,Delivery delay of 1.9 minutes,Prioritize order and review rider allocation
SLA Breach,ORD-001028,HIGH,Delivery delay of 4.0 minutes,Prioritize order and review rider allocation
SLA Breach,ORD-001029,HIGH,Delivery delay of 2.0 minutes,Prioritize order and review rider allocation
SLA Breach,ORD-001030,HIGH,Delivery delay of 14.9 minutes,Prioritize order and review rider allocation
SLA Breach,ORD-001031,HIGH,Delivery delay of 9.8 minutes,Prioritize order and review rider allocation
SLA Breach,ORD-001032,HIGH,Delivery delay of 7.9 minutes,Prioritize order and review rider allocation
SLA Breach,ORD-001033,HIGH,Delivery delay of 12.5 minutes,Prioritize order and review rider allocation
SLA Breach,ORD-001034,HIGH,Delivery delay of 9.8 minutes,Prioritize order and review rider allocation
SLA Breach,ORD-001035,HIGH,Delivery delay of 1.0 minutes,Prioritize order and review rider allocation
SLA Breach,ORD-001036,HIGH,Delivery delay of 12.1 minutes,Prioritize order and review rider allocation
SLA Breach,ORD-001037,HIGH,Delivery delay of 9.9 minutes,Prioritize order and review rider allocation
SLA Breach,ORD-001038,HIGH,Delivery delay of 6.3 minutes,Prioritize order and review rider allocation
SLA Breach,ORD-001039,HIGH,Delivery delay of 7.6 minutes,Prioritize order and review rider allocation
SLA Breach,ORD-001040,HIGH,Delivery delay of 5.7 minutes,Prioritize order and review rider allocation
SLA Breach,ORD-001041,HIGH,Delivery delay of 8.8 minutes,Prioritize order and review rider allocation
SLA Breach,ORD-001042,HIGH,Delivery delay of 6.2 minutes,Prioritize order and review rider allocation
SLA Breach,ORD-001043,HIGH,Delivery delay of 6.0 minutes,Prioritize order and review rider allocation
SLA Breach,ORD-001045,HIGH,Delivery delay of 4.7 minutes,Prioritize order and review rider allocation
SLA Breach,ORD-001046,HIGH,Delivery delay of 7.6 minutes,Prioritize order and review rider allocation
SLA Breach,ORD-001047,HIGH,Delivery delay of 8.3 minutes,Prioritize order and review rider allocation
SLA Breach,ORD-001048,HIGH,Delivery delay of 2.5 minutes,Prioritize order and review rider allocation
SLA Breach,ORD-001049,HIGH,Delivery delay of 17.5 minutes,Prioritize order and review rider allocation
SLA Breach,ORD-001050,HIGH,Delivery delay of 7.5 minutes,Prioritize order and review rider allocation
SLA Breach,ORD-001051,HIGH,Delivery delay of 11.5 minutes,Prioritize order and review rider allocation
SLA Breach,ORD-001052,HIGH,Delivery delay of 5.9 minutes,Prioritize order and review rider allocation
SLA Breach,ORD-001053,HIGH,Delivery delay of 13.6 minutes,Prioritize order and review rider allocation
SLA Breach,ORD-001054,HIGH,Delivery delay of 3.0 minutes,Prioritize order and review rider allocation
SLA Breach,ORD-001055,HIGH,Delivery delay of 10.8 minutes,Prioritize order and review rider allocation
SLA Breach,ORD-001056,HIGH,Delivery delay of 2.0 minutes,Prioritize order and review rider allocation
SLA Breach,ORD-001057,HIGH,Delivery delay of 9.5 minutes,Prioritize order and review rider allocation
SLA Breach,ORD-001058,HIGH,Delivery delay of 1.8 minutes,Prioritize order and review rider allocation
SLA Breach,ORD-001059,HIGH,Delivery delay of 6.2 minutes,Prioritize order and review rider allocation
SLA Breach,ORD-001060,HIGH,Delivery delay of 3.4 minutes,Prioritize order and review rider allocation
SLA Breach,ORD-001061,HIGH,Delivery delay of 3.0 minutes,Prioritize order and review rider allocation
SLA Breach,ORD-001062,HIGH,Delivery delay of 8.1 minutes,Prioritize order and review rider allocation
SLA Breach,ORD-001063,HIGH,Delivery delay of 11.8 minutes,Prioritize order and review rider allocation
SLA Breach,ORD-001064,HIGH,Delivery delay of 8.9 minutes,Prioritize order and review rider allocation
SLA Breach,ORD-001065,HIGH,Delivery delay of 4.0 minutes,Prioritize order and review rider allocation
SLA Breach,ORD-001066,HIGH,Delivery delay of 2.6 minutes,Prioritize order and review rider allocation
SLA Breach,ORD-001067,HIGH,Delivery delay of 7.6 minutes,Prioritize order and review rider allocation
SLA Breach,ORD-001068,HIGH,Delivery delay of 0.2 minutes,Prioritize order and review rider allocation
SLA Breach,ORD-001069,HIGH,Delivery delay of 5.5 minutes,Prioritize order and review rider allocation
SLA Breach,ORD-001070,HIGH,Delivery delay of 3.3 minutes,Prioritize order and review rider allocation
SLA Breach,ORD-001071,HIGH,Delivery delay of 3.7 minutes,Prioritize order and review rider allocation
SLA Breach,ORD-001072,HIGH,Delivery delay of 1.5 minutes,Prioritize order and review rider allocation
SLA Breach,ORD-001073,HIGH,Delivery delay of 0.7 minutes,Prioritize order and review rider allocation
SLA Breach,ORD-001074,HIGH,Delivery delay of 12.7 minutes,Prioritize order and review rider allocation
SLA Breach,ORD-001075,HIGH,Delivery delay of 10.9 minutes,Prioritize order and review rider allocation
SLA Breach,ORD-001076,HIGH,Delivery delay of 4.0 minutes,Prioritize order and review rider allocation
SLA Breach,ORD-001077,HIGH,Delivery delay of 0.4 minutes,Prioritize order and review rider allocation
SLA Breach,ORD-001078,HIGH,Delivery delay of 3.2 minutes,Prioritize order and review rider allocation
SLA Breach,ORD-001079,HIGH,Delivery delay of 4.4 minutes,Prioritize order and review rider allocation
SLA Breach,ORD-001080,HIGH,Delivery delay of 12.8 minutes,Prioritize order and review rider allocation
SLA Breach,ORD-001081,HIGH,Delivery delay of 7.1 minutes,Prioritize order and review rider allocation
SLA Breach,ORD-001082,HIGH,Delivery delay of 5.1 minutes,Prioritize order and review rider allocation
SLA Breach,ORD-001083,HIGH,Delivery delay of 18.6 minutes,Prioritize order and review rider allocation
SLA Breach,ORD-001084,HIGH,Delivery delay of 4.1 minutes,Prioritize order and review rider allocation
SLA Breach,ORD-001085,HIGH,Delivery delay of 13.7 minutes,Prioritize order and review rider allocation
SLA Breach,ORD-001086,HIGH,Delivery delay of 3.4 minutes,Prioritize order and review rider allocation
SLA Breach,ORD-001087,HIGH,Delivery delay of 4.1 minutes,Prioritize order and review rider allocation
SLA Breach,ORD-001088,HIGH,Delivery delay of 12.9 minutes,Prioritize order and review rider allocation
SLA Breach,ORD-001089,HIGH,Delivery delay of 2.8 minutes,Prioritize order and review rider allocation
SLA Breach,ORD-001090,HIGH,Delivery delay of 4.5 minutes,Prioritize order and review rider allocation
SLA Breach,ORD-001091,HIGH,Delivery delay of 6.7 minutes,Prioritize order and review rider allocation
SLA Breach,ORD-001092,HIGH,Delivery delay of 5.1 minutes,Prioritize order and review rider allocation
SLA Breach,ORD-001093,HIGH,Delivery delay of 11.0 minutes,Prioritize order and review rider allocation
SLA Breach,ORD-001094,HIGH,Delivery delay of 8.7 minutes,Prioritize order and review rider allocation
SLA Breach,ORD-001095,HIGH,Delivery delay of 8.3 minutes,Prioritize order and review rider allocation
SLA Breach,ORD-001096,HIGH,Delivery delay of 5.0 minutes,Prioritize order and review rider allocation
SLA Breach,ORD-001098,HIGH,Delivery delay of 1.6 minutes,Prioritize order and review rider allocation
SLA Breach,ORD-001099,HIGH,Delivery delay of 8.5 minutes,Prioritize order and review rider allocation
SLA Breach,ORD-001100,HIGH,Delivery delay of 5.7 minutes,Prioritize order and review rider allocation
SLA Breach,ORD-001101,HIGH,Delivery delay of 8.3 minutes,Prioritize order and review rider allocation
SLA Breach,ORD-001102,HIGH,Delivery delay of 18.6 minutes,Prioritize order and review rider allocation
SLA Breach,ORD-001103,HIGH,Delivery delay of 7.3 minutes,Prioritize order and review rider allocation
SLA Breach,ORD-001104,HIGH,Delivery delay of 7.6 minutes,Prioritize order and review rider allocation
SLA Breach,ORD-001105,HIGH,Delivery delay of 20.5 minutes,Prioritize order and review rider allocation
SLA Breach,ORD-001106,HIGH,Delivery delay of 3.9 minutes,Prioritize order and review rider allocation
SLA Breach,ORD-001107,HIGH,Delivery delay of 5.8 minutes,Prioritize order and review rider allocation
SLA Breach,ORD-001108,HIGH,Delivery delay of 0.3 minutes,Prioritize order and review rider allocation
SLA Breach,ORD-001109,HIGH,Delivery delay of 16.1 minutes,Prioritize order and review rider allocation
SLA Breach,ORD-001110,HIGH,Delivery delay of 7.6 minutes,Prioritize order and review rider allocation
SLA Breach,ORD-001111,HIGH,Delivery delay of 2.5 minutes,Prioritize order and review rider allocation
SLA Breach,ORD-001112,HIGH,Delivery delay of 21.4 minutes,Prioritize order and review rider allocation
SLA Breach,ORD-001113,HIGH,Delivery delay of 13.7 minutes,Prioritize order and review rider allocation
SLA Breach,ORD-001114,HIGH,Delivery delay of 8.3 minutes,Prioritize order and review rider allocation
SLA Breach,ORD-001116,HIGH,Delivery delay of 4.6 minutes,Prioritize order and review rider allocation
SLA Breach,ORD-001117,HIGH,Delivery delay of 0.2 minutes,Prioritize order and review rider allocation
SLA Breach,ORD-001118,HIGH,Delivery delay of 6.7 minutes,Prioritize order and review rider allocation
SLA Breach,ORD-001119,HIGH,Delivery delay of 7.1 minutes,Prioritize order and review rider allocation
SLA Breach,ORD-001120,HIGH,Delivery delay of 3.4 minutes,Prioritize order and review rider allocation
SLA Breach,ORD-001121,HIGH,Delivery delay of 5.3 minutes,Prioritize order and review rider allocation
Inventory Stockout,683,HIGH,Product is currently out of stock,Trigger inventory replenishment
Inventory Stockout,2638,HIGH,Product is currently out of stock,Trigger inventory replenishment
Inventory Stockout,15284,HIGH,Product is currently out of stock,Trigger inventory replenishment
Delivery Assignment Delay,ORD-023647,MEDIUM,Assignment delay of 16.8 minutes,Check rider availability and reallocate if required
Delivery Assignment Delay,ORD-032507,MEDIUM,Assignment delay of 15.5 minutes,Check rider availability and reallocate if required
Delivery Assignment Delay,ORD-007421,MEDIUM,Assignment delay of 17.6 minutes,Check rider availability and reallocate if required
Delivery Assignment Delay,ORD-053120,MEDIUM,Assignment delay of 15.9 minutes,Check rider availability and reallocate if required
Delivery Assignment Delay,ORD-044212,MEDIUM,Assignment delay of 15.2 minutes,Check rider availability and reallocate if required
Delivery Assignment Delay,ORD-091262,MEDIUM,Assignment delay of 16.2 minutes,Check rider availability and reallocate if required
Delivery Assignment Delay,ORD-062448,MEDIUM,Assignment delay of 15.9 minutes,Check rider availability and reallocate if required
Delivery Assignment Delay,ORD-050715,MEDIUM,Assignment delay of 15.2 minutes,Check rider availability and reallocate if required
Delivery Assignment Delay,ORD-024822,MEDIUM,Assignment delay of 15.3 minutes,Check rider availability and reallocate if required
Delivery Assignment Delay,ORD-073997,MEDIUM,Assignment delay of 15.2 minutes,Check rider availability and reallocate if required
Delivery Assignment Delay,ORD-060876,MEDIUM,Assignment delay of 17.3 minutes,Check rider availability and reallocate if required
Delivery Assignment Delay,ORD-099011,MEDIUM,Assignment delay of 15.1 minutes,Check rider availability and reallocate if required
Delivery Assignment Delay,ORD-043583,MEDIUM,Assignment delay of 17.9 minutes,Check rider availability and reallocate if required
Delivery Assignment Delay,ORD-063514,MEDIUM,Assignment delay of 18.8 minutes,Check rider availability and reallocate if required
Delivery Assignment Delay,ORD-056450,MEDIUM,Assignment delay of 15.8 minutes,Check rider availability and reallocate if required
Delivery Assignment Delay,ORD-021242,MEDIUM,Assignment delay of 15.5 minutes,Check rider availability and reallocate if required
Delivery Assignment Delay,ORD-065622,MEDIUM,Assignment delay of 16.0 minutes,Check rider availability and reallocate if required
Delivery Assignment Delay,ORD-002287,MEDIUM,Assignment delay of 16.3 minutes,Check rider availability and reallocate if required
Delivery Assignment Delay,ORD-018136,MEDIUM,Assignment delay of 15.8 minutes,Check rider availability and reallocate if required
Delivery Assignment Delay,ORD-002850,MEDIUM,Assignment delay of 15.1 minutes,Check rider availability and reallocate if required
Delivery Assignment Delay,ORD-010339,MEDIUM,Assignment delay of 16.6 minutes,Check rider availability and reallocate if required
Delivery Assignment Delay,ORD-072400,MEDIUM,Assignment delay of 15.1 minutes,Check rider availability and reallocate if required
Delivery Assignment Delay,ORD-074739,MEDIUM,Assignment delay of 15.8 minutes,Check rider availability and reallocate if required
Delivery Assignment Delay,ORD-037700,MEDIUM,Assignment delay of 17.0 minutes,Check rider availability and reallocate if required
Delivery Assignment Delay,ORD-060808,MEDIUM,Assignment delay of 17.9 minutes,Check rider availability and reallocate if required
Delivery Assignment Delay,ORD-039941,MEDIUM,Assignment delay of 15.8 minutes,Check rider availability and reallocate if required
Delivery Assignment Delay,ORD-020656,MEDIUM,Assignment delay of 15.6 minutes,Check rider availability and reallocate if required
Delivery Assignment Delay,ORD-013410,MEDIUM,Assignment delay of 16.4 minutes,Check rider availability and reallocate if required
Delivery Assignment Delay,ORD-056381,MEDIUM,Assignment delay of 17.5 minutes,Check rider availability and reallocate if required
Delivery Assignment Delay,ORD-024196,MEDIUM,Assignment delay of 16.9 minutes,Check rider availability and reallocate if required
Delivery Assignment Delay,ORD-010880,MEDIUM,Assignment delay of 17.9 minutes,Check rider availability and reallocate if required
Delivery Assignment Delay,ORD-025676,MEDIUM,Assignment delay of 16.1 minutes,Check rider availability and reallocate if required
Delivery Assignment Delay,ORD-063862,MEDIUM,Assignment delay of 16.3 minutes,Check rider availability and reallocate if required
Delivery Assignment Delay,ORD-019082,MEDIUM,Assignment delay of 16.8 minutes,Check rider availability and reallocate if required
Delivery Assignment Delay,ORD-060151,MEDIUM,Assignment delay of 17.6 minutes,Check rider availability and reallocate if required
Delivery Assignment Delay,ORD-083987,MEDIUM,Assignment delay of 16.9 minutes,Check rider availability and reallocate if required
Delivery Assignment Delay,ORD-024300,MEDIUM,Assignment delay of 16.8 minutes,Check rider availability and reallocate if required
Delivery Assignment Delay,ORD-058316,MEDIUM,Assignment delay of 16.0 minutes,Check rider availability and reallocate if required
Delivery Assignment Delay,ORD-016258,MEDIUM,Assignment delay of 15.4 minutes,Check rider availability and reallocate if required
Delivery Assignment Delay,ORD-095817,MEDIUM,Assignment delay of 16.2 minutes,Check rider availability and reallocate if required
Delivery Assignment Delay,ORD-083494,MEDIUM,Assignment delay of 16.6 minutes,Check rider availability and reallocate if required
Delivery Assignment Delay,ORD-010466,MEDIUM,Assignment delay of 17.7 minutes,Check rider availability and reallocate if required
Delivery Assignment Delay,ORD-028780,MEDIUM,Assignment delay of 16.5 minutes,Check rider availability and reallocate if required
Delivery Assignment Delay,ORD-016248,MEDIUM,Assignment delay of 16.6 minutes,Check rider availability and reallocate if required
Delivery Assignment Delay,ORD-090313,MEDIUM,Assignment delay of 16.0 minutes,Check rider availability and reallocate if required
Delivery Assignment Delay,ORD-009732,MEDIUM,Assignment delay of 19.2 minutes,Check rider availability and reallocate if required
Delivery Assignment Delay,ORD-000439,MEDIUM,Assignment delay of 16.5 minutes,Check rider availability and reallocate if required
Delivery Assignment Delay,ORD-054842,MEDIUM,Assignment delay of 15.1 minutes,Check rider availability and reallocate if required
Delivery Assignment Delay,ORD-004257,MEDIUM,Assignment delay of 15.2 minutes,Check rider availability and reallocate if required
Delivery Assignment Delay,ORD-031044,MEDIUM,Assignment delay of 16.6 minutes,Check rider availability and reallocate if required
Delivery Assignment Delay,ORD-077556,MEDIUM,Assignment delay of 17.2 minutes,Check rider availability and reallocate if required
Delivery Assignment Delay,ORD-055391,MEDIUM,Assignment delay of 16.6 minutes,Check rider availability and reallocate if required
Delivery Assignment Delay,ORD-017421,MEDIUM,Assignment delay of 18.0 minutes,Check rider availability and reallocate if required
Delivery Assignment Delay,ORD-089048,MEDIUM,Assignment delay of 16.9 minutes,Check rider availability and reallocate if required
Delivery Assignment Delay,ORD-070590,MEDIUM,Assignment delay of 17.3 minutes,Check rider availability and reallocate if required
Delivery Assignment Delay,ORD-038930,MEDIUM,Assignment delay of 16.3 minutes,Check rider availability and reallocate if required
Delivery Assignment Delay,ORD-089680,MEDIUM,Assignment delay of 18.4 minutes,Check rider availability and reallocate if required
Delivery Assignment Delay,ORD-002304,MEDIUM,Assignment delay of 15.6 minutes,Check rider availability and reallocate if required
Delivery Assignment Delay,ORD-036056,MEDIUM,Assignment delay of 15.1 minutes,Check rider availability and reallocate if required
Delivery Assignment Delay,ORD-044774,MEDIUM,Assignment delay of 16.5 minutes,Check rider availability and reallocate if required
Delivery Assignment Delay,ORD-092946,MEDIUM,Assignment delay of 15.4 minutes,Check rider availability and reallocate if required
Delivery Assignment Delay,ORD-079259,MEDIUM,Assignment delay of 15.4 minutes,Check rider availability and reallocate if required
Delivery Assignment Delay,ORD-023738,MEDIUM,Assignment delay of 15.7 minutes,Check rider availability and reallocate if required
Delivery Assignment Delay,ORD-077900,MEDIUM,Assignment delay of 15.3 minutes,Check rider availability and reallocate if required
Delivery Assignment Delay,ORD-023172,MEDIUM,Assignment delay of 15.6 minutes,Check rider availability and reallocate if required
Delivery Assignment Delay,ORD-043144,MEDIUM,Assignment delay of 18.7 minutes,Check rider availability and reallocate if required
Delivery Assignment Delay,ORD-034345,MEDIUM,Assignment delay of 15.3 minutes,Check rider availability and reallocate if required
Delivery Assignment Delay,ORD-034749,MEDIUM,Assignment delay of 16.2 minutes,Check rider availability and reallocate if required
Delivery Assignment Delay,ORD-088509,MEDIUM,Assignment delay of 16.2 minutes,Check rider availability and reallocate if required
Delivery Assignment Delay,ORD-042823,MEDIUM,Assignment delay of 15.7 minutes,Check rider availability and reallocate if required
Delivery Assignment Delay,ORD-067592,MEDIUM,Assignment delay of 17.0 minutes,Check rider availability and reallocate if required
Delivery Assignment Delay,ORD-065615,MEDIUM,Assignment delay of 15.8 minutes,Check rider availability and reallocate if required
Delivery Assignment Delay,ORD-029427,MEDIUM,Assignment delay of 16.4 minutes,Check rider availability and reallocate if required
Delivery Assignment Delay,ORD-079710,MEDIUM,Assignment delay of 19.8 minutes,Check rider availability and reallocate if required
Delivery Assignment Delay,ORD-097029,MEDIUM,Assignment delay of 16.0 minutes,Check rider availability and reallocate if required
Delivery Assignment Delay,ORD-068567,MEDIUM,Assignment delay of 18.3 minutes,Check rider availability and reallocate if required
Delivery Assignment Delay,ORD-056087,MEDIUM,Assignment delay of 17.2 minutes,Check rider availability and reallocate if required
Delivery Assignment Delay,ORD-096016,MEDIUM,Assignment delay of 15.4 minutes,Check rider availability and reallocate if required
Delivery Assignment Delay,ORD-001796,MEDIUM,Assignment delay of 18.0 minutes,Check rider availability and reallocate if required
Delivery Assignment Delay,ORD-055545,MEDIUM,Assignment delay of 15.5 minutes,Check rider availability and reallocate if required
Delivery Assignment Delay,ORD-018200,MEDIUM,Assignment delay of 16.2 minutes,Check rider availability and reallocate if required
Delivery Assignment Delay,ORD-006567,MEDIUM,Assignment delay of 15.7 minutes,Check rider availability and reallocate if required
Delivery Assignment Delay,ORD-019766,MEDIUM,Assignment delay of 18.1 minutes,Check rider availability and reallocate if required
Delivery Assignment Delay,ORD-013255,MEDIUM,Assignment delay of 18.0 minutes,Check rider availability and reallocate if required
Delivery Assignment Delay,ORD-036387,MEDIUM,Assignment delay of 15.6 minutes,Check rider availability and reallocate if required
Delivery Assignment Delay,ORD-048946,MEDIUM,Assignment delay of 15.1 minutes,Check rider availability and reallocate if required
Delivery Assignment Delay,ORD-020332,MEDIUM,Assignment delay of 17.0 minutes,Check rider availability and reallocate if required
Delivery Assignment Delay,ORD-055985,MEDIUM,Assignment delay of 16.7 minutes,Check rider availability and reallocate if required
Delivery Assignment Delay,ORD-095244,MEDIUM,Assignment delay of 15.5 minutes,Check rider availability and reallocate if required
Delivery Assignment Delay,ORD-086335,MEDIUM,Assignment delay of 15.5 minutes,Check rider availability and reallocate if required
Delivery Assignment Delay,ORD-033809,MEDIUM,Assignment delay of 16.0 minutes,Check rider availability and reallocate if required
Delivery Assignment Delay,ORD-031497,MEDIUM,Assignment delay of 16.1 minutes,Check rider availability and reallocate if required
Delivery Assignment Delay,ORD-049834,MEDIUM,Assignment delay of 15.7 minutes,Check rider availability and reallocate if required
Delivery Assignment Delay,ORD-045480,MEDIUM,Assignment delay of 16.0 minutes,Check rider availability and reallocate if required
Delivery Assignment Delay,ORD-039248,MEDIUM,Assignment delay of 15.4 minutes,Check rider availability and reallocate if required
Delivery Assignment Delay,ORD-027630,MEDIUM,Assignment delay of 16.3 minutes,Check rider availability and reallocate if required
Delivery Assignment Delay,ORD-079337,MEDIUM,Assignment delay of 16.2 minutes,Check rider availability and reallocate if required
Delivery Assignment Delay,ORD-021988,MEDIUM,Assignment delay of 17.0 minutes,Check rider availability and reallocate if required
Delivery Assignment Delay,ORD-095170,MEDIUM,Assignment delay of 15.5 minutes,Check rider availability and reallocate if required
Delivery Assignment Delay,ORD-073953,MEDIUM,Assignment delay of 16.4 minutes,Check rider availability and reallocate if required
Delivery Assignment Delay,ORD-019880,MEDIUM,Assignment delay of 15.1 minutes,Check rider availability and reallocate if required
Delivery Assignment Delay,ORD-087092,MEDIUM,Assignment delay of 15.3 minutes,Check rider availability and reallocate if required
Delivery Assignment Delay,ORD-000127,MEDIUM,Assignment delay of 19.7 minutes,Check rider availability and reallocate if required
Delivery Assignment Delay,ORD-018606,MEDIUM,Assignment delay of 15.4 minutes,Check rider availability and reallocate if required
Delivery Assignment Delay,ORD-000705,MEDIUM,Assignment delay of 19.2 minutes,Check rider availability and reallocate if required
Delivery Assignment Delay,ORD-076032,MEDIUM,Assignment delay of 15.2 minutes,Check rider availability and reallocate if required
Delivery Assignment Delay,ORD-064068,MEDIUM,Assignment delay of 16.0 minutes,Check rider availability and reallocate if required
Delivery Assignment Delay,ORD-075162,MEDIUM,Assignment delay of 18.5 minutes,Check rider availability and reallocate if required
Delivery Assignment Delay,ORD-016728,MEDIUM,Assignment delay of 15.1 minutes,Check rider availability and reallocate if required
Delivery Assignment Delay,ORD-046138,MEDIUM,Assignment delay of 15.5 minutes,Check rider availability and reallocate if required
Delivery Assignment Delay,ORD-060290,MEDIUM,Assignment delay of 16.4 minutes,Check rider availability and reallocate if required
Delivery Assignment Delay,ORD-002761,MEDIUM,Assignment delay of 16.3 minutes,Check rider availability and reallocate if required
Delivery Assignment Delay,ORD-085633,MEDIUM,Assignment delay of 18.3 minutes,Check rider availability and reallocate if required
Delivery Assignment Delay,ORD-064112,MEDIUM,Assignment delay of 15.5 minutes,Check rider availability and reallocate if required
Delivery Assignment Delay,ORD-084480,MEDIUM,Assignment delay of 16.2 minutes,Check rider availability and reallocate if required
Delivery Assignment Delay,ORD-031102,MEDIUM,Assignment delay of 15.5 minutes,Check rider availability and reallocate if required
Delivery Assignment Delay,ORD-049060,MEDIUM,Assignment delay of 16.6 minutes,Check rider availability and reallocate if required
Delivery Assignment Delay,ORD-033167,MEDIUM,Assignment delay of 17.0 minutes,Check rider availability and reallocate if required
Delivery Assignment Delay,ORD-003196,MEDIUM,Assignment delay of 17.9 minutes,Check rider availability and reallocate if required
Delivery Assignment Delay,ORD-090169,MEDIUM,Assignment delay of 15.1 minutes,Check rider availability and reallocate if required
Delivery Assignment Delay,ORD-080756,MEDIUM,Assignment delay of 17.7 minutes,Check rider availability and reallocate if required
Delivery Assignment Delay,ORD-053722,MEDIUM,Assignment delay of 16.3 minutes,Check rider availability and reallocate if required
Delivery Assignment Delay,ORD-055630,MEDIUM,Assignment delay of 17.1 minutes,Check rider availability and reallocate if required
Delivery Assignment Delay,ORD-025118,MEDIUM,Assignment delay of 18.3 minutes,Check rider availability and reallocate if required
Delivery Assignment Delay,ORD-024717,MEDIUM,Assignment delay of 17.5 minutes,Check rider availability and reallocate if required
Delivery Assignment Delay,ORD-019118,MEDIUM,Assignment delay of 16.1 minutes,Check rider availability and reallocate if required
Delivery Assignment Delay,ORD-074660,MEDIUM,Assignment delay of 16.0 minutes,Check rider availability and reallocate if required
Delivery Assignment Delay,ORD-011982,MEDIUM,Assignment delay of 15.4 minutes,Check rider availability and reallocate if required
Delivery Assignment Delay,ORD-087256,MEDIUM,Assignment delay of 16.8 minutes,Check rider availability and reallocate if required
Delivery Assignment Delay,ORD-069028,MEDIUM,Assignment delay of 15.7 minutes,Check rider availability and reallocate if required
Delivery Assignment Delay,ORD-016479,MEDIUM,Assignment delay of 15.9 minutes,Check rider availability and reallocate if required
Delivery Assignment Delay,ORD-039607,MEDIUM,Assignment delay of 15.1 minutes,Check rider availability and reallocate if required
Delivery Assignment Delay,ORD-097906,MEDIUM,Assignment delay of 15.4 minutes,Check rider availability and reallocate if required
Delivery Assignment Delay,ORD-068205,MEDIUM,Assignment delay of 15.9 minutes,Check rider availability and reallocate if required
Delivery Assignment Delay,ORD-013514,MEDIUM,Assignment delay of 16.1 minutes,Check rider availability and reallocate if required
Delivery Assignment Delay,ORD-037531,MEDIUM,Assignment delay of 16.4 minutes,Check rider availability and reallocate if required
Delivery Assignment Delay,ORD-042070,MEDIUM,Assignment delay of 15.7 minutes,Check rider availability and reallocate if required
Delivery Assignment Delay,ORD-019179,MEDIUM,Assignment delay of 16.5 minutes,Check rider availability and reallocate if required
Delivery Assignment Delay,ORD-054152,MEDIUM,Assignment delay of 17.6 minutes,Check rider availability and reallocate if required
Delivery Assignment Delay,ORD-027312,MEDIUM,Assignment delay of 17.8 minutes,Check rider availability and reallocate if required
Delivery Assignment Delay,ORD-077970,MEDIUM,Assignment delay of 15.6 minutes,Check rider availability and reallocate if required
Delivery Assignment Delay,ORD-081668,MEDIUM,Assignment delay of 19.6 minutes,Check rider availability and reallocate if required
Delivery Assignment Delay,ORD-092327,MEDIUM,Assignment delay of 15.4 minutes,Check rider availability and reallocate if required
Delivery Assignment Delay,ORD-029870,MEDIUM,Assignment delay of 17.2 minutes,Check rider availability and reallocate if required
Delivery Assignment Delay,ORD-054974,MEDIUM,Assignment delay of 15.8 minutes,Check rider availability and reallocate if required
Delivery Assignment Delay,ORD-015274,MEDIUM,Assignment delay of 16.6 minutes,Check rider availability and reallocate if required
Delivery Assignment Delay,ORD-043210,MEDIUM,Assignment delay of 15.6 minutes,Check rider availability and reallocate if required
Delivery Assignment Delay,ORD-079084,MEDIUM,Assignment delay of 15.5 minutes,Check rider availability and reallocate if required
Delivery Assignment Delay,ORD-035468,MEDIUM,Assignment delay of 16.7 minutes,Check rider availability and reallocate if required
Delivery Assignment Delay,ORD-092801,MEDIUM,Assignment delay of 15.8 minutes,Check rider availability and reallocate if required
Delivery Assignment Delay,ORD-057816,MEDIUM,Assignment delay of 16.4 minutes,Check rider availability and reallocate if required
Delivery Assignment Delay,ORD-081820,MEDIUM,Assignment delay of 15.9 minutes,Check rider availability and reallocate if required
Delivery Assignment Delay,ORD-005240,MEDIUM,Assignment delay of 16.1 minutes,Check rider availability and reallocate if required
Delivery Assignment Delay,ORD-098745,MEDIUM,Assignment delay of 17.2 minutes,Check rider availability and reallocate if required
Delivery Assignment Delay,ORD-092723,MEDIUM,Assignment delay of 15.6 minutes,Check rider availability and reallocate if required
Delivery Assignment Delay,ORD-052105,MEDIUM,Assignment delay of 15.3 minutes,Check rider availability and reallocate if required
Delivery Assignment Delay,ORD-056074,MEDIUM,Assignment delay of 16.1 minutes,Check rider availability and reallocate if required
Delivery Assignment Delay,ORD-048032,MEDIUM,Assignment delay of 15.2 minutes,Check rider availability and reallocate if required
Delivery Assignment Delay,ORD-031353,MEDIUM,Assignment delay of 19.1 minutes,Check rider availability and reallocate if required
Delivery Assignment Delay,ORD-033068,MEDIUM,Assignment delay of 16.7 minutes,Check rider availability and reallocate if required
Delivery Assignment Delay,ORD-038514,MEDIUM,Assignment delay of 15.2 minutes,Check rider availability and reallocate if required
Delivery Assignment Delay,ORD-013142,MEDIUM,Assignment delay of 17.8 minutes,Check rider availability and reallocate if required
Delivery Assignment Delay,ORD-003368,MEDIUM,Assignment delay of 19.4 minutes,Check rider availability and reallocate if required
Delivery Assignment Delay,ORD-019860,MEDIUM,Assignment delay of 15.9 minutes,Check rider availability and reallocate if required
Delivery Assignment Delay,ORD-023685,MEDIUM,Assignment delay of 16.4 minutes,Check rider availability and reallocate if required
Delivery Assignment Delay,ORD-044501,MEDIUM,Assignment delay of 16.5 minutes,Check rider availability and reallocate if required
Delivery Assignment Delay,ORD-052980,MEDIUM,Assignment delay of 15.2 minutes,Check rider availability and reallocate if required
Delivery Assignment Delay,ORD-058407,MEDIUM,Assignment delay of 18.1 minutes,Check rider availability and reallocate if required
Delivery Assignment Delay,ORD-073998,MEDIUM,Assignment delay of 16.0 minutes,Check rider availability and reallocate if required
Delivery Assignment Delay,ORD-030725,MEDIUM,Assignment delay of 16.2 minutes,Check rider availability and reallocate if required
Delivery Assignment Delay,ORD-000167,MEDIUM,Assignment delay of 16.9 minutes,Check rider availability and reallocate if required
Delivery Assignment Delay,ORD-002129,MEDIUM,Assignment delay of 17.3 minutes,Check rider availability and reallocate if required
Delivery Assignment Delay,ORD-054615,MEDIUM,Assignment delay of 15.1 minutes,Check rider availability and reallocate if required
Delivery Assignment Delay,ORD-034106,MEDIUM,Assignment delay of 18.1 minutes,Check rider availability and reallocate if required
Delivery Assignment Delay,ORD-044798,MEDIUM,Assignment delay of 18.5 minutes,Check rider availability and reallocate if required
Delivery Assignment Delay,ORD-016931,MEDIUM,Assignment delay of 16.3 minutes,Check rider availability and reallocate if required
Delivery Assignment Delay,ORD-009786,MEDIUM,Assignment delay of 16.8 minutes,Check rider availability and reallocate if required
Delivery Assignment Delay,ORD-003285,MEDIUM,Assignment delay of 15.2 minutes,Check rider availability and reallocate if required
Delivery Assignment Delay,ORD-090044,MEDIUM,Assignment delay of 16.2 minutes,Check rider availability and reallocate if required
Delivery Assignment Delay,ORD-084616,MEDIUM,Assignment delay of 16.3 minutes,Check rider availability and reallocate if required
Delivery Assignment Delay,ORD-098514,MEDIUM,Assignment delay of 18.8 minutes,Check rider availability and reallocate if required
Delivery Assignment Delay,ORD-092904,MEDIUM,Assignment delay of 16.1 minutes,Check rider availability and reallocate if required
Delivery Assignment Delay,ORD-038996,MEDIUM,Assignment delay of 16.2 minutes,Check rider availability and reallocate if required
Delivery Assignment Delay,ORD-068110,MEDIUM,Assignment delay of 17.5 minutes,Check rider availability and reallocate if required
Delivery Assignment Delay,ORD-007490,MEDIUM,Assignment delay of 15.7 minutes,Check rider availability and reallocate if required
Delivery Assignment Delay,ORD-050135,MEDIUM,Assignment delay of 17.0 minutes,Check rider availability and reallocate if required
Delivery Assignment Delay,ORD-054831,MEDIUM,Assignment delay of 15.5 minutes,Check rider availability and reallocate if required
Delivery Assignment Delay,ORD-074333,MEDIUM,Assignment delay of 15.7 minutes,Check rider availability and reallocate if required
Delivery Assignment Delay,ORD-050895,MEDIUM,Assignment delay of 17.6 minutes,Check rider availability and reallocate if required
Delivery Assignment Delay,ORD-058710,MEDIUM,Assignment delay of 15.5 minutes,Check rider availability and reallocate if required
Delivery Assignment Delay,ORD-089461,MEDIUM,Assignment delay of 15.1 minutes,Check rider availability and reallocate if required
Delivery Assignment Delay,ORD-084141,MEDIUM,Assignment delay of 15.4 minutes,Check rider availability and reallocate if required
Delivery Assignment Delay,ORD-004940,MEDIUM,Assignment delay of 17.3 minutes,Check rider availability and reallocate if required
Delivery Assignment Delay,ORD-062728,MEDIUM,Assignment delay of 17.0 minutes,Check rider availability and reallocate if required
Delivery Assignment Delay,ORD-023423,MEDIUM,Assignment delay of 15.6 minutes,Check rider availability and reallocate if required
Delivery Assignment Delay,ORD-054296,MEDIUM,Assignment delay of 15.9 minutes,Check rider availability and reallocate if required
Delivery Assignment Delay,ORD-006398,MEDIUM,Assignment delay of 18.8 minutes,Check rider availability and reallocate if required
Delivery Assignment Delay,ORD-093209,MEDIUM,Assignment delay of 15.8 minutes,Check rider availability and reallocate if required
Delivery Assignment Delay,ORD-040025,MEDIUM,Assignment delay of 15.7 minutes,Check rider availability and reallocate if required
Delivery Assignment Delay,ORD-009339,MEDIUM,Assignment delay of 18.8 minutes,Check rider availability and reallocate if required
Delivery Assignment Delay,ORD-042491,MEDIUM,Assignment delay of 16.3 minutes,Check rider availability and reallocate if required
Delivery Assignment Delay,ORD-068906,MEDIUM,Assignment delay of 15.2 minutes,Check rider availability and reallocate if required
Delivery Assignment Delay,ORD-017067,MEDIUM,Assignment delay of 17.2 minutes,Check rider availability and reallocate if required
Delivery Assignment Delay,ORD-094132,MEDIUM,Assignment delay of 16.0 minutes,Check rider availability and reallocate if required
Delivery Assignment Delay,ORD-021227,MEDIUM,Assignment delay of 15.3 minutes,Check rider availability and reallocate if required
Delivery Assignment Delay,ORD-076836,MEDIUM,Assignment delay of 15.9 minutes,Check rider availability and reallocate if required
Delivery Assignment Delay,ORD-020256,MEDIUM,Assignment delay of 15.3 minutes,Check rider availability and reallocate if required
Delivery Assignment Delay,ORD-025366,MEDIUM,Assignment delay of 17.4 minutes,Check rider availability and reallocate if required
Delivery Assignment Delay,ORD-015035,MEDIUM,Assignment delay of 15.7 minutes,Check rider availability and reallocate if required
Delivery Assignment Delay,ORD-021469,MEDIUM,Assignment delay of 15.4 minutes,Check rider availability and reallocate if required
Delivery Assignment Delay,ORD-089000,MEDIUM,Assignment delay of 15.6 minutes,Check rider availability and reallocate if required
Delivery Assignment Delay,ORD-037615,MEDIUM,Assignment delay of 16.4 minutes,Check rider availability and reallocate if required
Delivery Assignment Delay,ORD-037595,MEDIUM,Assignment delay of 15.5 minutes,Check rider availability and reallocate if required
Delivery Assignment Delay,ORD-044987,MEDIUM,Assignment delay of 16.6 minutes,Check rider availability and reallocate if required
Delivery Assignment Delay,ORD-009065,MEDIUM,Assignment delay of 17.4 minutes,Check rider availability and reallocate if required
Delivery Assignment Delay,ORD-000594,MEDIUM,Assignment delay of 15.5 minutes,Check rider availability and reallocate if required
Delivery Assignment Delay,ORD-071188,MEDIUM,Assignment delay of 15.5 minutes,Check rider availability and reallocate if required
Delivery Assignment Delay,ORD-038026,MEDIUM,Assignment delay of 15.9 minutes,Check rider availability and reallocate if required
Delivery Assignment Delay,ORD-054630,MEDIUM,Assignment delay of 15.4 minutes,Check rider availability and reallocate if required
Delivery Assignment Delay,ORD-040888,MEDIUM,Assignment delay of 15.3 minutes,Check rider availability and reallocate if required
Delivery Assignment Delay,ORD-035592,MEDIUM,Assignment delay of 15.6 minutes,Check rider availability and reallocate if required
Delivery Assignment Delay,ORD-007156,MEDIUM,Assignment delay of 17.1 minutes,Check rider availability and reallocate if required
Delivery Assignment Delay,ORD-035019,MEDIUM,Assignment delay of 15.7 minutes,Check rider availability and reallocate if required
Delivery Assignment Delay,ORD-000271,MEDIUM,Assignment delay of 16.4 minutes,Check rider availability and reallocate if required
Delivery Assignment Delay,ORD-057137,MEDIUM,Assignment delay of 15.7 minutes,Check rider availability and reallocate if required
Delivery Assignment Delay,ORD-020890,MEDIUM,Assignment delay of 15.2 minutes,Check rider availability and reallocate if required
Delivery Assignment Delay,ORD-022289,MEDIUM,Assignment delay of 16.0 minutes,Check rider availability and reallocate if required
Delivery Assignment Delay,ORD-082021,MEDIUM,Assignment delay of 16.3 minutes,Check rider availability and reallocate if required
Delivery Assignment Delay,ORD-065740,MEDIUM,Assignment delay of 16.5 minutes,Check rider availability and reallocate if required
Delivery Assignment Delay,ORD-086590,MEDIUM,Assignment delay of 15.3 minutes,Check rider availability and reallocate if required
Delivery Assignment Delay,ORD-021054,MEDIUM,Assignment delay of 15.3 minutes,Check rider availability and reallocate if required
Delivery Assignment Delay,ORD-084452,MEDIUM,Assignment delay of 17.2 minutes,Check rider availability and reallocate if required
Delivery Assignment Delay,ORD-046949,MEDIUM,Assignment delay of 17.1 minutes,Check rider availability and reallocate if required
Delivery Assignment Delay,ORD-018397,MEDIUM,Assignment delay of 17.8 minutes,Check rider availability and reallocate if required
Delivery Assignment Delay,ORD-031244,MEDIUM,Assignment delay of 15.5 minutes,Check rider availability and reallocate if required
Delivery Assignment Delay,ORD-082415,MEDIUM,Assignment delay of 15.4 minutes,Check rider availability and reallocate if required
Delivery Assignment Delay,ORD-056989,MEDIUM,Assignment delay of 18.2 minutes,Check rider availability and reallocate if required
Delivery Assignment Delay,ORD-063812,MEDIUM,Assignment delay of 15.4 minutes,Check rider availability and reallocate if required
Delivery Assignment Delay,ORD-061838,MEDIUM,Assignment delay of 15.4 minutes,Check rider availability and reallocate if required
Delivery Assignment Delay,ORD-058270,MEDIUM,Assignment delay of 18.2 minutes,Check rider availability and reallocate if required
Delivery Assignment Delay,ORD-090396,MEDIUM,Assignment delay of 16.4 minutes,Check rider availability and reallocate if required
Delivery Assignment Delay,ORD-051394,MEDIUM,Assignment delay of 19.2 minutes,Check rider availability and reallocate if required
Delivery Assignment Delay,ORD-062216,MEDIUM,Assignment delay of 16.1 minutes,Check rider availability and reallocate if required
Delivery Assignment Delay,ORD-074610,MEDIUM,Assignment delay of 16.3 minutes,Check rider availability and reallocate if required
Delivery Assignment Delay,ORD-020604,MEDIUM,Assignment delay of 16.1 minutes,Check rider availability and reallocate if required
Delivery Assignment Delay,ORD-087488,MEDIUM,Assignment delay of 15.6 minutes,Check rider availability and reallocate if required
Delivery Assignment Delay,ORD-059137,MEDIUM,Assignment delay of 15.4 minutes,Check rider availability and reallocate if required
Delivery Assignment Delay,ORD-004166,MEDIUM,Assignment delay of 17.8 minutes,Check rider availability and reallocate if required
Delivery Assignment Delay,ORD-085837,MEDIUM,Assignment delay of 16.5 minutes,Check rider availability and reallocate if required
Delivery Assignment Delay,ORD-027096,MEDIUM,Assignment delay of 15.5 minutes,Check rider availability and reallocate if required
Delivery Assignment Delay,ORD-015759,MEDIUM,Assignment delay of 20.0 minutes,Check rider availability and reallocate if required
Delivery Assignment Delay,ORD-038932,MEDIUM,Assignment delay of 15.1 minutes,Check rider availability and reallocate if required
Delivery Assignment Delay,ORD-002403,MEDIUM,Assignment delay of 15.3 minutes,Check rider availability and reallocate if required
Delivery Assignment Delay,ORD-073096,MEDIUM,Assignment delay of 15.1 minutes,Check rider availability and reallocate if required
Delivery Assignment Delay,ORD-076961,MEDIUM,Assignment delay of 15.9 minutes,Check rider availability and reallocate if required
Delivery Assignment Delay,ORD-012055,MEDIUM,Assignment delay of 18.2 minutes,Check rider availability and reallocate if required
Delivery Assignment Delay,ORD-072274,MEDIUM,Assignment delay of 15.8 minutes,Check rider availability and reallocate if required
Delivery Assignment Delay,ORD-094435,MEDIUM,Assignment delay of 17.4 minutes,Check rider availability and reallocate if required
Delivery Assignment Delay,ORD-089628,MEDIUM,Assignment delay of 15.2 minutes,Check rider availability and reallocate if required
Delivery Assignment Delay,ORD-083389,MEDIUM,Assignment delay of 16.6 minutes,Check rider availability and reallocate if required
Delivery Assignment Delay,ORD-083193,MEDIUM,Assignment delay of 15.6 minutes,Check rider availability and reallocate if required
Delivery Assignment Delay,ORD-082495,MEDIUM,Assignment delay of 15.5 minutes,Check rider availability and reallocate if required
Delivery Assignment Delay,ORD-034132,MEDIUM,Assignment delay of 17.2 minutes,Check rider availability and reallocate if required
Delivery Assignment Delay,ORD-067742,MEDIUM,Assignment delay of 16.2 minutes,Check rider availability and reallocate if required
Delivery Assignment Delay,ORD-023901,MEDIUM,Assignment delay of 16.7 minutes,Check rider availability and reallocate if required
Delivery Assignment Delay,ORD-004204,MEDIUM,Assignment delay of 17.1 minutes,Check rider availability and reallocate if required
Delivery Assignment Delay,ORD-090737,MEDIUM,Assignment delay of 16.4 minutes,Check rider availability and reallocate if required
Delivery Assignment Delay,ORD-084035,MEDIUM,Assignment delay of 15.7 minutes,Check rider availability and reallocate if required
Delivery Assignment Delay,ORD-002727,MEDIUM,Assignment delay of 15.9 minutes,Check rider availability and reallocate if required
Delivery Assignment Delay,ORD-080940,MEDIUM,Assignment delay of 17.3 minutes,Check rider availability and reallocate if required
Delivery Assignment Delay,ORD-023594,MEDIUM,Assignment delay of 17.2 minutes,Check rider availability and reallocate if required
Delivery Assignment Delay,ORD-044352,MEDIUM,Assignment delay of 16.2 minutes,Check rider availability and reallocate if required
Delivery Assignment Delay,ORD-043313,MEDIUM,Assignment delay of 15.8 minutes,Check rider availability and reallocate if required
Delivery Assignment Delay,ORD-028718,MEDIUM,Assignment delay of 15.4 minutes,Check rider availability and reallocate if required
Delivery Assignment Delay,ORD-095908,MEDIUM,Assignment delay of 15.9 minutes,Check rider availability and reallocate if required
Delivery Assignment Delay,ORD-053251,MEDIUM,Assignment delay of 15.8 minutes,Check rider availability and reallocate if required
Delivery Assignment Delay,ORD-012125,MEDIUM,Assignment delay of 17.7 minutes,Check rider availability and reallocate if required
Delivery Assignment Delay,ORD-063338,MEDIUM,Assignment delay of 15.5 minutes,Check rider availability and reallocate if required
Delivery Assignment Delay,ORD-068623,MEDIUM,Assignment delay of 15.1 minutes,Check rider availability and reallocate if required
Delivery Assignment Delay,ORD-024437,MEDIUM,Assignment delay of 16.4 minutes,Check rider availability and reallocate if required
Delivery Assignment Delay,ORD-093724,MEDIUM,Assignment delay of 16.0 minutes,Check rider availability and reallocate if required
Delivery Assignment Delay,ORD-007597,MEDIUM,Assignment delay of 16.4 minutes,Check rider availability and reallocate if required
Delivery Assignment Delay,ORD-099877,MEDIUM,Assignment delay of 16.8 minutes,Check rider availability and reallocate if required
Delivery Assignment Delay,ORD-065019,MEDIUM,Assignment delay of 15.7 minutes,Check rider availability and reallocate if required
Delivery Assignment Delay,ORD-074462,MEDIUM,Assignment delay of 17.2 minutes,Check rider availability and reallocate if required
Delivery Assignment Delay,ORD-003466,MEDIUM,Assignment delay of 17.7 minutes,Check rider availability and reallocate if required
Delivery Assignment Delay,ORD-027797,MEDIUM,Assignment delay of 15.7 minutes,Check rider availability and reallocate if required
Delivery Assignment Delay,ORD-078983,MEDIUM,Assignment delay of 17.8 minutes,Check rider availability and reallocate if required
Delivery Assignment Delay,ORD-043367,MEDIUM,Assignment delay of 16.2 minutes,Check rider availability and reallocate if required
Delivery Assignment Delay,ORD-010234,MEDIUM,Assignment delay of 16.3 minutes,Check rider availability and reallocate if required
Delivery Assignment Delay,ORD-090108,MEDIUM,Assignment delay of 16.6 minutes,Check rider availability and reallocate if required
Delivery Assignment Delay,ORD-044920,MEDIUM,Assignment delay of 17.0 minutes,Check rider availability and reallocate if required
Delivery Assignment Delay,ORD-005280,MEDIUM,Assignment delay of 18.2 minutes,Check rider availability and reallocate if required
Delivery Assignment Delay,ORD-037555,MEDIUM,Assignment delay of 16.1 minutes,Check rider availability and reallocate if required
Delivery Assignment Delay,ORD-026919,MEDIUM,Assignment delay of 16.0 minutes,Check rider availability and reallocate if required
Delivery Assignment Delay,ORD-007816,MEDIUM,Assignment delay of 17.5 minutes,Check rider availability and reallocate if required
Delivery Assignment Delay,ORD-051528,MEDIUM,Assignment delay of 15.5 minutes,Check rider availability and reallocate if required
Delivery Assignment Delay,ORD-099775,MEDIUM,Assignment delay of 17.2 minutes,Check rider availability and reallocate if required
Delivery Assignment Delay,ORD-053863,MEDIUM,Assignment delay of 15.5 minutes,Check rider availability and reallocate if required
Delivery Assignment Delay,ORD-087598,MEDIUM,Assignment delay of 15.2 minutes,Check rider availability and reallocate if required
Delivery Assignment Delay,ORD-052379,MEDIUM,Assignment delay of 17.4 minutes,Check rider availability and reallocate if required
Delivery Assignment Delay,ORD-096001,MEDIUM,Assignment delay of 16.1 minutes,Check rider availability and reallocate if required
Delivery Assignment Delay,ORD-002371,MEDIUM,Assignment delay of 15.9 minutes,Check rider availability and reallocate if required
Delivery Assignment Delay,ORD-071826,MEDIUM,Assignment delay of 16.4 minutes,Check rider availability and reallocate if required
Delivery Assignment Delay,ORD-083353,MEDIUM,Assignment delay of 15.3 minutes,Check rider availability and reallocate if required
Delivery Assignment Delay,ORD-031563,MEDIUM,Assignment delay of 17.1 minutes,Check rider availability and reallocate if required
Delivery Assignment Delay,ORD-071103,MEDIUM,Assignment delay of 17.0 minutes,Check rider availability and reallocate if required
Delivery Assignment Delay,ORD-073354,MEDIUM,Assignment delay of 16.0 minutes,Check rider availability and reallocate if required
Delivery Assignment Delay,ORD-021444,MEDIUM,Assignment delay of 16.1 minutes,Check rider availability and reallocate if required
Delivery Assignment Delay,ORD-005389,MEDIUM,Assignment delay of 17.2 minutes,Check rider availability and reallocate if required
Delivery Assignment Delay,ORD-094422,MEDIUM,Assignment delay of 15.3 minutes,Check rider availability and reallocate if required
Delivery Assignment Delay,ORD-096605,MEDIUM,Assignment delay of 16.9 minutes,Check rider availability and reallocate if required
Delivery Assignment Delay,ORD-074820,MEDIUM,Assignment delay of 15.4 minutes,Check rider availability and reallocate if required
Delivery Assignment Delay,ORD-054016,MEDIUM,Assignment delay of 17.7 minutes,Check rider availability and reallocate if required
Delivery Assignment Delay,ORD-049446,MEDIUM,Assignment delay of 16.8 minutes,Check rider availability and reallocate if required
Delivery Assignment Delay,ORD-010797,MEDIUM,Assignment delay of 16.5 minutes,Check rider availability and reallocate if required
Delivery Assignment Delay,ORD-093045,MEDIUM,Assignment delay of 15.6 minutes,Check rider availability and reallocate if required
Delivery Assignment Delay,ORD-055748,MEDIUM,Assignment delay of 16.7 minutes,Check rider availability and reallocate if required
Delivery Assignment Delay,ORD-019841,MEDIUM,Assignment delay of 15.4 minutes,Check rider availability and reallocate if required
Delivery Assignment Delay,ORD-093248,MEDIUM,Assignment delay of 15.9 minutes,Check rider availability and reallocate if required
Delivery Assignment Delay,ORD-038019,MEDIUM,Assignment delay of 18.6 minutes,Check rider availability and reallocate if required
Delivery Assignment Delay,ORD-099148,MEDIUM,Assignment delay of 15.5 minutes,Check rider availability and reallocate if required
Delivery Assignment Delay,ORD-019655,MEDIUM,Assignment delay of 15.8 minutes,Check rider availability and reallocate if required
Delivery Assignment Delay,ORD-038754,MEDIUM,Assignment delay of 16.4 minutes,Check rider availability and reallocate if required
Delivery Assignment Delay,ORD-014791,MEDIUM,Assignment delay of 15.1 minutes,Check rider availability and reallocate if required
Delivery Assignment Delay,ORD-060574,MEDIUM,Assignment delay of 17.2 minutes,Check rider availability and reallocate if required
Delivery Assignment Delay,ORD-095775,MEDIUM,Assignment delay of 18.0 minutes,Check rider availability and reallocate if required
Delivery Assignment Delay,ORD-041064,MEDIUM,Assignment delay of 15.3 minutes,Check rider availability and reallocate if required
Delivery Assignment Delay,ORD-019326,MEDIUM,Assignment delay of 17.2 minutes,Check rider availability and reallocate if required
Delivery Assignment Delay,ORD-088413,MEDIUM,Assignment delay of 16.6 minutes,Check rider availability and reallocate if required
Delivery Assignment Delay,ORD-094100,MEDIUM,Assignment delay of 15.4 minutes,Check rider availability and reallocate if required
Delivery Assignment Delay,ORD-059794,MEDIUM,Assignment delay of 17.9 minutes,Check rider availability and reallocate if required
Delivery Assignment Delay,ORD-021050,MEDIUM,Assignment delay of 16.8 minutes,Check rider availability and reallocate if required
Delivery Assignment Delay,ORD-013316,MEDIUM,Assignment delay of 15.4 minutes,Check rider availability and reallocate if required
Delivery Assignment Delay,ORD-043730,MEDIUM,Assignment delay of 15.8 minutes,Check rider availability and reallocate if required
Delivery Assignment Delay,ORD-050906,MEDIUM,Assignment delay of 15.2 minutes,Check rider availability and reallocate if required
Delivery Assignment Delay,ORD-040324,MEDIUM,Assignment delay of 16.4 minutes,Check rider availability and reallocate if required
Delivery Assignment Delay,ORD-022927,MEDIUM,Assignment delay of 18.3 minutes,Check rider availability and reallocate if required
Delivery Assignment Delay,ORD-096974,MEDIUM,Assignment delay of 15.1 minutes,Check rider availability and reallocate if required
Delivery Assignment Delay,ORD-004009,MEDIUM,Assignment delay of 17.4 minutes,Check rider availability and reallocate if required
Delivery Assignment Delay,ORD-034030,MEDIUM,Assignment delay of 16.3 minutes,Check rider availability and reallocate if required
Delivery Assignment Delay,ORD-065502,MEDIUM,Assignment delay of 15.1 minutes,Check rider availability and reallocate if required
Delivery Assignment Delay,ORD-010185,MEDIUM,Assignment delay of 15.6 minutes,Check rider availability and reallocate if required
Delivery Assignment Delay,ORD-016548,MEDIUM,Assignment delay of 17.2 minutes,Check rider availability and reallocate if required
Delivery Assignment Delay,ORD-003537,MEDIUM,Assignment delay of 19.2 minutes,Check rider availability and reallocate if required
Delivery Assignment Delay,ORD-072151,MEDIUM,Assignment delay of 17.1 minutes,Check rider availability and reallocate if required
Delivery Assignment Delay,ORD-055100,MEDIUM,Assignment delay of 16.0 minutes,Check rider availability and reallocate if required
Delivery Assignment Delay,ORD-026474,MEDIUM,Assignment delay of 16.2 minutes,Check rider availability and reallocate if required
Delivery Assignment Delay,ORD-086076,MEDIUM,Assignment delay of 16.5 minutes,Check rider availability and reallocate if required
Delivery Assignment Delay,ORD-024216,MEDIUM,Assignment delay of 15.8 minutes,Check rider availability and reallocate if required
Delivery Assignment Delay,ORD-094108,MEDIUM,Assignment delay of 15.4 minutes,Check rider availability and reallocate if required
Delivery Assignment Delay,ORD-035397,MEDIUM,Assignment delay of 15.4 minutes,Check rider availability and reallocate if required
Delivery Assignment Delay,ORD-035799,MEDIUM,Assignment delay of 15.8 minutes,Check rider availability and reallocate if required
Delivery Assignment Delay,ORD-083919,MEDIUM,Assignment delay of 16.4 minutes,Check rider availability and reallocate if required
Delivery Assignment Delay,ORD-082248,MEDIUM,Assignment delay of 15.1 minutes,Check rider availability and reallocate if required
Delivery Assignment Delay,ORD-046114,MEDIUM,Assignment delay of 16.3 minutes,Check rider availability and reallocate if required
Delivery Assignment Delay,ORD-028120,MEDIUM,Assignment delay of 16.6 minutes,Check rider availability and reallocate if required
Delivery Assignment Delay,ORD-001467,MEDIUM,Assignment delay of 16.1 minutes,Check rider availability and reallocate if required
Delivery Assignment Delay,ORD-002397,MEDIUM,Assignment delay of 15.7 minutes,Check rider availability and reallocate if required
Delivery Assignment Delay,ORD-055717,MEDIUM,Assignment delay of 17.6 minutes,Check rider availability and reallocate if required
Delivery Assignment Delay,ORD-079849,MEDIUM,Assignment delay of 15.2 minutes,Check rider availability and reallocate if required
Delivery Assignment Delay,ORD-071637,MEDIUM,Assignment delay of 21.6 minutes,Check rider availability and reallocate if required
Delivery Assignment Delay,ORD-081141,MEDIUM,Assignment delay of 18.6 minutes,Check rider availability and reallocate if required
Delivery Assignment Delay,ORD-097273,MEDIUM,Assignment delay of 15.4 minutes,Check rider availability and reallocate if required
Delivery Assignment Delay,ORD-049002,MEDIUM,Assignment delay of 16.7 minutes,Check rider availability and reallocate if required
Delivery Assignment Delay,ORD-024598,MEDIUM,Assignment delay of 17.6 minutes,Check rider availability and reallocate if required
Delivery Assignment Delay,ORD-092746,MEDIUM,Assignment delay of 15.7 minutes,Check rider availability and reallocate if required
Delivery Assignment Delay,ORD-009519,MEDIUM,Assignment delay of 15.8 minutes,Check rider availability and reallocate if required
Delivery Assignment Delay,ORD-002325,MEDIUM,Assignment delay of 15.5 minutes,Check rider availability and reallocate if required
Delivery Assignment Delay,ORD-050484,MEDIUM,Assignment delay of 15.1 minutes,Check rider availability and reallocate if required
Delivery Assignment Delay,ORD-077911,MEDIUM,Assignment delay of 15.5 minutes,Check rider availability and reallocate if required
Delivery Assignment Delay,ORD-061427,MEDIUM,Assignment delay of 15.3 minutes,Check rider availability and reallocate if required
Delivery Assignment Delay,ORD-056685,MEDIUM,Assignment delay of 15.5 minutes,Check rider availability and reallocate if required
Delivery Assignment Delay,ORD-003433,MEDIUM,Assignment delay of 15.2 minutes,Check rider availability and reallocate if required
Delivery Assignment Delay,ORD-049800,MEDIUM,Assignment delay of 15.2 minutes,Check rider availability and reallocate if required
Delivery Assignment Delay,ORD-073324,MEDIUM,Assignment delay of 15.7 minutes,Check rider availability and reallocate if required
Delivery Assignment Delay,ORD-065529,MEDIUM,Assignment delay of 16.2 minutes,Check rider availability and reallocate if required
Delivery Assignment Delay,ORD-090826,MEDIUM,Assignment delay of 16.3 minutes,Check rider availability and reallocate if required
Delivery Assignment Delay,ORD-017339,MEDIUM,Assignment delay of 15.1 minutes,Check rider availability and reallocate if required
Delivery Assignment Delay,ORD-037599,MEDIUM,Assignment delay of 15.4 minutes,Check rider availability and reallocate if required
Delivery Assignment Delay,ORD-005170,MEDIUM,Assignment delay of 15.5 minutes,Check rider availability and reallocate if required
Delivery Assignment Delay,ORD-080675,MEDIUM,Assignment delay of 16.3 minutes,Check rider availability and reallocate if required
Delivery Assignment Delay,ORD-080086,MEDIUM,Assignment delay of 15.6 minutes,Check rider availability and reallocate if required
Delivery Assignment Delay,ORD-061767,MEDIUM,Assignment delay of 15.5 minutes,Check rider availability and reallocate if required
Delivery Assignment Delay,ORD-074274,MEDIUM,Assignment delay of 15.1 minutes,Check rider availability and reallocate if required
Delivery Assignment Delay,ORD-076040,MEDIUM,Assignment delay of 17.0 minutes,Check rider availability and reallocate if required
Delivery Assignment Delay,ORD-053432,MEDIUM,Assignment delay of 15.4 minutes,Check rider availability and reallocate if required
Delivery Assignment Delay,ORD-063585,MEDIUM,Assignment delay of 16.1 minutes,Check rider availability and reallocate if required
Delivery Assignment Delay,ORD-035752,MEDIUM,Assignment delay of 15.2 minutes,Check rider availability and reallocate if required
Delivery Assignment Delay,ORD-001195,MEDIUM,Assignment delay of 15.6 minutes,Check rider availability and reallocate if required
Delivery Assignment Delay,ORD-079787,MEDIUM,Assignment delay of 16.8 minutes,Check rider availability and reallocate if required
Delivery Assignment Delay,ORD-041087,MEDIUM,Assignment delay of 16.9 minutes,Check rider availability and reallocate if required
Delivery Assignment Delay,ORD-029808,MEDIUM,Assignment delay of 15.6 minutes,Check rider availability and reallocate if required
Delivery Assignment Delay,ORD-018894,MEDIUM,Assignment delay of 15.6 minutes,Check rider availability and reallocate if required
Delivery Assignment Delay,ORD-014588,MEDIUM,Assignment delay of 15.5 minutes,Check rider availability and reallocate if required
Delivery Assignment Delay,ORD-075882,MEDIUM,Assignment delay of 15.9 minutes,Check rider availability and reallocate if required
Delivery Assignment Delay,ORD-088505,MEDIUM,Assignment delay of 15.5 minutes,Check rider availability and reallocate if required
Delivery Assignment Delay,ORD-018919,MEDIUM,Assignment delay of 16.0 minutes,Check rider availability and reallocate if required
Delivery Assignment Delay,ORD-081830,MEDIUM,Assignment delay of 16.1 minutes,Check rider availability and reallocate if required
Delivery Assignment Delay,ORD-014286,MEDIUM,Assignment delay of 16.6 minutes,Check rider availability and reallocate if required
Delivery Assignment Delay,ORD-002538,MEDIUM,Assignment delay of 15.6 minutes,Check rider availability and reallocate if required
Delivery Assignment Delay,ORD-082660,MEDIUM,Assignment delay of 15.1 minutes,Check rider availability and reallocate if required
Delivery Assignment Delay,ORD-005612,MEDIUM,Assignment delay of 15.2 minutes,Check rider availability and reallocate if required
Delivery Assignment Delay,ORD-025303,MEDIUM,Assignment delay of 16.6 minutes,Check rider availability and reallocate if required
Delivery Assignment Delay,ORD-082511,MEDIUM,Assignment delay of 15.1 minutes,Check rider availability and reallocate if required
Delivery Assignment Delay,ORD-037068,MEDIUM,Assignment delay of 16.0 minutes,Check rider availability and reallocate if required
Delivery Assignment Delay,ORD-072326,MEDIUM,Assignment delay of 15.4 minutes,Check rider availability and reallocate if required
Delivery Assignment Delay,ORD-053429,MEDIUM,Assignment delay of 19.3 minutes,Check rider availability and reallocate if required
Delivery Assignment Delay,ORD-014929,MEDIUM,Assignment delay of 15.3 minutes,Check rider availability and reallocate if required
Delivery Assignment Delay,ORD-090796,MEDIUM,Assignment delay of 18.0 minutes,Check rider availability and reallocate if required
Delivery Assignment Delay,ORD-047217,MEDIUM,Assignment delay of 15.2 minutes,Check rider availability and reallocate if required
Delivery Assignment Delay,ORD-023130,MEDIUM,Assignment delay of 15.3 minutes,Check rider availability and reallocate if required
Delivery Assignment Delay,ORD-028948,MEDIUM,Assignment delay of 16.7 minutes,Check rider availability and reallocate if required
Delivery Assignment Delay,ORD-041116,MEDIUM,Assignment delay of 15.8 minutes,Check rider availability and reallocate if required
Delivery Assignment Delay,ORD-041557,MEDIUM,Assignment delay of 17.0 minutes,Check rider availability and reallocate if required
Delivery Assignment Delay,ORD-029313,MEDIUM,Assignment delay of 18.2 minutes,Check rider availability and reallocate if required
Delivery Assignment Delay,ORD-015039,MEDIUM,Assignment delay of 15.8 minutes,Check rider availability and reallocate if required
Delivery Assignment Delay,ORD-054274,MEDIUM,Assignment delay of 18.1 minutes,Check rider availability and reallocate if required
Delivery Assignment Delay,ORD-029832,MEDIUM,Assignment delay of 16.5 minutes,Check rider availability and reallocate if required
Delivery Assignment Delay,ORD-041063,MEDIUM,Assignment delay of 16.1 minutes,Check rider availability and reallocate if required
Delivery Assignment Delay,ORD-037798,MEDIUM,Assignment delay of 19.8 minutes,Check rider availability and reallocate if required
Delivery Assignment Delay,ORD-042884,MEDIUM,Assignment delay of 16.3 minutes,Check rider availability and reallocate if required
Delivery Assignment Delay,ORD-039132,MEDIUM,Assignment delay of 15.4 minutes,Check rider availability and reallocate if required
Delivery Assignment Delay,ORD-011309,MEDIUM,Assignment delay of 15.8 minutes,Check rider availability and reallocate if required
Delivery Assignment Delay,ORD-071206,MEDIUM,Assignment delay of 15.1 minutes,Check rider availability and reallocate if required
Delivery Assignment Delay,ORD-078208,MEDIUM,Assignment delay of 15.3 minutes,Check rider availability and reallocate if required
Delivery Assignment Delay,ORD-090339,MEDIUM,Assignment delay of 17.4 minutes,Check rider availability and reallocate if required
Delivery Assignment Delay,ORD-058533,MEDIUM,Assignment delay of 15.4 minutes,Check rider availability and reallocate if required
Delivery Assignment Delay,ORD-084759,MEDIUM,Assignment delay of 15.9 minutes,Check rider availability and reallocate if required
Delivery Assignment Delay,ORD-054757,MEDIUM,Assignment delay of 17.2 minutes,Check rider availability and reallocate if required
Delivery Assignment Delay,ORD-010340,MEDIUM,Assignment delay of 16.5 minutes,Check rider availability and reallocate if required
Delivery Assignment Delay,ORD-026960,MEDIUM,Assignment delay of 17.8 minutes,Check rider availability and reallocate if required
Delivery Assignment Delay,ORD-069955,MEDIUM,Assignment delay of 15.9 minutes,Check rider availability and reallocate if required
Delivery Assignment Delay,ORD-024823,MEDIUM,Assignment delay of 16.6 minutes,Check rider availability and reallocate if required
Delivery Assignment Delay,ORD-031998,MEDIUM,Assignment delay of 18.9 minutes,Check rider availability and reallocate if required
Delivery Assignment Delay,ORD-091416,MEDIUM,Assignment delay of 16.8 minutes,Check rider availability and reallocate if required
Delivery Assignment Delay,ORD-016365,MEDIUM,Assignment delay of 15.8 minutes,Check rider availability and reallocate if required
Delivery Assignment Delay,ORD-000961,MEDIUM,Assignment delay of 16.8 minutes,Check rider availability and reallocate if required
Delivery Assignment Delay,ORD-028433,MEDIUM,Assignment delay of 16.4 minutes,Check rider availability and reallocate if required
Delivery Assignment Delay,ORD-011938,MEDIUM,Assignment delay of 17.4 minutes,Check rider availability and reallocate if required
Delivery Assignment Delay,ORD-015183,MEDIUM,Assignment delay of 16.3 minutes,Check rider availability and reallocate if required
Delivery Assignment Delay,ORD-009968,MEDIUM,Assignment delay of 15.9 minutes,Check rider availability and reallocate if required
Delivery Assignment Delay,ORD-056674,MEDIUM,Assignment delay of 16.5 minutes,Check rider availability and reallocate if required
Delivery Assignment Delay,ORD-053405,MEDIUM,Assignment delay of 18.7 minutes,Check rider availability and reallocate if required
Delivery Assignment Delay,ORD-025821,MEDIUM,Assignment delay of 16.1 minutes,Check rider availability and reallocate if required
Delivery Assignment Delay,ORD-092128,MEDIUM,Assignment delay of 16.3 minutes,Check rider availability and reallocate if required
Delivery Assignment Delay,ORD-037904,MEDIUM,Assignment delay of 15.5 minutes,Check rider availability and reallocate if required
Delivery Assignment Delay,ORD-081011,MEDIUM,Assignment delay of 16.5 minutes,Check rider availability and reallocate if required
Delivery Assignment Delay,ORD-031408,MEDIUM,Assignment delay of 15.6 minutes,Check rider availability and reallocate if required
Delivery Assignment Delay,ORD-072541,MEDIUM,Assignment delay of 17.6 minutes,Check rider availability and reallocate if required
Delivery Assignment Delay,ORD-017603,MEDIUM,Assignment delay of 15.2 minutes,Check rider availability and reallocate if required
Delivery Assignment Delay,ORD-052917,MEDIUM,Assignment delay of 16.1 minutes,Check rider availability and reallocate if required
Delivery Assignment Delay,ORD-064946,MEDIUM,Assignment delay of 15.1 minutes,Check rider availability and reallocate if required
Delivery Assignment Delay,ORD-092058,MEDIUM,Assignment delay of 17.1 minutes,Check rider availability and reallocate if required
Delivery Assignment Delay,ORD-058798,MEDIUM,Assignment delay of 15.3 minutes,Check rider availability and reallocate if required
Delivery Assignment Delay,ORD-089042,MEDIUM,Assignment delay of 15.4 minutes,Check rider availability and reallocate if required
Delivery Assignment Delay,ORD-095874,MEDIUM,Assignment delay of 15.4 minutes,Check rider availability and reallocate if required
Delivery Assignment Delay,ORD-012742,MEDIUM,Assignment delay of 16.5 minutes,Check rider availability and reallocate if required
Delivery Assignment Delay,ORD-060619,MEDIUM,Assignment delay of 17.8 minutes,Check rider availability and reallocate if required
Delivery Assignment Delay,ORD-060071,MEDIUM,Assignment delay of 19.9 minutes,Check rider availability and reallocate if required
Delivery Assignment Delay,ORD-093761,MEDIUM,Assignment delay of 17.4 minutes,Check rider availability and reallocate if required
Delivery Assignment Delay,ORD-081123,MEDIUM,Assignment delay of 16.9 minutes,Check rider availability and reallocate if required
Delivery Assignment Delay,ORD-051895,MEDIUM,Assignment delay of 18.2 minutes,Check rider availability and reallocate if required
Delivery Assignment Delay,ORD-082592,MEDIUM,Assignment delay of 18.0 minutes,Check rider availability and reallocate if required
Delivery Assignment Delay,ORD-077287,MEDIUM,Assignment delay of 15.1 minutes,Check rider availability and reallocate if required
Delivery Assignment Delay,ORD-010519,MEDIUM,Assignment delay of 15.2 minutes,Check rider availability and reallocate if required
Delivery Assignment Delay,ORD-033047,MEDIUM,Assignment delay of 17.9 minutes,Check rider availability and reallocate if required
Delivery Assignment Delay,ORD-048733,MEDIUM,Assignment delay of 15.4 minutes,Check rider availability and reallocate if required
Delivery Assignment Delay,ORD-041327,MEDIUM,Assignment delay of 15.1 minutes,Check rider availability and reallocate if required
Delivery Assignment Delay,ORD-034262,MEDIUM,Assignment delay of 16.8 minutes,Check rider availability and reallocate if required
Delivery Assignment Delay,ORD-022548,MEDIUM,Assignment delay of 15.4 minutes,Check rider availability and reallocate if required
Delivery Assignment Delay,ORD-023284,MEDIUM,Assignment delay of 15.7 minutes,Check rider availability and reallocate if required
Delivery Assignment Delay,ORD-020467,MEDIUM,Assignment delay of 15.4 minutes,Check rider availability and reallocate if required
Delivery Assignment Delay,ORD-014071,MEDIUM,Assignment delay of 17.2 minutes,Check rider availability and reallocate if required
Delivery Assignment Delay,ORD-047155,MEDIUM,Assignment delay of 15.1 minutes,Check rider availability and reallocate if required
Delivery Assignment Delay,ORD-038483,MEDIUM,Assignment delay of 15.8 minutes,Check rider availability and reallocate if required
Delivery Assignment Delay,ORD-066358,MEDIUM,Assignment delay of 15.2 minutes,Check rider availability and reallocate if required
Delivery Assignment Delay,ORD-000032,MEDIUM,Assignment delay of 16.0 minutes,Check rider availability and reallocate if required
Delivery Assignment Delay,ORD-034768,MEDIUM,Assignment delay of 15.1 minutes,Check rider availability and reallocate if required
Delivery Assignment Delay,ORD-047977,MEDIUM,Assignment delay of 16.2 minutes,Check rider availability and reallocate if required
Delivery Assignment Delay,ORD-036255,MEDIUM,Assignment delay of 17.3 minutes,Check rider availability and reallocate if required
Delivery Assignment Delay,ORD-093016,MEDIUM,Assignment delay of 15.5 minutes,Check rider availability and reallocate if required
Delivery Assignment Delay,ORD-076007,MEDIUM,Assignment delay of 16.2 minutes,Check rider availability and reallocate if required
Delivery Assignment Delay,ORD-075674,MEDIUM,Assignment delay of 16.8 minutes,Check rider availability and reallocate if required
Delivery Assignment Delay,ORD-043790,MEDIUM,Assignment delay of 15.1 minutes,Check rider availability and reallocate if required
Delivery Assignment Delay,ORD-005983,MEDIUM,Assignment delay of 16.2 minutes,Check rider availability and reallocate if required
Delivery Assignment Delay,ORD-078385,MEDIUM,Assignment delay of 16.4 minutes,Check rider availability and reallocate if required
Delivery Assignment Delay,ORD-005134,MEDIUM,Assignment delay of 16.1 minutes,Check rider availability and reallocate if required
Delivery Assignment Delay,ORD-093300,MEDIUM,Assignment delay of 15.1 minutes,Check rider availability and reallocate if required
Delivery Assignment Delay,ORD-055675,MEDIUM,Assignment delay of 16.1 minutes,Check rider availability and reallocate if required
Delivery Assignment Delay,ORD-026521,MEDIUM,Assignment delay of 16.0 minutes,Check rider availability and reallocate if required
Delivery Assignment Delay,ORD-013261,MEDIUM,Assignment delay of 16.4 minutes,Check rider availability and reallocate if required
Delivery Assignment Delay,ORD-003294,MEDIUM,Assignment delay of 16.2 minutes,Check rider availability and reallocate if required
Delivery Assignment Delay,ORD-016562,MEDIUM,Assignment delay of 16.6 minutes,Check rider availability and reallocate if required
Delivery Assignment Delay,ORD-019083,MEDIUM,Assignment delay of 15.5 minutes,Check rider availability and reallocate if required
Delivery Assignment Delay,ORD-097641,MEDIUM,Assignment delay of 15.3 minutes,Check rider availability and reallocate if required
Delivery Assignment Delay,ORD-074380,MEDIUM,Assignment delay of 17.4 minutes,Check rider availability and reallocate if required
Delivery Assignment Delay,ORD-002977,MEDIUM,Assignment delay of 15.3 minutes,Check rider availability and reallocate if required
Delivery Assignment Delay,ORD-051183,MEDIUM,Assignment delay of 15.8 minutes,Check rider availability and reallocate if required
Delivery Assignment Delay,ORD-068988,MEDIUM,Assignment delay of 15.7 minutes,Check rider availability and reallocate if required
Delivery Assignment Delay,ORD-069181,MEDIUM,Assignment delay of 16.9 minutes,Check rider availability and reallocate if required
Delivery Assignment Delay,ORD-049914,MEDIUM,Assignment delay of 15.8 minutes,Check rider availability and reallocate if required
Delivery Assignment Delay,ORD-021804,MEDIUM,Assignment delay of 15.2 minutes,Check rider availability and reallocate if required
Delivery Assignment Delay,ORD-014365,MEDIUM,Assignment delay of 15.5 minutes,Check rider availability and reallocate if required
Delivery Assignment Delay,ORD-052739,MEDIUM,Assignment delay of 16.1 minutes,Check rider availability and reallocate if required
Delivery Assignment Delay,ORD-074289,MEDIUM,Assignment delay of 16.6 minutes,Check rider availability and reallocate if required
Delivery Assignment Delay,ORD-075250,MEDIUM,Assignment delay of 15.5 minutes,Check rider availability and reallocate if required
Delivery Assignment Delay,ORD-023964,MEDIUM,Assignment delay of 15.2 minutes,Check rider availability and reallocate if required
Delivery Assignment Delay,ORD-067091,MEDIUM,Assignment delay of 15.5 minutes,Check rider availability and reallocate if required
Delivery Assignment Delay,ORD-018745,MEDIUM,Assignment delay of 15.1 minutes,Check rider availability and reallocate if required
Delivery Assignment Delay,ORD-092585,MEDIUM,Assignment delay of 16.7 minutes,Check rider availability and reallocate if required
Delivery Assignment Delay,ORD-087899,MEDIUM,Assignment delay of 15.9 minutes,Check rider availability and reallocate if required
Delivery Assignment Delay,ORD-040144,MEDIUM,Assignment delay of 16.5 minutes,Check rider availability and reallocate if required
Delivery Assignment Delay,ORD-089097,MEDIUM,Assignment delay of 16.4 minutes,Check rider availability and reallocate if required
Delivery Assignment Delay,ORD-049311,MEDIUM,Assignment delay of 17.8 minutes,Check rider availability and reallocate if required
Delivery Assignment Delay,ORD-012559,MEDIUM,Assignment delay of 15.4 minutes,Check rider availability and reallocate if required
Delivery Assignment Delay,ORD-006248,MEDIUM,Assignment delay of 17.5 minutes,Check rider availability and reallocate if required
Delivery Assignment Delay,ORD-007521,MEDIUM,Assignment delay of 15.5 minutes,Check rider availability and reallocate if required
Delivery Assignment Delay,ORD-074702,MEDIUM,Assignment delay of 16.3 minutes,Check rider availability and reallocate if required
Delivery Assignment Delay,ORD-050323,MEDIUM,Assignment delay of 19.0 minutes,Check rider availability and reallocate if required
Delivery Assignment Delay,ORD-074216,MEDIUM,Assignment delay of 16.7 minutes,Check rider availability and reallocate if required
Delivery Assignment Delay,ORD-051450,MEDIUM,Assignment delay of 16.3 minutes,Check rider availability and reallocate if required
Delivery Assignment Delay,ORD-075168,MEDIUM,Assignment delay of 15.1 minutes,Check rider availability and reallocate if required
Delivery Assignment Delay,ORD-075156,MEDIUM,Assignment delay of 17.5 minutes,Check rider availability and reallocate if required
Delivery Assignment Delay,ORD-086003,MEDIUM,Assignment delay of 16.0 minutes,Check rider availability and reallocate if required
Delivery Assignment Delay,ORD-059264,MEDIUM,Assignment delay of 15.8 minutes,Check rider availability and reallocate if required
Delivery Assignment Delay,ORD-063414,MEDIUM,Assignment delay of 18.3 minutes,Check rider availability and reallocate if required
Delivery Assignment Delay,ORD-039273,MEDIUM,Assignment delay of 16.7 minutes,Check rider availability and reallocate if required
Delivery Assignment Delay,ORD-073145,MEDIUM,Assignment delay of 15.4 minutes,Check rider availability and reallocate if required
Delivery Assignment Delay,ORD-097759,MEDIUM,Assignment delay of 16.8 minutes,Check rider availability and reallocate if required
Delivery Assignment Delay,ORD-016521,MEDIUM,Assignment delay of 18.3 minutes,Check rider availability and reallocate if required
Delivery Assignment Delay,ORD-040037,MEDIUM,Assignment delay of 18.4 minutes,Check rider availability and reallocate if required
Delivery Assignment Delay,ORD-033768,MEDIUM,Assignment delay of 16.0 minutes,Check rider availability and reallocate if required
Delivery Assignment Delay,ORD-026645,MEDIUM,Assignment delay of 15.5 minutes,Check rider availability and reallocate if required
Delivery Assignment Delay,ORD-013778,MEDIUM,Assignment delay of 15.6 minutes,Check rider availability and reallocate if required
Delivery Assignment Delay,ORD-017363,MEDIUM,Assignment delay of 16.9 minutes,Check rider availability and reallocate if required
Delivery Assignment Delay,ORD-033081,MEDIUM,Assignment delay of 15.2 minutes,Check rider availability and reallocate if required
Delivery Assignment Delay,ORD-019477,MEDIUM,Assignment delay of 17.8 minutes,Check rider availability and reallocate if required
Delivery Assignment Delay,ORD-010257,MEDIUM,Assignment delay of 15.6 minutes,Check rider availability and reallocate if required
Delivery Assignment Delay,ORD-068363,MEDIUM,Assignment delay of 15.5 minutes,Check rider availability and reallocate if required
Delivery Assignment Delay,ORD-067355,MEDIUM,Assignment delay of 15.8 minutes,Check rider availability and reallocate if required
Delivery Assignment Delay,ORD-041976,MEDIUM,Assignment delay of 17.7 minutes,Check rider availability and reallocate if required
Delivery Assignment Delay,ORD-075611,MEDIUM,Assignment delay of 18.2 minutes,Check rider availability and reallocate if required
Delivery Assignment Delay,ORD-016419,MEDIUM,Assignment delay of 15.1 minutes,Check rider availability and reallocate if required
Delivery Assignment Delay,ORD-000805,MEDIUM,Assignment delay of 17.2 minutes,Check rider availability and reallocate if required
Delivery Assignment Delay,ORD-012671,MEDIUM,Assignment delay of 16.5 minutes,Check rider availability and reallocate if required
Delivery Assignment Delay,ORD-026921,MEDIUM,Assignment delay of 15.4 minutes,Check rider availability and reallocate if required
Delivery Assignment Delay,ORD-036640,MEDIUM,Assignment delay of 15.3 minutes,Check rider availability and reallocate if required
Delivery Assignment Delay,ORD-004970,MEDIUM,Assignment delay of 15.2 minutes,Check rider availability and reallocate if required
Delivery Assignment Delay,ORD-049131,MEDIUM,Assignment delay of 18.3 minutes,Check rider availability and reallocate if required
Delivery Assignment Delay,ORD-045085,MEDIUM,Assignment delay of 19.0 minutes,Check rider availability and reallocate if required
Delivery Assignment Delay,ORD-068666,MEDIUM,Assignment delay of 15.4 minutes,Check rider availability and reallocate if required
Delivery Assignment Delay,ORD-027093,MEDIUM,Assignment delay of 16.9 minutes,Check rider availability and reallocate if required
Delivery Assignment Delay,ORD-034756,MEDIUM,Assignment delay of 16.1 minutes,Check rider availability and reallocate if required
Delivery Assignment Delay,ORD-094464,MEDIUM,Assignment delay of 15.5 minutes,Check rider availability and reallocate if required
Delivery Assignment Delay,ORD-033266,MEDIUM,Assignment delay of 15.6 minutes,Check rider availability and reallocate if required
Delivery Assignment Delay,ORD-069180,MEDIUM,Assignment delay of 16.5 minutes,Check rider availability and reallocate if required
Delivery Assignment Delay,ORD-025592,MEDIUM,Assignment delay of 15.2 minutes,Check rider availability and reallocate if required
Delivery Assignment Delay,ORD-061619,MEDIUM,Assignment delay of 15.5 minutes,Check rider availability and reallocate if required
Delivery Assignment Delay,ORD-056122,MEDIUM,Assignment delay of 15.3 minutes,Check rider availability and reallocate if required
Delivery Assignment Delay,ORD-098476,MEDIUM,Assignment delay of 15.7 minutes,Check rider availability and reallocate if required
Delivery Assignment Delay,ORD-005758,MEDIUM,Assignment delay of 17.7 minutes,Check rider availability and reallocate if required
Delivery Assignment Delay,ORD-047515,MEDIUM,Assignment delay of 16.6 minutes,Check rider availability and reallocate if required
Delivery Assignment Delay,ORD-071271,MEDIUM,Assignment delay of 15.4 minutes,Check rider availability and reallocate if required
Delivery Assignment Delay,ORD-000227,MEDIUM,Assignment delay of 17.2 minutes,Check rider availability and reallocate if required
Delivery Assignment Delay,ORD-056839,MEDIUM,Assignment delay of 15.4 minutes,Check rider availability and reallocate if required
Delivery Assignment Delay,ORD-044713,MEDIUM,Assignment delay of 15.6 minutes,Check rider availability and reallocate if required
Delivery Assignment Delay,ORD-009590,MEDIUM,Assignment delay of 18.3 minutes,Check rider availability and reallocate if required
Delivery Assignment Delay,ORD-077756,MEDIUM,Assignment delay of 17.7 minutes,Check rider availability and reallocate if required
Delivery Assignment Delay,ORD-081748,MEDIUM,Assignment delay of 15.9 minutes,Check rider availability and reallocate if required
Delivery Assignment Delay,ORD-082677,MEDIUM,Assignment delay of 15.4 minutes,Check rider availability and reallocate if required
Delivery Assignment Delay,ORD-008571,MEDIUM,Assignment delay of 19.8 minutes,Check rider availability and reallocate if required
Delivery Assignment Delay,ORD-088172,MEDIUM,Assignment delay of 16.1 minutes,Check rider availability and reallocate if required
Delivery Assignment Delay,ORD-036788,MEDIUM,Assignment delay of 15.2 minutes,Check rider availability and reallocate if required
Delivery Assignment Delay,ORD-066789,MEDIUM,Assignment delay of 15.8 minutes,Check rider availability and reallocate if required
Delivery Assignment Delay,ORD-048707,MEDIUM,Assignment delay of 15.9 minutes,Check rider availability and reallocate if required
Delivery Assignment Delay,ORD-077576,MEDIUM,Assignment delay of 15.5 minutes,Check rider availability and reallocate if required
Delivery Assignment Delay,ORD-049076,MEDIUM,Assignment delay of 16.3 minutes,Check rider availability and reallocate if required
Delivery Assignment Delay,ORD-072986,MEDIUM,Assignment delay of 15.7 minutes,Check rider availability and reallocate if required
Picking Delay,ORD-062514,MEDIUM,Pick duration of 20.0 minutes,Review picker workload and process delays
Picking Delay,ORD-026296,MEDIUM,Pick duration of 19.6 minutes,Review picker workload and process delays
Picking Delay,ORD-086603,MEDIUM,Pick duration of 20.3 minutes,Review picker workload and process delays
Picking Delay,ORD-020073,MEDIUM,Pick duration of 25.1 minutes,Review picker workload and process delays
Picking Delay,ORD-053317,MEDIUM,Pick duration of 19.4 minutes,Review picker workload and process delays
Picking Delay,ORD-071668,MEDIUM,Pick duration of 19.4 minutes,Review picker workload and process delays
Picking Delay,ORD-026965,MEDIUM,Pick duration of 22.2 minutes,Review picker workload and process delays
Picking Delay,ORD-042057,MEDIUM,Pick duration of 19.4 minutes,Review picker workload and process delays
Picking Delay,ORD-035200,MEDIUM,Pick duration of 21.4 minutes,Review picker workload and process delays
Picking Delay,ORD-081444,MEDIUM,Pick duration of 22.3 minutes,Review picker workload and process delays
Picking Delay,ORD-029124,MEDIUM,Pick duration of 24.0 minutes,Review picker workload and process delays
Picking Delay,ORD-099715,MEDIUM,Pick duration of 20.2 minutes,Review picker workload and process delays
Picking Delay,ORD-072324,MEDIUM,Pick duration of 25.0 minutes,Review picker workload and process delays
Picking Delay,ORD-093047,MEDIUM,Pick duration of 19.5 minutes,Review picker workload and process delays
Picking Delay,ORD-044162,MEDIUM,Pick duration of 19.1 minutes,Review picker workload and process delays
Picking Delay,ORD-099882,MEDIUM,Pick duration of 21.4 minutes,Review picker workload and process delays
Picking Delay,ORD-088828,MEDIUM,Pick duration of 25.9 minutes,Review picker workload and process delays
Picking Delay,ORD-005465,MEDIUM,Pick duration of 23.2 minutes,Review picker workload and process delays
Picking Delay,ORD-034185,MEDIUM,Pick duration of 20.9 minutes,Review picker workload and process delays
Picking Delay,ORD-053686,MEDIUM,Pick duration of 21.4 minutes,Review picker workload and process delays
Picking Delay,ORD-094026,MEDIUM,Pick duration of 19.9 minutes,Review picker workload and process delays
Picking Delay,ORD-086230,MEDIUM,Pick duration of 20.4 minutes,Review picker workload and process delays
Picking Delay,ORD-055408,MEDIUM,Pick duration of 20.7 minutes,Review picker workload and process delays
Picking Delay,ORD-028100,MEDIUM,Pick duration of 22.8 minutes,Review picker workload and process delays
Picking Delay,ORD-007421,MEDIUM,Pick duration of 19.1 minutes,Review picker workload and process delays
Picking Delay,ORD-069223,MEDIUM,Pick duration of 19.7 minutes,Review picker workload and process delays
Picking Delay,ORD-032223,MEDIUM,Pick duration of 19.4 minutes,Review picker workload and process delays
Picking Delay,ORD-072622,MEDIUM,Pick duration of 19.9 minutes,Review picker workload and process delays
Picking Delay,ORD-013693,MEDIUM,Pick duration of 22.1 minutes,Review picker workload and process delays
Picking Delay,ORD-033596,MEDIUM,Pick duration of 21.0 minutes,Review picker workload and process delays
Picking Delay,ORD-079680,MEDIUM,Pick duration of 19.9 minutes,Review picker workload and process delays
Picking Delay,ORD-093320,MEDIUM,Pick duration of 21.0 minutes,Review picker workload and process delays
Picking Delay,ORD-004047,MEDIUM,Pick duration of 22.8 minutes,Review picker workload and process delays
Picking Delay,ORD-009174,MEDIUM,Pick duration of 21.6 minutes,Review picker workload and process delays
Picking Delay,ORD-086620,MEDIUM,Pick duration of 21.2 minutes,Review picker workload and process delays
Picking Delay,ORD-070873,MEDIUM,Pick duration of 19.1 minutes,Review picker workload and process delays
Picking Delay,ORD-093778,MEDIUM,Pick duration of 20.3 minutes,Review picker workload and process delays
Picking Delay,ORD-050991,MEDIUM,Pick duration of 19.4 minutes,Review picker workload and process delays
Picking Delay,ORD-097342,MEDIUM,Pick duration of 20.4 minutes,Review picker workload and process delays
Picking Delay,ORD-067458,MEDIUM,Pick duration of 20.0 minutes,Review picker workload and process delays
Picking Delay,ORD-070731,MEDIUM,Pick duration of 20.1 minutes,Review picker workload and process delays
Picking Delay,ORD-067597,MEDIUM,Pick duration of 23.3 minutes,Review picker workload and process delays
Picking Delay,ORD-090158,MEDIUM,Pick duration of 22.4 minutes,Review picker workload and process delays
Picking Delay,ORD-000892,MEDIUM,Pick duration of 26.5 minutes,Review picker workload and process delays
Picking Delay,ORD-065101,MEDIUM,Pick duration of 22.5 minutes,Review picker workload and process delays
Picking Delay,ORD-083036,MEDIUM,Pick duration of 22.0 minutes,Review picker workload and process delays
Picking Delay,ORD-055641,MEDIUM,Pick duration of 21.4 minutes,Review picker workload and process delays
Picking Delay,ORD-008327,MEDIUM,Pick duration of 19.4 minutes,Review picker workload and process delays
Picking Delay,ORD-022764,MEDIUM,Pick duration of 20.1 minutes,Review picker workload and process delays
Picking Delay,ORD-051792,MEDIUM,Pick duration of 22.3 minutes,Review picker workload and process delays
Picking Delay,ORD-073997,MEDIUM,Pick duration of 20.6 minutes,Review picker workload and process delays
Picking Delay,ORD-060075,MEDIUM,Pick duration of 20.6 minutes,Review picker workload and process delays
Picking Delay,ORD-036898,MEDIUM,Pick duration of 20.5 minutes,Review picker workload and process delays
Picking Delay,ORD-033464,MEDIUM,Pick duration of 19.5 minutes,Review picker workload and process delays
Picking Delay,ORD-063380,MEDIUM,Pick duration of 19.3 minutes,Review picker workload and process delays
Picking Delay,ORD-098013,MEDIUM,Pick duration of 22.7 minutes,Review picker workload and process delays
Picking Delay,ORD-025644,MEDIUM,Pick duration of 21.7 minutes,Review picker workload and process delays
Picking Delay,ORD-060157,MEDIUM,Pick duration of 21.6 minutes,Review picker workload and process delays
Picking Delay,ORD-048965,MEDIUM,Pick duration of 26.5 minutes,Review picker workload and process delays
Picking Delay,ORD-052056,MEDIUM,Pick duration of 21.8 minutes,Review picker workload and process delays
Picking Delay,ORD-063566,MEDIUM,Pick duration of 19.1 minutes,Review picker workload and process delays
Picking Delay,ORD-008760,MEDIUM,Pick duration of 21.3 minutes,Review picker workload and process delays
Picking Delay,ORD-046691,MEDIUM,Pick duration of 21.0 minutes,Review picker workload and process delays
Picking Delay,ORD-000318,MEDIUM,Pick duration of 21.2 minutes,Review picker workload and process delays
Picking Delay,ORD-018081,MEDIUM,Pick duration of 24.2 minutes,Review picker workload and process delays
Picking Delay,ORD-084068,MEDIUM,Pick duration of 20.1 minutes,Review picker workload and process delays
Picking Delay,ORD-031219,MEDIUM,Pick duration of 19.7 minutes,Review picker workload and process delays
Picking Delay,ORD-065503,MEDIUM,Pick duration of 19.8 minutes,Review picker workload and process delays
Picking Delay,ORD-009468,MEDIUM,Pick duration of 19.7 minutes,Review picker workload and process delays
Picking Delay,ORD-056130,MEDIUM,Pick duration of 19.7 minutes,Review picker workload and process delays
Picking Delay,ORD-082153,MEDIUM,Pick duration of 19.1 minutes,Review picker workload and process delays
Picking Delay,ORD-023307,MEDIUM,Pick duration of 20.2 minutes,Review picker workload and process delays
Picking Delay,ORD-061428,MEDIUM,Pick duration of 23.7 minutes,Review picker workload and process delays
Picking Delay,ORD-053277,MEDIUM,Pick duration of 22.2 minutes,Review picker workload and process delays
Picking Delay,ORD-081944,MEDIUM,Pick duration of 20.3 minutes,Review picker workload and process delays
Picking Delay,ORD-082816,MEDIUM,Pick duration of 23.2 minutes,Review picker workload and process delays
Picking Delay,ORD-073576,MEDIUM,Pick duration of 21.1 minutes,Review picker workload and process delays
Picking Delay,ORD-049106,MEDIUM,Pick duration of 19.0 minutes,Review picker workload and process delays
Picking Delay,ORD-067446,MEDIUM,Pick duration of 21.7 minutes,Review picker workload and process delays
Picking Delay,ORD-097798,MEDIUM,Pick duration of 21.7 minutes,Review picker workload and process delays
Picking Delay,ORD-011760,MEDIUM,Pick duration of 21.7 minutes,Review picker workload and process delays
Picking Delay,ORD-049197,MEDIUM,Pick duration of 21.2 minutes,Review picker workload and process delays
Picking Delay,ORD-038061,MEDIUM,Pick duration of 24.5 minutes,Review picker workload and process delays
Picking Delay,ORD-085138,MEDIUM,Pick duration of 20.0 minutes,Review picker workload and process delays
Picking Delay,ORD-060685,MEDIUM,Pick duration of 21.7 minutes,Review picker workload and process delays
Picking Delay,ORD-016005,MEDIUM,Pick duration of 19.5 minutes,Review picker workload and process delays
Picking Delay,ORD-075991,MEDIUM,Pick duration of 19.0 minutes,Review picker workload and process delays
Picking Delay,ORD-061958,MEDIUM,Pick duration of 20.7 minutes,Review picker workload and process delays
Picking Delay,ORD-015462,MEDIUM,Pick duration of 21.4 minutes,Review picker workload and process delays
Picking Delay,ORD-014702,MEDIUM,Pick duration of 21.7 minutes,Review picker workload and process delays
Picking Delay,ORD-085223,MEDIUM,Pick duration of 24.6 minutes,Review picker workload and process delays
Picking Delay,ORD-011999,MEDIUM,Pick duration of 19.5 minutes,Review picker workload and process delays
Picking Delay,ORD-082605,MEDIUM,Pick duration of 20.1 minutes,Review picker workload and process delays
Picking Delay,ORD-073355,MEDIUM,Pick duration of 21.5 minutes,Review picker workload and process delays
Picking Delay,ORD-031231,MEDIUM,Pick duration of 19.3 minutes,Review picker workload and process delays
Picking Delay,ORD-068519,MEDIUM,Pick duration of 18.9 minutes,Review picker workload and process delays
Picking Delay,ORD-014634,MEDIUM,Pick duration of 19.0 minutes,Review picker workload and process delays
Picking Delay,ORD-099203,MEDIUM,Pick duration of 22.6 minutes,Review picker workload and process delays
Picking Delay,ORD-011766,MEDIUM,Pick duration of 22.0 minutes,Review picker workload and process delays
Picking Delay,ORD-017842,MEDIUM,Pick duration of 20.7 minutes,Review picker workload and process delays
Picking Delay,ORD-024249,MEDIUM,Pick duration of 22.8 minutes,Review picker workload and process delays
Picking Delay,ORD-010339,MEDIUM,Pick duration of 22.5 minutes,Review picker workload and process delays
Picking Delay,ORD-077442,MEDIUM,Pick duration of 23.0 minutes,Review picker workload and process delays
Picking Delay,ORD-084426,MEDIUM,Pick duration of 18.9 minutes,Review picker workload and process delays
Picking Delay,ORD-063350,MEDIUM,Pick duration of 22.9 minutes,Review picker workload and process delays
Picking Delay,ORD-056082,MEDIUM,Pick duration of 19.3 minutes,Review picker workload and process delays
Picking Delay,ORD-083262,MEDIUM,Pick duration of 23.2 minutes,Review picker workload and process delays
Picking Delay,ORD-008322,MEDIUM,Pick duration of 19.9 minutes,Review picker workload and process delays
Picking Delay,ORD-087494,MEDIUM,Pick duration of 22.2 minutes,Review picker workload and process delays
Picking Delay,ORD-041530,MEDIUM,Pick duration of 27.8 minutes,Review picker workload and process delays
Picking Delay,ORD-020374,MEDIUM,Pick duration of 19.7 minutes,Review picker workload and process delays
Picking Delay,ORD-084603,MEDIUM,Pick duration of 19.3 minutes,Review picker workload and process delays
Picking Delay,ORD-046536,MEDIUM,Pick duration of 23.0 minutes,Review picker workload and process delays
Picking Delay,ORD-080083,MEDIUM,Pick duration of 20.0 minutes,Review picker workload and process delays
Picking Delay,ORD-016940,MEDIUM,Pick duration of 22.9 minutes,Review picker workload and process delays
Picking Delay,ORD-000535,MEDIUM,Pick duration of 20.6 minutes,Review picker workload and process delays
Picking Delay,ORD-065631,MEDIUM,Pick duration of 22.9 minutes,Review picker workload and process delays
Picking Delay,ORD-022516,MEDIUM,Pick duration of 19.6 minutes,Review picker workload and process delays
Picking Delay,ORD-061039,MEDIUM,Pick duration of 25.0 minutes,Review picker workload and process delays
Picking Delay,ORD-036529,MEDIUM,Pick duration of 20.7 minutes,Review picker workload and process delays
Picking Delay,ORD-013888,MEDIUM,Pick duration of 19.9 minutes,Review picker workload and process delays
Picking Delay,ORD-052133,MEDIUM,Pick duration of 21.1 minutes,Review picker workload and process delays
Picking Delay,ORD-047984,MEDIUM,Pick duration of 20.6 minutes,Review picker workload and process delays
Picking Delay,ORD-083177,MEDIUM,Pick duration of 20.1 minutes,Review picker workload and process delays
Picking Delay,ORD-035977,MEDIUM,Pick duration of 18.9 minutes,Review picker workload and process delays
Picking Delay,ORD-042638,MEDIUM,Pick duration of 19.5 minutes,Review picker workload and process delays
Picking Delay,ORD-055432,MEDIUM,Pick duration of 26.2 minutes,Review picker workload and process delays
Picking Delay,ORD-048165,MEDIUM,Pick duration of 19.6 minutes,Review picker workload and process delays
Picking Delay,ORD-022265,MEDIUM,Pick duration of 19.3 minutes,Review picker workload and process delays
Picking Delay,ORD-078405,MEDIUM,Pick duration of 19.3 minutes,Review picker workload and process delays
Picking Delay,ORD-065849,MEDIUM,Pick duration of 21.2 minutes,Review picker workload and process delays
Picking Delay,ORD-098259,MEDIUM,Pick duration of 20.0 minutes,Review picker workload and process delays
Picking Delay,ORD-087509,MEDIUM,Pick duration of 22.6 minutes,Review picker workload and process delays
Picking Delay,ORD-087243,MEDIUM,Pick duration of 25.1 minutes,Review picker workload and process delays
Picking Delay,ORD-074908,MEDIUM,Pick duration of 19.2 minutes,Review picker workload and process delays
Picking Delay,ORD-023206,MEDIUM,Pick duration of 21.0 minutes,Review picker workload and process delays
Picking Delay,ORD-068819,MEDIUM,Pick duration of 19.1 minutes,Review picker workload and process delays
Picking Delay,ORD-007328,MEDIUM,Pick duration of 25.7 minutes,Review picker workload and process delays
Picking Delay,ORD-091325,MEDIUM,Pick duration of 23.2 minutes,Review picker workload and process delays
Picking Delay,ORD-080098,MEDIUM,Pick duration of 21.1 minutes,Review picker workload and process delays
Picking Delay,ORD-015860,MEDIUM,Pick duration of 19.5 minutes,Review picker workload and process delays
Picking Delay,ORD-069460,MEDIUM,Pick duration of 20.6 minutes,Review picker workload and process delays
Picking Delay,ORD-021451,MEDIUM,Pick duration of 23.3 minutes,Review picker workload and process delays
Picking Delay,ORD-095797,MEDIUM,Pick duration of 24.4 minutes,Review picker workload and process delays
Picking Delay,ORD-054176,MEDIUM,Pick duration of 19.7 minutes,Review picker workload and process delays
Picking Delay,ORD-079748,MEDIUM,Pick duration of 23.2 minutes,Review picker workload and process delays
Picking Delay,ORD-073898,MEDIUM,Pick duration of 19.5 minutes,Review picker workload and process delays
Picking Delay,ORD-015229,MEDIUM,Pick duration of 21.5 minutes,Review picker workload and process delays
Picking Delay,ORD-086060,MEDIUM,Pick duration of 19.4 minutes,Review picker workload and process delays
Picking Delay,ORD-005609,MEDIUM,Pick duration of 20.9 minutes,Review picker workload and process delays
Picking Delay,ORD-097060,MEDIUM,Pick duration of 18.9 minutes,Review picker workload and process delays
Picking Delay,ORD-030899,MEDIUM,Pick duration of 20.6 minutes,Review picker workload and process delays
Picking Delay,ORD-098780,MEDIUM,Pick duration of 20.7 minutes,Review picker workload and process delays
Picking Delay,ORD-019956,MEDIUM,Pick duration of 21.0 minutes,Review picker workload and process delays
Picking Delay,ORD-099046,MEDIUM,Pick duration of 22.8 minutes,Review picker workload and process delays
Picking Delay,ORD-092050,MEDIUM,Pick duration of 22.0 minutes,Review picker workload and process delays
Picking Delay,ORD-020309,MEDIUM,Pick duration of 27.9 minutes,Review picker workload and process delays
Picking Delay,ORD-048483,MEDIUM,Pick duration of 20.7 minutes,Review picker workload and process delays
Picking Delay,ORD-008997,MEDIUM,Pick duration of 21.7 minutes,Review picker workload and process delays
Picking Delay,ORD-052876,MEDIUM,Pick duration of 19.0 minutes,Review picker workload and process delays
Picking Delay,ORD-053456,MEDIUM,Pick duration of 22.9 minutes,Review picker workload and process delays
Picking Delay,ORD-045069,MEDIUM,Pick duration of 19.4 minutes,Review picker workload and process delays
Picking Delay,ORD-026356,MEDIUM,Pick duration of 22.4 minutes,Review picker workload and process delays
Picking Delay,ORD-002625,MEDIUM,Pick duration of 23.3 minutes,Review picker workload and process delays
Picking Delay,ORD-043033,MEDIUM,Pick duration of 19.8 minutes,Review picker workload and process delays
Picking Delay,ORD-016449,MEDIUM,Pick duration of 19.0 minutes,Review picker workload and process delays
Picking Delay,ORD-099164,MEDIUM,Pick duration of 18.9 minutes,Review picker workload and process delays
Picking Delay,ORD-015976,MEDIUM,Pick duration of 22.3 minutes,Review picker workload and process delays
Picking Delay,ORD-078155,MEDIUM,Pick duration of 19.3 minutes,Review picker workload and process delays
Picking Delay,ORD-074843,MEDIUM,Pick duration of 22.0 minutes,Review picker workload and process delays
Picking Delay,ORD-043879,MEDIUM,Pick duration of 19.4 minutes,Review picker workload and process delays
Picking Delay,ORD-053600,MEDIUM,Pick duration of 23.8 minutes,Review picker workload and process delays
Picking Delay,ORD-089525,MEDIUM,Pick duration of 21.3 minutes,Review picker workload and process delays
Picking Delay,ORD-034672,MEDIUM,Pick duration of 20.1 minutes,Review picker workload and process delays
Picking Delay,ORD-031525,MEDIUM,Pick duration of 20.7 minutes,Review picker workload and process delays
Picking Delay,ORD-045040,MEDIUM,Pick duration of 20.4 minutes,Review picker workload and process delays
Picking Delay,ORD-065091,MEDIUM,Pick duration of 19.9 minutes,Review picker workload and process delays
Picking Delay,ORD-071449,MEDIUM,Pick duration of 23.0 minutes,Review picker workload and process delays
Picking Delay,ORD-020829,MEDIUM,Pick duration of 22.2 minutes,Review picker workload and process delays
Picking Delay,ORD-091560,MEDIUM,Pick duration of 20.3 minutes,Review picker workload and process delays
Picking Delay,ORD-040049,MEDIUM,Pick duration of 21.2 minutes,Review picker workload and process delays
Picking Delay,ORD-089211,MEDIUM,Pick duration of 19.1 minutes,Review picker workload and process delays
Picking Delay,ORD-006462,MEDIUM,Pick duration of 20.1 minutes,Review picker workload and process delays
Picking Delay,ORD-071410,MEDIUM,Pick duration of 19.8 minutes,Review picker workload and process delays
Picking Delay,ORD-098187,MEDIUM,Pick duration of 19.7 minutes,Review picker workload and process delays
Picking Delay,ORD-010580,MEDIUM,Pick duration of 19.1 minutes,Review picker workload and process delays
Picking Delay,ORD-065209,MEDIUM,Pick duration of 23.1 minutes,Review picker workload and process delays
Picking Delay,ORD-057612,MEDIUM,Pick duration of 29.2 minutes,Review picker workload and process delays
Picking Delay,ORD-035452,MEDIUM,Pick duration of 25.6 minutes,Review picker workload and process delays
Picking Delay,ORD-048084,MEDIUM,Pick duration of 18.9 minutes,Review picker workload and process delays
Picking Delay,ORD-036349,MEDIUM,Pick duration of 21.7 minutes,Review picker workload and process delays
Picking Delay,ORD-049705,MEDIUM,Pick duration of 19.2 minutes,Review picker workload and process delays
Picking Delay,ORD-037633,MEDIUM,Pick duration of 22.5 minutes,Review picker workload and process delays
Picking Delay,ORD-078296,MEDIUM,Pick duration of 21.8 minutes,Review picker workload and process delays
Picking Delay,ORD-019656,MEDIUM,Pick duration of 20.1 minutes,Review picker workload and process delays
Picking Delay,ORD-006610,MEDIUM,Pick duration of 19.8 minutes,Review picker workload and process delays
Picking Delay,ORD-003036,MEDIUM,Pick duration of 18.9 minutes,Review picker workload and process delays
Picking Delay,ORD-082066,MEDIUM,Pick duration of 22.2 minutes,Review picker workload and process delays
Picking Delay,ORD-050058,MEDIUM,Pick duration of 21.8 minutes,Review picker workload and process delays
Picking Delay,ORD-014028,MEDIUM,Pick duration of 18.9 minutes,Review picker workload and process delays
Picking Delay,ORD-000470,MEDIUM,Pick duration of 19.6 minutes,Review picker workload and process delays
Picking Delay,ORD-011556,MEDIUM,Pick duration of 21.8 minutes,Review picker workload and process delays
Picking Delay,ORD-058863,MEDIUM,Pick duration of 22.1 minutes,Review picker workload and process delays
Picking Delay,ORD-067496,MEDIUM,Pick duration of 26.0 minutes,Review picker workload and process delays
Picking Delay,ORD-072040,MEDIUM,Pick duration of 21.7 minutes,Review picker workload and process delays
Picking Delay,ORD-051412,MEDIUM,Pick duration of 19.3 minutes,Review picker workload and process delays
Picking Delay,ORD-081871,MEDIUM,Pick duration of 21.5 minutes,Review picker workload and process delays
Picking Delay,ORD-061231,MEDIUM,Pick duration of 19.6 minutes,Review picker workload and process delays
Picking Delay,ORD-001745,MEDIUM,Pick duration of 22.7 minutes,Review picker workload and process delays
Picking Delay,ORD-066103,MEDIUM,Pick duration of 19.4 minutes,Review picker workload and process delays
Picking Delay,ORD-055628,MEDIUM,Pick duration of 20.1 minutes,Review picker workload and process delays
Picking Delay,ORD-028780,MEDIUM,Pick duration of 21.8 minutes,Review picker workload and process delays
Picking Delay,ORD-082100,MEDIUM,Pick duration of 27.4 minutes,Review picker workload and process delays
Picking Delay,ORD-027387,MEDIUM,Pick duration of 21.7 minutes,Review picker workload and process delays
Picking Delay,ORD-031568,MEDIUM,Pick duration of 19.1 minutes,Review picker workload and process delays
Picking Delay,ORD-023369,MEDIUM,Pick duration of 18.9 minutes,Review picker workload and process delays
Picking Delay,ORD-005820,MEDIUM,Pick duration of 19.9 minutes,Review picker workload and process delays
Picking Delay,ORD-028766,MEDIUM,Pick duration of 22.5 minutes,Review picker workload and process delays
Picking Delay,ORD-050626,MEDIUM,Pick duration of 21.1 minutes,Review picker workload and process delays
Picking Delay,ORD-020114,MEDIUM,Pick duration of 22.6 minutes,Review picker workload and process delays
Picking Delay,ORD-049734,MEDIUM,Pick duration of 20.0 minutes,Review picker workload and process delays
Picking Delay,ORD-095553,MEDIUM,Pick duration of 19.5 minutes,Review picker workload and process delays
Picking Delay,ORD-058599,MEDIUM,Pick duration of 19.7 minutes,Review picker workload and process delays
Picking Delay,ORD-020717,MEDIUM,Pick duration of 20.0 minutes,Review picker workload and process delays
Picking Delay,ORD-040522,MEDIUM,Pick duration of 24.6 minutes,Review picker workload and process delays
Picking Delay,ORD-091913,MEDIUM,Pick duration of 20.5 minutes,Review picker workload and process delays
Picking Delay,ORD-060950,MEDIUM,Pick duration of 22.9 minutes,Review picker workload and process delays
Picking Delay,ORD-077121,MEDIUM,Pick duration of 20.1 minutes,Review picker workload and process delays
Picking Delay,ORD-087989,MEDIUM,Pick duration of 20.7 minutes,Review picker workload and process delays
Picking Delay,ORD-060102,MEDIUM,Pick duration of 19.0 minutes,Review picker workload and process delays
Picking Delay,ORD-059755,MEDIUM,Pick duration of 20.6 minutes,Review picker workload and process delays
Picking Delay,ORD-048889,MEDIUM,Pick duration of 20.3 minutes,Review picker workload and process delays
Picking Delay,ORD-011383,MEDIUM,Pick duration of 19.9 minutes,Review picker workload and process delays
Picking Delay,ORD-011933,MEDIUM,Pick duration of 22.3 minutes,Review picker workload and process delays
Picking Delay,ORD-075786,MEDIUM,Pick duration of 19.8 minutes,Review picker workload and process delays
Picking Delay,ORD-054498,MEDIUM,Pick duration of 20.7 minutes,Review picker workload and process delays
Picking Delay,ORD-001648,MEDIUM,Pick duration of 20.8 minutes,Review picker workload and process delays
Picking Delay,ORD-081131,MEDIUM,Pick duration of 22.5 minutes,Review picker workload and process delays
Picking Delay,ORD-062154,MEDIUM,Pick duration of 24.3 minutes,Review picker workload and process delays
Picking Delay,ORD-002341,MEDIUM,Pick duration of 20.4 minutes,Review picker workload and process delays
Picking Delay,ORD-074151,MEDIUM,Pick duration of 18.9 minutes,Review picker workload and process delays
Picking Delay,ORD-053711,MEDIUM,Pick duration of 18.9 minutes,Review picker workload and process delays
Picking Delay,ORD-090617,MEDIUM,Pick duration of 21.3 minutes,Review picker workload and process delays
Picking Delay,ORD-017834,MEDIUM,Pick duration of 19.6 minutes,Review picker workload and process delays
Picking Delay,ORD-040126,MEDIUM,Pick duration of 19.0 minutes,Review picker workload and process delays
Picking Delay,ORD-017492,MEDIUM,Pick duration of 19.4 minutes,Review picker workload and process delays
Picking Delay,ORD-015456,MEDIUM,Pick duration of 19.8 minutes,Review picker workload and process delays
Picking Delay,ORD-010688,MEDIUM,Pick duration of 20.6 minutes,Review picker workload and process delays
Picking Delay,ORD-022071,MEDIUM,Pick duration of 19.9 minutes,Review picker workload and process delays
Picking Delay,ORD-068852,MEDIUM,Pick duration of 20.1 minutes,Review picker workload and process delays
Picking Delay,ORD-033470,MEDIUM,Pick duration of 21.1 minutes,Review picker workload and process delays
Picking Delay,ORD-093315,MEDIUM,Pick duration of 20.3 minutes,Review picker workload and process delays
Picking Delay,ORD-026118,MEDIUM,Pick duration of 19.2 minutes,Review picker workload and process delays
Picking Delay,ORD-070285,MEDIUM,Pick duration of 19.6 minutes,Review picker workload and process delays
Picking Delay,ORD-086655,MEDIUM,Pick duration of 20.2 minutes,Review picker workload and process delays
Picking Delay,ORD-045838,MEDIUM,Pick duration of 21.7 minutes,Review picker workload and process delays
Picking Delay,ORD-014292,MEDIUM,Pick duration of 21.0 minutes,Review picker workload and process delays
Picking Delay,ORD-044746,MEDIUM,Pick duration of 19.3 minutes,Review picker workload and process delays
Picking Delay,ORD-097507,MEDIUM,Pick duration of 21.6 minutes,Review picker workload and process delays
Picking Delay,ORD-054479,MEDIUM,Pick duration of 20.5 minutes,Review picker workload and process delays
Picking Delay,ORD-050420,MEDIUM,Pick duration of 20.2 minutes,Review picker workload and process delays
Picking Delay,ORD-001859,MEDIUM,Pick duration of 22.9 minutes,Review picker workload and process delays
Picking Delay,ORD-067468,MEDIUM,Pick duration of 21.2 minutes,Review picker workload and process delays
Picking Delay,ORD-019510,MEDIUM,Pick duration of 21.6 minutes,Review picker workload and process delays
Picking Delay,ORD-041631,MEDIUM,Pick duration of 19.8 minutes,Review picker workload and process delays
Picking Delay,ORD-091004,MEDIUM,Pick duration of 25.6 minutes,Review picker workload and process delays
Picking Delay,ORD-083649,MEDIUM,Pick duration of 21.8 minutes,Review picker workload and process delays
Picking Delay,ORD-031422,MEDIUM,Pick duration of 20.0 minutes,Review picker workload and process delays
Picking Delay,ORD-003898,MEDIUM,Pick duration of 20.4 minutes,Review picker workload and process delays
Picking Delay,ORD-077987,MEDIUM,Pick duration of 19.6 minutes,Review picker workload and process delays
Picking Delay,ORD-071053,MEDIUM,Pick duration of 21.1 minutes,Review picker workload and process delays
Picking Delay,ORD-014758,MEDIUM,Pick duration of 20.6 minutes,Review picker workload and process delays
Picking Delay,ORD-066301,MEDIUM,Pick duration of 21.4 minutes,Review picker workload and process delays
Picking Delay,ORD-068703,MEDIUM,Pick duration of 28.3 minutes,Review picker workload and process delays
Picking Delay,ORD-022413,MEDIUM,Pick duration of 19.3 minutes,Review picker workload and process delays
Picking Delay,ORD-039015,MEDIUM,Pick duration of 19.9 minutes,Review picker workload and process delays
Picking Delay,ORD-000903,MEDIUM,Pick duration of 19.3 minutes,Review picker workload and process delays
Picking Delay,ORD-054406,MEDIUM,Pick duration of 20.6 minutes,Review picker workload and process delays
Picking Delay,ORD-077017,MEDIUM,Pick duration of 19.5 minutes,Review picker workload and process delays
Picking Delay,ORD-022232,MEDIUM,Pick duration of 29.0 minutes,Review picker workload and process delays
Picking Delay,ORD-077382,MEDIUM,Pick duration of 19.6 minutes,Review picker workload and process delays
Picking Delay,ORD-037236,MEDIUM,Pick duration of 19.0 minutes,Review picker workload and process delays
Picking Delay,ORD-063910,MEDIUM,Pick duration of 20.5 minutes,Review picker workload and process delays
Picking Delay,ORD-082354,MEDIUM,Pick duration of 23.8 minutes,Review picker workload and process delays
Picking Delay,ORD-013992,MEDIUM,Pick duration of 20.0 minutes,Review picker workload and process delays
Picking Delay,ORD-048845,MEDIUM,Pick duration of 23.8 minutes,Review picker workload and process delays
Picking Delay,ORD-039701,MEDIUM,Pick duration of 20.3 minutes,Review picker workload and process delays
Picking Delay,ORD-097310,MEDIUM,Pick duration of 23.4 minutes,Review picker workload and process delays
Picking Delay,ORD-074709,MEDIUM,Pick duration of 19.3 minutes,Review picker workload and process delays
Picking Delay,ORD-060402,MEDIUM,Pick duration of 23.4 minutes,Review picker workload and process delays
Picking Delay,ORD-019721,MEDIUM,Pick duration of 21.0 minutes,Review picker workload and process delays
Picking Delay,ORD-025471,MEDIUM,Pick duration of 23.0 minutes,Review picker workload and process delays
Picking Delay,ORD-059168,MEDIUM,Pick duration of 19.7 minutes,Review picker workload and process delays
Picking Delay,ORD-030279,MEDIUM,Pick duration of 20.6 minutes,Review picker workload and process delays
Picking Delay,ORD-079902,MEDIUM,Pick duration of 20.6 minutes,Review picker workload and process delays
Picking Delay,ORD-011251,MEDIUM,Pick duration of 19.6 minutes,Review picker workload and process delays
Picking Delay,ORD-043144,MEDIUM,Pick duration of 22.0 minutes,Review picker workload and process delays
Picking Delay,ORD-045112,MEDIUM,Pick duration of 23.2 minutes,Review picker workload and process delays
Picking Delay,ORD-082456,MEDIUM,Pick duration of 32.3 minutes,Review picker workload and process delays
Picking Delay,ORD-059316,MEDIUM,Pick duration of 19.6 minutes,Review picker workload and process delays
Picking Delay,ORD-007001,MEDIUM,Pick duration of 19.2 minutes,Review picker workload and process delays
Picking Delay,ORD-006222,MEDIUM,Pick duration of 19.2 minutes,Review picker workload and process delays
Picking Delay,ORD-093294,MEDIUM,Pick duration of 21.3 minutes,Review picker workload and process delays
Picking Delay,ORD-068181,MEDIUM,Pick duration of 20.0 minutes,Review picker workload and process delays
Picking Delay,ORD-004137,MEDIUM,Pick duration of 19.6 minutes,Review picker workload and process delays
Picking Delay,ORD-021173,MEDIUM,Pick duration of 25.9 minutes,Review picker workload and process delays
Picking Delay,ORD-069589,MEDIUM,Pick duration of 19.2 minutes,Review picker workload and process delays
Picking Delay,ORD-024448,MEDIUM,Pick duration of 26.2 minutes,Review picker workload and process delays
Picking Delay,ORD-020258,MEDIUM,Pick duration of 21.6 minutes,Review picker workload and process delays
Picking Delay,ORD-013541,MEDIUM,Pick duration of 19.8 minutes,Review picker workload and process delays
Picking Delay,ORD-011484,MEDIUM,Pick duration of 21.7 minutes,Review picker workload and process delays
Picking Delay,ORD-095699,MEDIUM,Pick duration of 19.6 minutes,Review picker workload and process delays
Picking Delay,ORD-025224,MEDIUM,Pick duration of 20.3 minutes,Review picker workload and process delays
Picking Delay,ORD-070226,MEDIUM,Pick duration of 19.4 minutes,Review picker workload and process delays
Picking Delay,ORD-069007,MEDIUM,Pick duration of 20.3 minutes,Review picker workload and process delays
Picking Delay,ORD-016724,MEDIUM,Pick duration of 19.4 minutes,Review picker workload and process delays
Picking Delay,ORD-047197,MEDIUM,Pick duration of 19.5 minutes,Review picker workload and process delays
Picking Delay,ORD-037516,MEDIUM,Pick duration of 20.9 minutes,Review picker workload and process delays
Picking Delay,ORD-027919,MEDIUM,Pick duration of 23.4 minutes,Review picker workload and process delays
Picking Delay,ORD-034707,MEDIUM,Pick duration of 19.2 minutes,Review picker workload and process delays
Picking Delay,ORD-082811,MEDIUM,Pick duration of 19.1 minutes,Review picker workload and process delays
Picking Delay,ORD-074255,MEDIUM,Pick duration of 19.5 minutes,Review picker workload and process delays
Picking Delay,ORD-076517,MEDIUM,Pick duration of 21.5 minutes,Review picker workload and process delays
Picking Delay,ORD-059232,MEDIUM,Pick duration of 22.1 minutes,Review picker workload and process delays
Picking Delay,ORD-051814,MEDIUM,Pick duration of 24.2 minutes,Review picker workload and process delays
Picking Delay,ORD-063881,MEDIUM,Pick duration of 19.6 minutes,Review picker workload and process delays
Picking Delay,ORD-033038,MEDIUM,Pick duration of 22.5 minutes,Review picker workload and process delays
Picking Delay,ORD-029251,MEDIUM,Pick duration of 20.7 minutes,Review picker workload and process delays
Picking Delay,ORD-056172,MEDIUM,Pick duration of 22.9 minutes,Review picker workload and process delays
Picking Delay,ORD-036469,MEDIUM,Pick duration of 25.9 minutes,Review picker workload and process delays
Picking Delay,ORD-097685,MEDIUM,Pick duration of 21.2 minutes,Review picker workload and process delays
Picking Delay,ORD-038204,MEDIUM,Pick duration of 21.7 minutes,Review picker workload and process delays
Picking Delay,ORD-038115,MEDIUM,Pick duration of 21.6 minutes,Review picker workload and process delays
Picking Delay,ORD-092124,MEDIUM,Pick duration of 22.3 minutes,Review picker workload and process delays
Picking Delay,ORD-007044,MEDIUM,Pick duration of 20.0 minutes,Review picker workload and process delays
Picking Delay,ORD-085965,MEDIUM,Pick duration of 21.1 minutes,Review picker workload and process delays
Picking Delay,ORD-013144,MEDIUM,Pick duration of 23.2 minutes,Review picker workload and process delays
Picking Delay,ORD-003653,MEDIUM,Pick duration of 22.1 minutes,Review picker workload and process delays
Picking Delay,ORD-063775,MEDIUM,Pick duration of 19.2 minutes,Review picker workload and process delays
Picking Delay,ORD-025652,MEDIUM,Pick duration of 18.9 minutes,Review picker workload and process delays
Picking Delay,ORD-030679,MEDIUM,Pick duration of 20.8 minutes,Review picker workload and process delays
Picking Delay,ORD-077985,MEDIUM,Pick duration of 21.4 minutes,Review picker workload and process delays
Picking Delay,ORD-086146,MEDIUM,Pick duration of 19.0 minutes,Review picker workload and process delays
Picking Delay,ORD-066754,MEDIUM,Pick duration of 25.1 minutes,Review picker workload and process delays
Picking Delay,ORD-062716,MEDIUM,Pick duration of 22.2 minutes,Review picker workload and process delays
Picking Delay,ORD-099184,MEDIUM,Pick duration of 22.4 minutes,Review picker workload and process delays
Picking Delay,ORD-039950,MEDIUM,Pick duration of 19.3 minutes,Review picker workload and process delays
Picking Delay,ORD-070463,MEDIUM,Pick duration of 20.2 minutes,Review picker workload and process delays
Picking Delay,ORD-055710,MEDIUM,Pick duration of 19.0 minutes,Review picker workload and process delays
Picking Delay,ORD-061030,MEDIUM,Pick duration of 19.2 minutes,Review picker workload and process delays
Picking Delay,ORD-022108,MEDIUM,Pick duration of 21.3 minutes,Review picker workload and process delays
Picking Delay,ORD-080405,MEDIUM,Pick duration of 23.3 minutes,Review picker workload and process delays
Picking Delay,ORD-083032,MEDIUM,Pick duration of 20.7 minutes,Review picker workload and process delays
Picking Delay,ORD-082355,MEDIUM,Pick duration of 19.2 minutes,Review picker workload and process delays
Picking Delay,ORD-049427,MEDIUM,Pick duration of 19.2 minutes,Review picker workload and process delays
Picking Delay,ORD-003658,MEDIUM,Pick duration of 23.3 minutes,Review picker workload and process delays
Picking Delay,ORD-092321,MEDIUM,Pick duration of 19.1 minutes,Review picker workload and process delays
Picking Delay,ORD-080733,MEDIUM,Pick duration of 19.7 minutes,Review picker workload and process delays
Picking Delay,ORD-014565,MEDIUM,Pick duration of 23.5 minutes,Review picker workload and process delays
Picking Delay,ORD-073645,MEDIUM,Pick duration of 20.8 minutes,Review picker workload and process delays
Picking Delay,ORD-014734,MEDIUM,Pick duration of 19.7 minutes,Review picker workload and process delays
Picking Delay,ORD-096856,MEDIUM,Pick duration of 21.7 minutes,Review picker workload and process delays
Picking Delay,ORD-054636,MEDIUM,Pick duration of 19.2 minutes,Review picker workload and process delays
Picking Delay,ORD-089977,MEDIUM,Pick duration of 22.8 minutes,Review picker workload and process delays
Picking Delay,ORD-063583,MEDIUM,Pick duration of 19.0 minutes,Review picker workload and process delays
Picking Delay,ORD-095833,MEDIUM,Pick duration of 25.7 minutes,Review picker workload and process delays
Picking Delay,ORD-061594,MEDIUM,Pick duration of 21.7 minutes,Review picker workload and process delays
Picking Delay,ORD-045901,MEDIUM,Pick duration of 22.3 minutes,Review picker workload and process delays
Picking Delay,ORD-013803,MEDIUM,Pick duration of 21.7 minutes,Review picker workload and process delays
Picking Delay,ORD-083837,MEDIUM,Pick duration of 21.8 minutes,Review picker workload and process delays
Picking Delay,ORD-019701,MEDIUM,Pick duration of 20.3 minutes,Review picker workload and process delays
Picking Delay,ORD-096784,MEDIUM,Pick duration of 19.0 minutes,Review picker workload and process delays
Picking Delay,ORD-016230,MEDIUM,Pick duration of 27.3 minutes,Review picker workload and process delays
Picking Delay,ORD-052872,MEDIUM,Pick duration of 20.3 minutes,Review picker workload and process delays
Picking Delay,ORD-018582,MEDIUM,Pick duration of 18.9 minutes,Review picker workload and process delays
Picking Delay,ORD-071406,MEDIUM,Pick duration of 22.0 minutes,Review picker workload and process delays
Picking Delay,ORD-088639,MEDIUM,Pick duration of 27.6 minutes,Review picker workload and process delays
Picking Delay,ORD-047463,MEDIUM,Pick duration of 20.6 minutes,Review picker workload and process delays
Picking Delay,ORD-019855,MEDIUM,Pick duration of 19.8 minutes,Review picker workload and process delays
Picking Delay,ORD-035508,MEDIUM,Pick duration of 21.1 minutes,Review picker workload and process delays
Picking Delay,ORD-069045,MEDIUM,Pick duration of 20.3 minutes,Review picker workload and process delays
Picking Delay,ORD-077689,MEDIUM,Pick duration of 20.6 minutes,Review picker workload and process delays
Picking Delay,ORD-065955,MEDIUM,Pick duration of 20.0 minutes,Review picker workload and process delays
Picking Delay,ORD-075118,MEDIUM,Pick duration of 19.6 minutes,Review picker workload and process delays
Picking Delay,ORD-017180,MEDIUM,Pick duration of 21.5 minutes,Review picker workload and process delays
Picking Delay,ORD-095293,MEDIUM,Pick duration of 21.2 minutes,Review picker workload and process delays
Picking Delay,ORD-048355,MEDIUM,Pick duration of 20.7 minutes,Review picker workload and process delays
Picking Delay,ORD-018648,MEDIUM,Pick duration of 20.7 minutes,Review picker workload and process delays
Picking Delay,ORD-035810,MEDIUM,Pick duration of 20.6 minutes,Review picker workload and process delays
Picking Delay,ORD-094244,MEDIUM,Pick duration of 20.8 minutes,Review picker workload and process delays
Picking Delay,ORD-049054,MEDIUM,Pick duration of 19.7 minutes,Review picker workload and process delays
Picking Delay,ORD-068155,MEDIUM,Pick duration of 25.6 minutes,Review picker workload and process delays
Picking Delay,ORD-044248,MEDIUM,Pick duration of 23.2 minutes,Review picker workload and process delays
Picking Delay,ORD-044460,MEDIUM,Pick duration of 20.3 minutes,Review picker workload and process delays
Picking Delay,ORD-077169,MEDIUM,Pick duration of 26.7 minutes,Review picker workload and process delays
Picking Delay,ORD-020332,MEDIUM,Pick duration of 20.2 minutes,Review picker workload and process delays
Picking Delay,ORD-005193,MEDIUM,Pick duration of 22.5 minutes,Review picker workload and process delays
Picking Delay,ORD-045119,MEDIUM,Pick duration of 19.0 minutes,Review picker workload and process delays
Picking Delay,ORD-094585,MEDIUM,Pick duration of 20.1 minutes,Review picker workload and process delays
Picking Delay,ORD-062741,MEDIUM,Pick duration of 21.7 minutes,Review picker workload and process delays
Picking Delay,ORD-064224,MEDIUM,Pick duration of 20.3 minutes,Review picker workload and process delays
Picking Delay,ORD-059545,MEDIUM,Pick duration of 20.2 minutes,Review picker workload and process delays
Picking Delay,ORD-033311,MEDIUM,Pick duration of 26.8 minutes,Review picker workload and process delays
Picking Delay,ORD-081893,MEDIUM,Pick duration of 22.7 minutes,Review picker workload and process delays
Picking Delay,ORD-097255,MEDIUM,Pick duration of 20.5 minutes,Review picker workload and process delays
Picking Delay,ORD-012601,MEDIUM,Pick duration of 19.1 minutes,Review picker workload and process delays
Picking Delay,ORD-082575,MEDIUM,Pick duration of 20.8 minutes,Review picker workload and process delays
Picking Delay,ORD-043032,MEDIUM,Pick duration of 20.9 minutes,Review picker workload and process delays
Picking Delay,ORD-033809,MEDIUM,Pick duration of 21.1 minutes,Review picker workload and process delays
Picking Delay,ORD-052389,MEDIUM,Pick duration of 20.3 minutes,Review picker workload and process delays
Picking Delay,ORD-071547,MEDIUM,Pick duration of 19.8 minutes,Review picker workload and process delays
Picking Delay,ORD-035670,MEDIUM,Pick duration of 21.9 minutes,Review picker workload and process delays
Picking Delay,ORD-053733,MEDIUM,Pick duration of 21.1 minutes,Review picker workload and process delays
Picking Delay,ORD-048144,MEDIUM,Pick duration of 19.4 minutes,Review picker workload and process delays
Picking Delay,ORD-052828,MEDIUM,Pick duration of 24.3 minutes,Review picker workload and process delays
Picking Delay,ORD-085153,MEDIUM,Pick duration of 18.9 minutes,Review picker workload and process delays
Picking Delay,ORD-017610,MEDIUM,Pick duration of 20.9 minutes,Review picker workload and process delays
Picking Delay,ORD-053067,MEDIUM,Pick duration of 21.1 minutes,Review picker workload and process delays
Picking Delay,ORD-082551,MEDIUM,Pick duration of 19.5 minutes,Review picker workload and process delays
Picking Delay,ORD-041960,MEDIUM,Pick duration of 21.4 minutes,Review picker workload and process delays
Picking Delay,ORD-074601,MEDIUM,Pick duration of 24.9 minutes,Review picker workload and process delays
Picking Delay,ORD-024881,MEDIUM,Pick duration of 21.5 minutes,Review picker workload and process delays
Picking Delay,ORD-049670,MEDIUM,Pick duration of 20.2 minutes,Review picker workload and process delays
Picking Delay,ORD-022511,MEDIUM,Pick duration of 20.1 minutes,Review picker workload and process delays
Picking Delay,ORD-025877,MEDIUM,Pick duration of 24.6 minutes,Review picker workload and process delays
Picking Delay,ORD-025812,MEDIUM,Pick duration of 19.7 minutes,Review picker workload and process delays
Picking Delay,ORD-078958,MEDIUM,Pick duration of 20.8 minutes,Review picker workload and process delays
Picking Delay,ORD-031019,MEDIUM,Pick duration of 20.8 minutes,Review picker workload and process delays
Picking Delay,ORD-002450,MEDIUM,Pick duration of 20.8 minutes,Review picker workload and process delays
Picking Delay,ORD-024559,MEDIUM,Pick duration of 20.3 minutes,Review picker workload and process delays
Picking Delay,ORD-092998,MEDIUM,Pick duration of 23.4 minutes,Review picker workload and process delays
Picking Delay,ORD-053666,MEDIUM,Pick duration of 20.5 minutes,Review picker workload and process delays
Picking Delay,ORD-082214,MEDIUM,Pick duration of 19.5 minutes,Review picker workload and process delays
Picking Delay,ORD-078335,MEDIUM,Pick duration of 21.5 minutes,Review picker workload and process delays
Picking Delay,ORD-052649,MEDIUM,Pick duration of 20.2 minutes,Review picker workload and process delays
Picking Delay,ORD-045281,MEDIUM,Pick duration of 20.7 minutes,Review picker workload and process delays
Picking Delay,ORD-042492,MEDIUM,Pick duration of 20.7 minutes,Review picker workload and process delays
Picking Delay,ORD-085157,MEDIUM,Pick duration of 22.7 minutes,Review picker workload and process delays
Picking Delay,ORD-036982,MEDIUM,Pick duration of 20.7 minutes,Review picker workload and process delays
Picking Delay,ORD-080852,MEDIUM,Pick duration of 19.5 minutes,Review picker workload and process delays
Picking Delay,ORD-093400,MEDIUM,Pick duration of 20.9 minutes,Review picker workload and process delays
Picking Delay,ORD-024778,MEDIUM,Pick duration of 25.6 minutes,Review picker workload and process delays
Picking Delay,ORD-007547,MEDIUM,Pick duration of 19.2 minutes,Review picker workload and process delays
Picking Delay,ORD-076062,MEDIUM,Pick duration of 21.5 minutes,Review picker workload and process delays
Picking Delay,ORD-000127,MEDIUM,Pick duration of 19.2 minutes,Review picker workload and process delays
Picking Delay,ORD-026835,MEDIUM,Pick duration of 19.3 minutes,Review picker workload and process delays
Picking Delay,ORD-050245,MEDIUM,Pick duration of 20.4 minutes,Review picker workload and process delays
Picking Delay,ORD-013393,MEDIUM,Pick duration of 22.7 minutes,Review picker workload and process delays
Picking Delay,ORD-074407,MEDIUM,Pick duration of 19.5 minutes,Review picker workload and process delays
Picking Delay,ORD-036503,MEDIUM,Pick duration of 19.3 minutes,Review picker workload and process delays
Picking Delay,ORD-032025,MEDIUM,Pick duration of 19.9 minutes,Review picker workload and process delays
Picking Delay,ORD-072492,MEDIUM,Pick duration of 23.1 minutes,Review picker workload and process delays
Picking Delay,ORD-009381,MEDIUM,Pick duration of 19.5 minutes,Review picker workload and process delays
Picking Delay,ORD-098305,MEDIUM,Pick duration of 24.5 minutes,Review picker workload and process delays
Picking Delay,ORD-028988,MEDIUM,Pick duration of 19.7 minutes,Review picker workload and process delays
Picking Delay,ORD-044364,MEDIUM,Pick duration of 18.9 minutes,Review picker workload and process delays
Picking Delay,ORD-005887,MEDIUM,Pick duration of 19.2 minutes,Review picker workload and process delays
Picking Delay,ORD-027076,MEDIUM,Pick duration of 20.2 minutes,Review picker workload and process delays
Picking Delay,ORD-064068,MEDIUM,Pick duration of 20.1 minutes,Review picker workload and process delays
Picking Delay,ORD-014851,MEDIUM,Pick duration of 26.5 minutes,Review picker workload and process delays
Picking Delay,ORD-037929,MEDIUM,Pick duration of 20.1 minutes,Review picker workload and process delays
Picking Delay,ORD-051455,MEDIUM,Pick duration of 20.0 minutes,Review picker workload and process delays
Picking Delay,ORD-070341,MEDIUM,Pick duration of 19.1 minutes,Review picker workload and process delays
Picking Delay,ORD-003956,MEDIUM,Pick duration of 20.5 minutes,Review picker workload and process delays
Picking Delay,ORD-004004,MEDIUM,Pick duration of 22.6 minutes,Review picker workload and process delays
Picking Delay,ORD-011805,MEDIUM,Pick duration of 19.9 minutes,Review picker workload and process delays
Picking Delay,ORD-004018,MEDIUM,Pick duration of 19.1 minutes,Review picker workload and process delays
Picking Delay,ORD-056995,MEDIUM,Pick duration of 19.3 minutes,Review picker workload and process delays
Picking Delay,ORD-007856,MEDIUM,Pick duration of 22.6 minutes,Review picker workload and process delays
Picking Delay,ORD-071969,MEDIUM,Pick duration of 18.9 minutes,Review picker workload and process delays
Picking Delay,ORD-069682,MEDIUM,Pick duration of 20.6 minutes,Review picker workload and process delays
Picking Delay,ORD-084077,MEDIUM,Pick duration of 19.4 minutes,Review picker workload and process delays
Picking Delay,ORD-089087,MEDIUM,Pick duration of 20.7 minutes,Review picker workload and process delays
Picking Delay,ORD-099258,MEDIUM,Pick duration of 19.0 minutes,Review picker workload and process delays
Picking Delay,ORD-051939,MEDIUM,Pick duration of 22.5 minutes,Review picker workload and process delays
Picking Delay,ORD-007462,MEDIUM,Pick duration of 22.1 minutes,Review picker workload and process delays
Picking Delay,ORD-076086,MEDIUM,Pick duration of 19.5 minutes,Review picker workload and process delays
Picking Delay,ORD-009987,MEDIUM,Pick duration of 19.6 minutes,Review picker workload and process delays
Picking Delay,ORD-092588,MEDIUM,Pick duration of 26.0 minutes,Review picker workload and process delays
Picking Delay,ORD-020144,MEDIUM,Pick duration of 20.9 minutes,Review picker workload and process delays
Picking Delay,ORD-058700,MEDIUM,Pick duration of 21.3 minutes,Review picker workload and process delays
Picking Delay,ORD-026946,MEDIUM,Pick duration of 20.4 minutes,Review picker workload and process delays
Picking Delay,ORD-009213,MEDIUM,Pick duration of 23.9 minutes,Review picker workload and process delays
Picking Delay,ORD-022209,MEDIUM,Pick duration of 22.5 minutes,Review picker workload and process delays
Picking Delay,ORD-029185,MEDIUM,Pick duration of 24.7 minutes,Review picker workload and process delays
Picking Delay,ORD-036282,MEDIUM,Pick duration of 20.7 minutes,Review picker workload and process delays
Picking Delay,ORD-083445,MEDIUM,Pick duration of 20.6 minutes,Review picker workload and process delays
Picking Delay,ORD-051991,MEDIUM,Pick duration of 20.6 minutes,Review picker workload and process delays
Picking Delay,ORD-078022,MEDIUM,Pick duration of 27.3 minutes,Review picker workload and process delays
Picking Delay,ORD-070588,MEDIUM,Pick duration of 21.6 minutes,Review picker workload and process delays
Picking Delay,ORD-031190,MEDIUM,Pick duration of 18.9 minutes,Review picker workload and process delays
Picking Delay,ORD-089689,MEDIUM,Pick duration of 19.5 minutes,Review picker workload and process delays
Picking Delay,ORD-015520,MEDIUM,Pick duration of 21.8 minutes,Review picker workload and process delays
Picking Delay,ORD-062565,MEDIUM,Pick duration of 20.0 minutes,Review picker workload and process delays
Picking Delay,ORD-036219,MEDIUM,Pick duration of 23.1 minutes,Review picker workload and process delays
Picking Delay,ORD-006441,MEDIUM,Pick duration of 20.6 minutes,Review picker workload and process delays
Picking Delay,ORD-082750,MEDIUM,Pick duration of 19.2 minutes,Review picker workload and process delays
Picking Delay,ORD-053865,MEDIUM,Pick duration of 18.9 minutes,Review picker workload and process delays
Picking Delay,ORD-069903,MEDIUM,Pick duration of 18.9 minutes,Review picker workload and process delays
Picking Delay,ORD-033990,MEDIUM,Pick duration of 20.8 minutes,Review picker workload and process delays
Picking Delay,ORD-054602,MEDIUM,Pick duration of 22.0 minutes,Review picker workload and process delays
Picking Delay,ORD-070181,MEDIUM,Pick duration of 21.2 minutes,Review picker workload and process delays
Picking Delay,ORD-050047,MEDIUM,Pick duration of 18.9 minutes,Review picker workload and process delays
Picking Delay,ORD-093714,MEDIUM,Pick duration of 21.6 minutes,Review picker workload and process delays
Picking Delay,ORD-045488,MEDIUM,Pick duration of 20.9 minutes,Review picker workload and process delays
Picking Delay,ORD-013183,MEDIUM,Pick duration of 20.5 minutes,Review picker workload and process delays
Picking Delay,ORD-098340,MEDIUM,Pick duration of 25.3 minutes,Review picker workload and process delays
Picking Delay,ORD-063179,MEDIUM,Pick duration of 23.1 minutes,Review picker workload and process delays
Picking Delay,ORD-054625,MEDIUM,Pick duration of 21.0 minutes,Review picker workload and process delays
Picking Delay,ORD-087561,MEDIUM,Pick duration of 20.7 minutes,Review picker workload and process delays
Picking Delay,ORD-095923,MEDIUM,Pick duration of 19.4 minutes,Review picker workload and process delays
Picking Delay,ORD-096058,MEDIUM,Pick duration of 19.0 minutes,Review picker workload and process delays
Picking Delay,ORD-087522,MEDIUM,Pick duration of 21.4 minutes,Review picker workload and process delays
Picking Delay,ORD-064048,MEDIUM,Pick duration of 19.4 minutes,Review picker workload and process delays
Picking Delay,ORD-096311,MEDIUM,Pick duration of 19.9 minutes,Review picker workload and process delays
Picking Delay,ORD-037949,MEDIUM,Pick duration of 19.1 minutes,Review picker workload and process delays
Picking Delay,ORD-075811,MEDIUM,Pick duration of 20.7 minutes,Review picker workload and process delays
Picking Delay,ORD-030572,MEDIUM,Pick duration of 21.8 minutes,Review picker workload and process delays
Picking Delay,ORD-064165,MEDIUM,Pick duration of 22.0 minutes,Review picker workload and process delays
Picking Delay,ORD-037526,MEDIUM,Pick duration of 19.0 minutes,Review picker workload and process delays
Picking Delay,ORD-034721,MEDIUM,Pick duration of 21.1 minutes,Review picker workload and process delays
Picking Delay,ORD-016474,MEDIUM,Pick duration of 18.9 minutes,Review picker workload and process delays
Picking Delay,ORD-069205,MEDIUM,Pick duration of 19.8 minutes,Review picker workload and process delays
Picking Delay,ORD-008822,MEDIUM,Pick duration of 19.6 minutes,Review picker workload and process delays
Picking Delay,ORD-047666,MEDIUM,Pick duration of 23.5 minutes,Review picker workload and process delays
Picking Delay,ORD-056182,MEDIUM,Pick duration of 21.2 minutes,Review picker workload and process delays
Picking Delay,ORD-054726,MEDIUM,Pick duration of 19.5 minutes,Review picker workload and process delays
Picking Delay,ORD-018623,MEDIUM,Pick duration of 25.3 minutes,Review picker workload and process delays
Picking Delay,ORD-088815,MEDIUM,Pick duration of 21.3 minutes,Review picker workload and process delays
Picking Delay,ORD-031009,MEDIUM,Pick duration of 19.1 minutes,Review picker workload and process delays
Picking Delay,ORD-008982,MEDIUM,Pick duration of 20.4 minutes,Review picker workload and process delays
Picking Delay,ORD-096518,MEDIUM,Pick duration of 24.1 minutes,Review picker workload and process delays
Picking Delay,ORD-020800,MEDIUM,Pick duration of 22.0 minutes,Review picker workload and process delays
Picking Delay,ORD-006980,MEDIUM,Pick duration of 19.2 minutes,Review picker workload and process delays
Picking Delay,ORD-034950,MEDIUM,Pick duration of 19.0 minutes,Review picker workload and process delays
Picking Delay,ORD-063099,MEDIUM,Pick duration of 20.1 minutes,Review picker workload and process delays
Picking Delay,ORD-048315,MEDIUM,Pick duration of 21.7 minutes,Review picker workload and process delays
Picking Delay,ORD-082250,MEDIUM,Pick duration of 24.1 minutes,Review picker workload and process delays
Picking Delay,ORD-031467,MEDIUM,Pick duration of 20.1 minutes,Review picker workload and process delays
Picking Delay,ORD-091066,MEDIUM,Pick duration of 19.3 minutes,Review picker workload and process delays
Picking Delay,ORD-066345,MEDIUM,Pick duration of 21.1 minutes,Review picker workload and process delays
Picking Delay,ORD-074503,MEDIUM,Pick duration of 20.8 minutes,Review picker workload and process delays
Picking Delay,ORD-042392,MEDIUM,Pick duration of 22.0 minutes,Review picker workload and process delays
Picking Delay,ORD-000464,MEDIUM,Pick duration of 21.5 minutes,Review picker workload and process delays
Picking Delay,ORD-043596,MEDIUM,Pick duration of 18.9 minutes,Review picker workload and process delays
Picking Delay,ORD-019586,MEDIUM,Pick duration of 20.8 minutes,Review picker workload and process delays
Picking Delay,ORD-039259,MEDIUM,Pick duration of 19.7 minutes,Review picker workload and process delays
Picking Delay,ORD-049384,MEDIUM,Pick duration of 21.9 minutes,Review picker workload and process delays
Picking Delay,ORD-060055,MEDIUM,Pick duration of 19.4 minutes,Review picker workload and process delays
Picking Delay,ORD-084750,MEDIUM,Pick duration of 18.9 minutes,Review picker workload and process delays
Picking Delay,ORD-049164,MEDIUM,Pick duration of 20.6 minutes,Review picker workload and process delays
Picking Delay,ORD-075059,MEDIUM,Pick duration of 22.4 minutes,Review picker workload and process delays
Picking Delay,ORD-069543,MEDIUM,Pick duration of 29.0 minutes,Review picker workload and process delays
Picking Delay,ORD-092272,MEDIUM,Pick duration of 20.3 minutes,Review picker workload and process delays
Picking Delay,ORD-018685,MEDIUM,Pick duration of 19.5 minutes,Review picker workload and process delays
Picking Delay,ORD-052387,MEDIUM,Pick duration of 20.3 minutes,Review picker workload and process delays
Picking Delay,ORD-015760,MEDIUM,Pick duration of 22.6 minutes,Review picker workload and process delays
Picking Delay,ORD-047495,MEDIUM,Pick duration of 19.1 minutes,Review picker workload and process delays
Picking Delay,ORD-079521,MEDIUM,Pick duration of 19.8 minutes,Review picker workload and process delays
Picking Delay,ORD-074810,MEDIUM,Pick duration of 19.1 minutes,Review picker workload and process delays
Picking Delay,ORD-059942,MEDIUM,Pick duration of 20.2 minutes,Review picker workload and process delays
Picking Delay,ORD-054507,MEDIUM,Pick duration of 20.0 minutes,Review picker workload and process delays
Picking Delay,ORD-058584,MEDIUM,Pick duration of 23.1 minutes,Review picker workload and process delays
Picking Delay,ORD-045912,MEDIUM,Pick duration of 20.5 minutes,Review picker workload and process delays
Picking Delay,ORD-021858,MEDIUM,Pick duration of 19.2 minutes,Review picker workload and process delays
Picking Delay,ORD-084364,MEDIUM,Pick duration of 21.1 minutes,Review picker workload and process delays
Picking Delay,ORD-068292,MEDIUM,Pick duration of 20.2 minutes,Review picker workload and process delays
Picking Delay,ORD-065469,MEDIUM,Pick duration of 19.6 minutes,Review picker workload and process delays
Picking Delay,ORD-050712,MEDIUM,Pick duration of 19.8 minutes,Review picker workload and process delays
Picking Delay,ORD-037931,MEDIUM,Pick duration of 19.4 minutes,Review picker workload and process delays
Picking Delay,ORD-039072,MEDIUM,Pick duration of 20.9 minutes,Review picker workload and process delays
Picking Delay,ORD-071477,MEDIUM,Pick duration of 21.4 minutes,Review picker workload and process delays
Picking Delay,ORD-060772,MEDIUM,Pick duration of 23.8 minutes,Review picker workload and process delays
Picking Delay,ORD-060610,MEDIUM,Pick duration of 22.1 minutes,Review picker workload and process delays
Picking Delay,ORD-035220,MEDIUM,Pick duration of 19.7 minutes,Review picker workload and process delays
Picking Delay,ORD-060595,MEDIUM,Pick duration of 20.1 minutes,Review picker workload and process delays
Picking Delay,ORD-050032,MEDIUM,Pick duration of 21.7 minutes,Review picker workload and process delays
Picking Delay,ORD-022497,MEDIUM,Pick duration of 20.3 minutes,Review picker workload and process delays
Picking Delay,ORD-059004,MEDIUM,Pick duration of 24.5 minutes,Review picker workload and process delays
Picking Delay,ORD-006751,MEDIUM,Pick duration of 20.1 minutes,Review picker workload and process delays
Picking Delay,ORD-049766,MEDIUM,Pick duration of 23.5 minutes,Review picker workload and process delays
Picking Delay,ORD-054386,MEDIUM,Pick duration of 21.5 minutes,Review picker workload and process delays
Picking Delay,ORD-039358,MEDIUM,Pick duration of 19.2 minutes,Review picker workload and process delays
Picking Delay,ORD-032756,MEDIUM,Pick duration of 23.8 minutes,Review picker workload and process delays
Picking Delay,ORD-092138,MEDIUM,Pick duration of 24.4 minutes,Review picker workload and process delays
Picking Delay,ORD-086064,MEDIUM,Pick duration of 22.6 minutes,Review picker workload and process delays
Picking Delay,ORD-012980,MEDIUM,Pick duration of 20.1 minutes,Review picker workload and process delays
Picking Delay,ORD-070578,MEDIUM,Pick duration of 20.2 minutes,Review picker workload and process delays
Picking Delay,ORD-056775,MEDIUM,Pick duration of 21.0 minutes,Review picker workload and process delays
Picking Delay,ORD-007081,MEDIUM,Pick duration of 19.0 minutes,Review picker workload and process delays
Picking Delay,ORD-052541,MEDIUM,Pick duration of 20.6 minutes,Review picker workload and process delays
Picking Delay,ORD-020482,MEDIUM,Pick duration of 24.6 minutes,Review picker workload and process delays
Picking Delay,ORD-058453,MEDIUM,Pick duration of 18.9 minutes,Review picker workload and process delays
Picking Delay,ORD-048578,MEDIUM,Pick duration of 19.1 minutes,Review picker workload and process delays
Picking Delay,ORD-062203,MEDIUM,Pick duration of 24.3 minutes,Review picker workload and process delays
Picking Delay,ORD-035468,MEDIUM,Pick duration of 20.4 minutes,Review picker workload and process delays
Picking Delay,ORD-070339,MEDIUM,Pick duration of 24.3 minutes,Review picker workload and process delays
Picking Delay,ORD-087997,MEDIUM,Pick duration of 23.2 minutes,Review picker workload and process delays
Picking Delay,ORD-082276,MEDIUM,Pick duration of 22.0 minutes,Review picker workload and process delays
Picking Delay,ORD-079013,MEDIUM,Pick duration of 20.9 minutes,Review picker workload and process delays
Picking Delay,ORD-066718,MEDIUM,Pick duration of 22.1 minutes,Review picker workload and process delays
Picking Delay,ORD-023249,MEDIUM,Pick duration of 23.6 minutes,Review picker workload and process delays
Picking Delay,ORD-029572,MEDIUM,Pick duration of 21.0 minutes,Review picker workload and process delays
Picking Delay,ORD-005553,MEDIUM,Pick duration of 19.6 minutes,Review picker workload and process delays
Picking Delay,ORD-076720,MEDIUM,Pick duration of 20.4 minutes,Review picker workload and process delays
Picking Delay,ORD-043895,MEDIUM,Pick duration of 20.5 minutes,Review picker workload and process delays
Picking Delay,ORD-005653,MEDIUM,Pick duration of 20.5 minutes,Review picker workload and process delays
Picking Delay,ORD-069224,MEDIUM,Pick duration of 19.5 minutes,Review picker workload and process delays
Picking Delay,ORD-004883,MEDIUM,Pick duration of 19.2 minutes,Review picker workload and process delays
Picking Delay,ORD-044379,MEDIUM,Pick duration of 26.5 minutes,Review picker workload and process delays
Picking Delay,ORD-019804,MEDIUM,Pick duration of 19.0 minutes,Review picker workload and process delays
Picking Delay,ORD-030747,MEDIUM,Pick duration of 20.9 minutes,Review picker workload and process delays
Picking Delay,ORD-072054,MEDIUM,Pick duration of 19.5 minutes,Review picker workload and process delays
Picking Delay,ORD-058019,MEDIUM,Pick duration of 19.1 minutes,Review picker workload and process delays
Picking Delay,ORD-068105,MEDIUM,Pick duration of 20.6 minutes,Review picker workload and process delays
Picking Delay,ORD-046170,MEDIUM,Pick duration of 22.5 minutes,Review picker workload and process delays
Picking Delay,ORD-022024,MEDIUM,Pick duration of 20.5 minutes,Review picker workload and process delays
Picking Delay,ORD-038926,MEDIUM,Pick duration of 20.5 minutes,Review picker workload and process delays
Picking Delay,ORD-005133,MEDIUM,Pick duration of 23.0 minutes,Review picker workload and process delays
Picking Delay,ORD-089446,MEDIUM,Pick duration of 25.2 minutes,Review picker workload and process delays
Picking Delay,ORD-014970,MEDIUM,Pick duration of 19.4 minutes,Review picker workload and process delays
Picking Delay,ORD-074592,MEDIUM,Pick duration of 19.3 minutes,Review picker workload and process delays
Picking Delay,ORD-072659,MEDIUM,Pick duration of 21.0 minutes,Review picker workload and process delays
Picking Delay,ORD-006635,MEDIUM,Pick duration of 23.3 minutes,Review picker workload and process delays
Picking Delay,ORD-062302,MEDIUM,Pick duration of 21.8 minutes,Review picker workload and process delays
Picking Delay,ORD-082452,MEDIUM,Pick duration of 19.2 minutes,Review picker workload and process delays
Picking Delay,ORD-028934,MEDIUM,Pick duration of 21.8 minutes,Review picker workload and process delays
Picking Delay,ORD-054187,MEDIUM,Pick duration of 19.6 minutes,Review picker workload and process delays
Picking Delay,ORD-099335,MEDIUM,Pick duration of 19.5 minutes,Review picker workload and process delays
Picking Delay,ORD-020381,MEDIUM,Pick duration of 23.8 minutes,Review picker workload and process delays
Picking Delay,ORD-047801,MEDIUM,Pick duration of 23.7 minutes,Review picker workload and process delays
Picking Delay,ORD-013015,MEDIUM,Pick duration of 20.7 minutes,Review picker workload and process delays
Picking Delay,ORD-085960,MEDIUM,Pick duration of 27.9 minutes,Review picker workload and process delays
Picking Delay,ORD-019009,MEDIUM,Pick duration of 20.3 minutes,Review picker workload and process delays
Picking Delay,ORD-000753,MEDIUM,Pick duration of 19.0 minutes,Review picker workload and process delays
Picking Delay,ORD-047354,MEDIUM,Pick duration of 19.3 minutes,Review picker workload and process delays
Picking Delay,ORD-042805,MEDIUM,Pick duration of 21.2 minutes,Review picker workload and process delays
Picking Delay,ORD-035275,MEDIUM,Pick duration of 18.9 minutes,Review picker workload and process delays
Picking Delay,ORD-066854,MEDIUM,Pick duration of 20.0 minutes,Review picker workload and process delays
Picking Delay,ORD-055599,MEDIUM,Pick duration of 20.3 minutes,Review picker workload and process delays
Picking Delay,ORD-027217,MEDIUM,Pick duration of 21.0 minutes,Review picker workload and process delays
Picking Delay,ORD-071796,MEDIUM,Pick duration of 19.7 minutes,Review picker workload and process delays
Picking Delay,ORD-015991,MEDIUM,Pick duration of 18.9 minutes,Review picker workload and process delays
Picking Delay,ORD-069748,MEDIUM,Pick duration of 19.8 minutes,Review picker workload and process delays
Picking Delay,ORD-056074,MEDIUM,Pick duration of 19.0 minutes,Review picker workload and process delays
Picking Delay,ORD-039309,MEDIUM,Pick duration of 19.3 minutes,Review picker workload and process delays
Picking Delay,ORD-008627,MEDIUM,Pick duration of 18.9 minutes,Review picker workload and process delays
Picking Delay,ORD-073051,MEDIUM,Pick duration of 21.9 minutes,Review picker workload and process delays
Picking Delay,ORD-068310,MEDIUM,Pick duration of 18.9 minutes,Review picker workload and process delays
Picking Delay,ORD-029825,MEDIUM,Pick duration of 21.0 minutes,Review picker workload and process delays
Picking Delay,ORD-062310,MEDIUM,Pick duration of 21.0 minutes,Review picker workload and process delays
Picking Delay,ORD-024174,MEDIUM,Pick duration of 22.9 minutes,Review picker workload and process delays
Picking Delay,ORD-051573,MEDIUM,Pick duration of 19.4 minutes,Review picker workload and process delays
Picking Delay,ORD-035504,MEDIUM,Pick duration of 21.3 minutes,Review picker workload and process delays
Picking Delay,ORD-026898,MEDIUM,Pick duration of 21.9 minutes,Review picker workload and process delays
Picking Delay,ORD-033068,MEDIUM,Pick duration of 18.9 minutes,Review picker workload and process delays
Picking Delay,ORD-063138,MEDIUM,Pick duration of 21.0 minutes,Review picker workload and process delays
Picking Delay,ORD-069340,MEDIUM,Pick duration of 20.0 minutes,Review picker workload and process delays
Picking Delay,ORD-067441,MEDIUM,Pick duration of 23.8 minutes,Review picker workload and process delays
Picking Delay,ORD-046110,MEDIUM,Pick duration of 19.5 minutes,Review picker workload and process delays
Picking Delay,ORD-014776,MEDIUM,Pick duration of 20.8 minutes,Review picker workload and process delays
Picking Delay,ORD-071217,MEDIUM,Pick duration of 19.1 minutes,Review picker workload and process delays
Picking Delay,ORD-077003,MEDIUM,Pick duration of 20.8 minutes,Review picker workload and process delays
Picking Delay,ORD-099301,MEDIUM,Pick duration of 19.5 minutes,Review picker workload and process delays
Picking Delay,ORD-003934,MEDIUM,Pick duration of 19.7 minutes,Review picker workload and process delays
Picking Delay,ORD-067321,MEDIUM,Pick duration of 31.3 minutes,Review picker workload and process delays
Picking Delay,ORD-063537,MEDIUM,Pick duration of 21.9 minutes,Review picker workload and process delays
Picking Delay,ORD-003805,MEDIUM,Pick duration of 19.1 minutes,Review picker workload and process delays
Picking Delay,ORD-003676,MEDIUM,Pick duration of 21.0 minutes,Review picker workload and process delays
Picking Delay,ORD-018649,MEDIUM,Pick duration of 23.8 minutes,Review picker workload and process delays
Picking Delay,ORD-094950,MEDIUM,Pick duration of 20.6 minutes,Review picker workload and process delays
Picking Delay,ORD-000450,MEDIUM,Pick duration of 23.6 minutes,Review picker workload and process delays
Picking Delay,ORD-028241,MEDIUM,Pick duration of 19.7 minutes,Review picker workload and process delays
Picking Delay,ORD-057184,MEDIUM,Pick duration of 19.4 minutes,Review picker workload and process delays
Picking Delay,ORD-060307,MEDIUM,Pick duration of 21.9 minutes,Review picker workload and process delays
Picking Delay,ORD-026405,MEDIUM,Pick duration of 19.2 minutes,Review picker workload and process delays
Picking Delay,ORD-081593,MEDIUM,Pick duration of 20.7 minutes,Review picker workload and process delays
Picking Delay,ORD-064681,MEDIUM,Pick duration of 19.7 minutes,Review picker workload and process delays
Picking Delay,ORD-091814,MEDIUM,Pick duration of 20.2 minutes,Review picker workload and process delays
Picking Delay,ORD-025070,MEDIUM,Pick duration of 19.0 minutes,Review picker workload and process delays
Picking Delay,ORD-066987,MEDIUM,Pick duration of 19.2 minutes,Review picker workload and process delays
Picking Delay,ORD-077907,MEDIUM,Pick duration of 21.4 minutes,Review picker workload and process delays
Picking Delay,ORD-034007,MEDIUM,Pick duration of 19.1 minutes,Review picker workload and process delays
Picking Delay,ORD-096615,MEDIUM,Pick duration of 19.2 minutes,Review picker workload and process delays
Picking Delay,ORD-017224,MEDIUM,Pick duration of 19.3 minutes,Review picker workload and process delays
Picking Delay,ORD-084961,MEDIUM,Pick duration of 21.6 minutes,Review picker workload and process delays
Picking Delay,ORD-059799,MEDIUM,Pick duration of 19.5 minutes,Review picker workload and process delays
Picking Delay,ORD-007122,MEDIUM,Pick duration of 24.1 minutes,Review picker workload and process delays
Picking Delay,ORD-085502,MEDIUM,Pick duration of 19.6 minutes,Review picker workload and process delays
Picking Delay,ORD-078225,MEDIUM,Pick duration of 25.0 minutes,Review picker workload and process delays
Picking Delay,ORD-034555,MEDIUM,Pick duration of 20.0 minutes,Review picker workload and process delays
Picking Delay,ORD-046302,MEDIUM,Pick duration of 20.0 minutes,Review picker workload and process delays
Picking Delay,ORD-090907,MEDIUM,Pick duration of 21.1 minutes,Review picker workload and process delays
Picking Delay,ORD-035829,MEDIUM,Pick duration of 26.7 minutes,Review picker workload and process delays
Picking Delay,ORD-051073,MEDIUM,Pick duration of 23.7 minutes,Review picker workload and process delays
Picking Delay,ORD-019157,MEDIUM,Pick duration of 19.7 minutes,Review picker workload and process delays
Picking Delay,ORD-056565,MEDIUM,Pick duration of 23.8 minutes,Review picker workload and process delays
Picking Delay,ORD-074794,MEDIUM,Pick duration of 21.1 minutes,Review picker workload and process delays
Picking Delay,ORD-010189,MEDIUM,Pick duration of 21.2 minutes,Review picker workload and process delays
Picking Delay,ORD-000670,MEDIUM,Pick duration of 20.2 minutes,Review picker workload and process delays
Picking Delay,ORD-019275,MEDIUM,Pick duration of 20.0 minutes,Review picker workload and process delays
Picking Delay,ORD-063956,MEDIUM,Pick duration of 19.2 minutes,Review picker workload and process delays
Picking Delay,ORD-082067,MEDIUM,Pick duration of 20.1 minutes,Review picker workload and process delays
Picking Delay,ORD-023324,MEDIUM,Pick duration of 20.1 minutes,Review picker workload and process delays
Picking Delay,ORD-081104,MEDIUM,Pick duration of 20.5 minutes,Review picker workload and process delays
Picking Delay,ORD-029067,MEDIUM,Pick duration of 20.1 minutes,Review picker workload and process delays
Picking Delay,ORD-066923,MEDIUM,Pick duration of 20.9 minutes,Review picker workload and process delays
Picking Delay,ORD-087334,MEDIUM,Pick duration of 23.8 minutes,Review picker workload and process delays
Picking Delay,ORD-083569,MEDIUM,Pick duration of 21.5 minutes,Review picker workload and process delays
Picking Delay,ORD-006843,MEDIUM,Pick duration of 23.2 minutes,Review picker workload and process delays
Picking Delay,ORD-054615,MEDIUM,Pick duration of 21.2 minutes,Review picker workload and process delays
Picking Delay,ORD-096824,MEDIUM,Pick duration of 19.7 minutes,Review picker workload and process delays
Picking Delay,ORD-074935,MEDIUM,Pick duration of 20.2 minutes,Review picker workload and process delays
Picking Delay,ORD-055548,MEDIUM,Pick duration of 20.2 minutes,Review picker workload and process delays
Picking Delay,ORD-002389,MEDIUM,Pick duration of 23.7 minutes,Review picker workload and process delays
Picking Delay,ORD-018589,MEDIUM,Pick duration of 21.1 minutes,Review picker workload and process delays
Picking Delay,ORD-042670,MEDIUM,Pick duration of 23.2 minutes,Review picker workload and process delays
Picking Delay,ORD-049968,MEDIUM,Pick duration of 20.5 minutes,Review picker workload and process delays
Picking Delay,ORD-029062,MEDIUM,Pick duration of 21.6 minutes,Review picker workload and process delays
Picking Delay,ORD-069084,MEDIUM,Pick duration of 21.8 minutes,Review picker workload and process delays
Picking Delay,ORD-014536,MEDIUM,Pick duration of 19.3 minutes,Review picker workload and process delays
Picking Delay,ORD-098664,MEDIUM,Pick duration of 21.0 minutes,Review picker workload and process delays
Picking Delay,ORD-011748,MEDIUM,Pick duration of 21.9 minutes,Review picker workload and process delays
Picking Delay,ORD-006329,MEDIUM,Pick duration of 19.1 minutes,Review picker workload and process delays
Picking Delay,ORD-040306,MEDIUM,Pick duration of 19.4 minutes,Review picker workload and process delays
Picking Delay,ORD-047507,MEDIUM,Pick duration of 22.7 minutes,Review picker workload and process delays
Picking Delay,ORD-098652,MEDIUM,Pick duration of 18.9 minutes,Review picker workload and process delays
Picking Delay,ORD-099129,MEDIUM,Pick duration of 23.1 minutes,Review picker workload and process delays
Picking Delay,ORD-096288,MEDIUM,Pick duration of 23.1 minutes,Review picker workload and process delays
Picking Delay,ORD-024626,MEDIUM,Pick duration of 20.6 minutes,Review picker workload and process delays
Picking Delay,ORD-077674,MEDIUM,Pick duration of 19.5 minutes,Review picker workload and process delays
Picking Delay,ORD-065672,MEDIUM,Pick duration of 25.0 minutes,Review picker workload and process delays
Picking Delay,ORD-054096,MEDIUM,Pick duration of 20.4 minutes,Review picker workload and process delays
Picking Delay,ORD-005215,MEDIUM,Pick duration of 19.0 minutes,Review picker workload and process delays
Picking Delay,ORD-010839,MEDIUM,Pick duration of 22.2 minutes,Review picker workload and process delays
Picking Delay,ORD-002834,MEDIUM,Pick duration of 21.6 minutes,Review picker workload and process delays
Picking Delay,ORD-060091,MEDIUM,Pick duration of 21.7 minutes,Review picker workload and process delays
Picking Delay,ORD-032758,MEDIUM,Pick duration of 19.1 minutes,Review picker workload and process delays
Picking Delay,ORD-004007,MEDIUM,Pick duration of 20.5 minutes,Review picker workload and process delays
Picking Delay,ORD-006625,MEDIUM,Pick duration of 22.5 minutes,Review picker workload and process delays
Picking Delay,ORD-051192,MEDIUM,Pick duration of 20.1 minutes,Review picker workload and process delays
Picking Delay,ORD-034846,MEDIUM,Pick duration of 19.3 minutes,Review picker workload and process delays
Picking Delay,ORD-053222,MEDIUM,Pick duration of 22.4 minutes,Review picker workload and process delays
Picking Delay,ORD-033784,MEDIUM,Pick duration of 19.6 minutes,Review picker workload and process delays
Picking Delay,ORD-077575,MEDIUM,Pick duration of 23.6 minutes,Review picker workload and process delays
Picking Delay,ORD-075803,MEDIUM,Pick duration of 19.3 minutes,Review picker workload and process delays
Picking Delay,ORD-036415,MEDIUM,Pick duration of 19.3 minutes,Review picker workload and process delays
Picking Delay,ORD-087544,MEDIUM,Pick duration of 22.2 minutes,Review picker workload and process delays
Picking Delay,ORD-026233,MEDIUM,Pick duration of 21.0 minutes,Review picker workload and process delays
Picking Delay,ORD-035484,MEDIUM,Pick duration of 19.9 minutes,Review picker workload and process delays
Picking Delay,ORD-027571,MEDIUM,Pick duration of 22.2 minutes,Review picker workload and process delays
Picking Delay,ORD-062861,MEDIUM,Pick duration of 20.1 minutes,Review picker workload and process delays
Picking Delay,ORD-077770,MEDIUM,Pick duration of 19.4 minutes,Review picker workload and process delays
Picking Delay,ORD-035115,MEDIUM,Pick duration of 20.4 minutes,Review picker workload and process delays
Picking Delay,ORD-036182,MEDIUM,Pick duration of 19.0 minutes,Review picker workload and process delays
Picking Delay,ORD-077554,MEDIUM,Pick duration of 20.7 minutes,Review picker workload and process delays
Picking Delay,ORD-038935,MEDIUM,Pick duration of 20.0 minutes,Review picker workload and process delays
Picking Delay,ORD-016413,MEDIUM,Pick duration of 22.9 minutes,Review picker workload and process delays
Picking Delay,ORD-054200,MEDIUM,Pick duration of 22.3 minutes,Review picker workload and process delays
Picking Delay,ORD-052299,MEDIUM,Pick duration of 19.0 minutes,Review picker workload and process delays
Picking Delay,ORD-055120,MEDIUM,Pick duration of 19.9 minutes,Review picker workload and process delays
Picking Delay,ORD-099608,MEDIUM,Pick duration of 19.3 minutes,Review picker workload and process delays
Picking Delay,ORD-041911,MEDIUM,Pick duration of 20.1 minutes,Review picker workload and process delays
Picking Delay,ORD-015388,MEDIUM,Pick duration of 19.0 minutes,Review picker workload and process delays
Picking Delay,ORD-019095,MEDIUM,Pick duration of 19.8 minutes,Review picker workload and process delays
Picking Delay,ORD-064577,MEDIUM,Pick duration of 22.1 minutes,Review picker workload and process delays
Picking Delay,ORD-051984,MEDIUM,Pick duration of 19.0 minutes,Review picker workload and process delays
Picking Delay,ORD-037324,MEDIUM,Pick duration of 20.5 minutes,Review picker workload and process delays
Picking Delay,ORD-034294,MEDIUM,Pick duration of 27.3 minutes,Review picker workload and process delays
Picking Delay,ORD-058710,MEDIUM,Pick duration of 20.7 minutes,Review picker workload and process delays
Picking Delay,ORD-048459,MEDIUM,Pick duration of 19.5 minutes,Review picker workload and process delays
Picking Delay,ORD-051496,MEDIUM,Pick duration of 19.8 minutes,Review picker workload and process delays
Picking Delay,ORD-059237,MEDIUM,Pick duration of 18.9 minutes,Review picker workload and process delays
Picking Delay,ORD-091113,MEDIUM,Pick duration of 19.1 minutes,Review picker workload and process delays
Picking Delay,ORD-086486,MEDIUM,Pick duration of 20.6 minutes,Review picker workload and process delays
Picking Delay,ORD-017904,MEDIUM,Pick duration of 27.1 minutes,Review picker workload and process delays
Picking Delay,ORD-059484,MEDIUM,Pick duration of 20.5 minutes,Review picker workload and process delays
Picking Delay,ORD-003457,MEDIUM,Pick duration of 19.9 minutes,Review picker workload and process delays
Picking Delay,ORD-064965,MEDIUM,Pick duration of 19.2 minutes,Review picker workload and process delays
Picking Delay,ORD-029773,MEDIUM,Pick duration of 20.3 minutes,Review picker workload and process delays
Picking Delay,ORD-099845,MEDIUM,Pick duration of 19.0 minutes,Review picker workload and process delays
Picking Delay,ORD-025663,MEDIUM,Pick duration of 20.1 minutes,Review picker workload and process delays
Picking Delay,ORD-053499,MEDIUM,Pick duration of 18.9 minutes,Review picker workload and process delays
Picking Delay,ORD-067660,MEDIUM,Pick duration of 20.9 minutes,Review picker workload and process delays
Picking Delay,ORD-020079,MEDIUM,Pick duration of 19.2 minutes,Review picker workload and process delays
Picking Delay,ORD-017397,MEDIUM,Pick duration of 19.4 minutes,Review picker workload and process delays
Picking Delay,ORD-088913,MEDIUM,Pick duration of 24.6 minutes,Review picker workload and process delays
Picking Delay,ORD-069089,MEDIUM,Pick duration of 19.5 minutes,Review picker workload and process delays
Picking Delay,ORD-088213,MEDIUM,Pick duration of 20.3 minutes,Review picker workload and process delays
Picking Delay,ORD-014660,MEDIUM,Pick duration of 18.9 minutes,Review picker workload and process delays
Picking Delay,ORD-004226,MEDIUM,Pick duration of 21.2 minutes,Review picker workload and process delays
Picking Delay,ORD-040017,MEDIUM,Pick duration of 20.3 minutes,Review picker workload and process delays
Picking Delay,ORD-071559,MEDIUM,Pick duration of 20.2 minutes,Review picker workload and process delays
Picking Delay,ORD-071329,MEDIUM,Pick duration of 23.2 minutes,Review picker workload and process delays
Picking Delay,ORD-065952,MEDIUM,Pick duration of 19.8 minutes,Review picker workload and process delays
Picking Delay,ORD-042667,MEDIUM,Pick duration of 20.9 minutes,Review picker workload and process delays
Picking Delay,ORD-000505,MEDIUM,Pick duration of 20.6 minutes,Review picker workload and process delays
Picking Delay,ORD-073389,MEDIUM,Pick duration of 20.9 minutes,Review picker workload and process delays
Picking Delay,ORD-004940,MEDIUM,Pick duration of 22.9 minutes,Review picker workload and process delays
Picking Delay,ORD-062093,MEDIUM,Pick duration of 20.4 minutes,Review picker workload and process delays
Picking Delay,ORD-048086,MEDIUM,Pick duration of 23.9 minutes,Review picker workload and process delays
Picking Delay,ORD-077547,MEDIUM,Pick duration of 19.9 minutes,Review picker workload and process delays
Picking Delay,ORD-030277,MEDIUM,Pick duration of 20.7 minutes,Review picker workload and process delays
Picking Delay,ORD-062863,MEDIUM,Pick duration of 19.5 minutes,Review picker workload and process delays
Picking Delay,ORD-093262,MEDIUM,Pick duration of 19.6 minutes,Review picker workload and process delays
Picking Delay,ORD-096907,MEDIUM,Pick duration of 22.0 minutes,Review picker workload and process delays
Picking Delay,ORD-042363,MEDIUM,Pick duration of 20.4 minutes,Review picker workload and process delays
Picking Delay,ORD-078051,MEDIUM,Pick duration of 20.1 minutes,Review picker workload and process delays
Picking Delay,ORD-092700,MEDIUM,Pick duration of 22.7 minutes,Review picker workload and process delays
Picking Delay,ORD-053210,MEDIUM,Pick duration of 23.4 minutes,Review picker workload and process delays
Picking Delay,ORD-052936,MEDIUM,Pick duration of 19.3 minutes,Review picker workload and process delays
Picking Delay,ORD-062996,MEDIUM,Pick duration of 19.2 minutes,Review picker workload and process delays
Picking Delay,ORD-008678,MEDIUM,Pick duration of 24.6 minutes,Review picker workload and process delays
Picking Delay,ORD-082989,MEDIUM,Pick duration of 19.8 minutes,Review picker workload and process delays
Picking Delay,ORD-069591,MEDIUM,Pick duration of 20.2 minutes,Review picker workload and process delays
Picking Delay,ORD-050185,MEDIUM,Pick duration of 22.4 minutes,Review picker workload and process delays
Picking Delay,ORD-062600,MEDIUM,Pick duration of 19.8 minutes,Review picker workload and process delays
Picking Delay,ORD-001612,MEDIUM,Pick duration of 20.8 minutes,Review picker workload and process delays
Picking Delay,ORD-082410,MEDIUM,Pick duration of 20.7 minutes,Review picker workload and process delays
Picking Delay,ORD-070769,MEDIUM,Pick duration of 22.1 minutes,Review picker workload and process delays
Picking Delay,ORD-059864,MEDIUM,Pick duration of 23.0 minutes,Review picker workload and process delays
Picking Delay,ORD-043537,MEDIUM,Pick duration of 19.0 minutes,Review picker workload and process delays
Picking Delay,ORD-090414,MEDIUM,Pick duration of 21.0 minutes,Review picker workload and process delays
Picking Delay,ORD-062871,MEDIUM,Pick duration of 22.4 minutes,Review picker workload and process delays
Picking Delay,ORD-022726,MEDIUM,Pick duration of 21.3 minutes,Review picker workload and process delays
Picking Delay,ORD-096150,MEDIUM,Pick duration of 26.3 minutes,Review picker workload and process delays
Picking Delay,ORD-019564,MEDIUM,Pick duration of 23.4 minutes,Review picker workload and process delays
Picking Delay,ORD-041673,MEDIUM,Pick duration of 19.3 minutes,Review picker workload and process delays
Picking Delay,ORD-076266,MEDIUM,Pick duration of 20.2 minutes,Review picker workload and process delays
Picking Delay,ORD-027665,MEDIUM,Pick duration of 24.7 minutes,Review picker workload and process delays
Picking Delay,ORD-071752,MEDIUM,Pick duration of 19.5 minutes,Review picker workload and process delays
Picking Delay,ORD-021461,MEDIUM,Pick duration of 21.7 minutes,Review picker workload and process delays
Picking Delay,ORD-037863,MEDIUM,Pick duration of 19.2 minutes,Review picker workload and process delays
Picking Delay,ORD-014932,MEDIUM,Pick duration of 20.1 minutes,Review picker workload and process delays
Picking Delay,ORD-023169,MEDIUM,Pick duration of 23.0 minutes,Review picker workload and process delays
Picking Delay,ORD-017303,MEDIUM,Pick duration of 24.1 minutes,Review picker workload and process delays
Picking Delay,ORD-038359,MEDIUM,Pick duration of 19.1 minutes,Review picker workload and process delays
Picking Delay,ORD-056362,MEDIUM,Pick duration of 19.5 minutes,Review picker workload and process delays
Picking Delay,ORD-046504,MEDIUM,Pick duration of 19.7 minutes,Review picker workload and process delays
Picking Delay,ORD-005688,MEDIUM,Pick duration of 21.3 minutes,Review picker workload and process delays
Picking Delay,ORD-089000,MEDIUM,Pick duration of 21.4 minutes,Review picker workload and process delays
Picking Delay,ORD-079662,MEDIUM,Pick duration of 21.2 minutes,Review picker workload and process delays
Picking Delay,ORD-027238,MEDIUM,Pick duration of 23.9 minutes,Review picker workload and process delays
Picking Delay,ORD-062766,MEDIUM,Pick duration of 21.3 minutes,Review picker workload and process delays
Picking Delay,ORD-073965,MEDIUM,Pick duration of 21.1 minutes,Review picker workload and process delays
Picking Delay,ORD-059091,MEDIUM,Pick duration of 19.6 minutes,Review picker workload and process delays
Picking Delay,ORD-072352,MEDIUM,Pick duration of 18.9 minutes,Review picker workload and process delays
Picking Delay,ORD-022718,MEDIUM,Pick duration of 19.8 minutes,Review picker workload and process delays
Picking Delay,ORD-041720,MEDIUM,Pick duration of 20.7 minutes,Review picker workload and process delays
Picking Delay,ORD-051096,MEDIUM,Pick duration of 19.0 minutes,Review picker workload and process delays
Picking Delay,ORD-093970,MEDIUM,Pick duration of 22.6 minutes,Review picker workload and process delays
Picking Delay,ORD-026131,MEDIUM,Pick duration of 20.0 minutes,Review picker workload and process delays
Picking Delay,ORD-048681,MEDIUM,Pick duration of 19.8 minutes,Review picker workload and process delays
Picking Delay,ORD-018137,MEDIUM,Pick duration of 22.7 minutes,Review picker workload and process delays
Picking Delay,ORD-074838,MEDIUM,Pick duration of 22.3 minutes,Review picker workload and process delays
Picking Delay,ORD-014597,MEDIUM,Pick duration of 21.1 minutes,Review picker workload and process delays
Picking Delay,ORD-031396,MEDIUM,Pick duration of 26.8 minutes,Review picker workload and process delays
Picking Delay,ORD-008790,MEDIUM,Pick duration of 20.5 minutes,Review picker workload and process delays
Picking Delay,ORD-035798,MEDIUM,Pick duration of 18.9 minutes,Review picker workload and process delays
Picking Delay,ORD-098048,MEDIUM,Pick duration of 19.9 minutes,Review picker workload and process delays
Picking Delay,ORD-004524,MEDIUM,Pick duration of 19.8 minutes,Review picker workload and process delays
Picking Delay,ORD-011109,MEDIUM,Pick duration of 20.0 minutes,Review picker workload and process delays
Picking Delay,ORD-088901,MEDIUM,Pick duration of 23.9 minutes,Review picker workload and process delays
Picking Delay,ORD-030839,MEDIUM,Pick duration of 25.7 minutes,Review picker workload and process delays
Picking Delay,ORD-075760,MEDIUM,Pick duration of 21.5 minutes,Review picker workload and process delays
Picking Delay,ORD-003408,MEDIUM,Pick duration of 21.6 minutes,Review picker workload and process delays
Picking Delay,ORD-017341,MEDIUM,Pick duration of 23.9 minutes,Review picker workload and process delays
Picking Delay,ORD-055469,MEDIUM,Pick duration of 19.9 minutes,Review picker workload and process delays
Picking Delay,ORD-011997,MEDIUM,Pick duration of 21.0 minutes,Review picker workload and process delays
Picking Delay,ORD-096838,MEDIUM,Pick duration of 22.7 minutes,Review picker workload and process delays
Picking Delay,ORD-011014,MEDIUM,Pick duration of 21.8 minutes,Review picker workload and process delays
Picking Delay,ORD-071869,MEDIUM,Pick duration of 21.1 minutes,Review picker workload and process delays
Picking Delay,ORD-052862,MEDIUM,Pick duration of 20.8 minutes,Review picker workload and process delays
Picking Delay,ORD-025609,MEDIUM,Pick duration of 22.5 minutes,Review picker workload and process delays
Picking Delay,ORD-044498,MEDIUM,Pick duration of 19.6 minutes,Review picker workload and process delays
Picking Delay,ORD-024057,MEDIUM,Pick duration of 23.8 minutes,Review picker workload and process delays
Picking Delay,ORD-081437,MEDIUM,Pick duration of 19.0 minutes,Review picker workload and process delays
Picking Delay,ORD-049731,MEDIUM,Pick duration of 20.0 minutes,Review picker workload and process delays
Picking Delay,ORD-043958,MEDIUM,Pick duration of 26.5 minutes,Review picker workload and process delays
Picking Delay,ORD-064211,MEDIUM,Pick duration of 22.3 minutes,Review picker workload and process delays
Picking Delay,ORD-023983,MEDIUM,Pick duration of 21.3 minutes,Review picker workload and process delays
Picking Delay,ORD-071663,MEDIUM,Pick duration of 21.2 minutes,Review picker workload and process delays
Picking Delay,ORD-053598,MEDIUM,Pick duration of 19.7 minutes,Review picker workload and process delays
Picking Delay,ORD-072789,MEDIUM,Pick duration of 20.9 minutes,Review picker workload and process delays
Picking Delay,ORD-077737,MEDIUM,Pick duration of 19.8 minutes,Review picker workload and process delays
Picking Delay,ORD-013994,MEDIUM,Pick duration of 19.3 minutes,Review picker workload and process delays
Picking Delay,ORD-001733,MEDIUM,Pick duration of 19.1 minutes,Review picker workload and process delays
Picking Delay,ORD-093728,MEDIUM,Pick duration of 21.4 minutes,Review picker workload and process delays
Picking Delay,ORD-097276,MEDIUM,Pick duration of 20.8 minutes,Review picker workload and process delays
Picking Delay,ORD-027345,MEDIUM,Pick duration of 21.5 minutes,Review picker workload and process delays
Picking Delay,ORD-017001,MEDIUM,Pick duration of 23.7 minutes,Review picker workload and process delays
Picking Delay,ORD-012664,MEDIUM,Pick duration of 19.8 minutes,Review picker workload and process delays
Picking Delay,ORD-065426,MEDIUM,Pick duration of 21.3 minutes,Review picker workload and process delays
Picking Delay,ORD-074445,MEDIUM,Pick duration of 19.7 minutes,Review picker workload and process delays
Picking Delay,ORD-068561,MEDIUM,Pick duration of 18.9 minutes,Review picker workload and process delays
Picking Delay,ORD-031178,MEDIUM,Pick duration of 19.6 minutes,Review picker workload and process delays
Picking Delay,ORD-062567,MEDIUM,Pick duration of 21.3 minutes,Review picker workload and process delays
Picking Delay,ORD-005921,MEDIUM,Pick duration of 25.2 minutes,Review picker workload and process delays
Picking Delay,ORD-051590,MEDIUM,Pick duration of 19.0 minutes,Review picker workload and process delays
Picking Delay,ORD-049312,MEDIUM,Pick duration of 24.8 minutes,Review picker workload and process delays
Picking Delay,ORD-060399,MEDIUM,Pick duration of 26.3 minutes,Review picker workload and process delays
Picking Delay,ORD-033449,MEDIUM,Pick duration of 19.2 minutes,Review picker workload and process delays
Picking Delay,ORD-042882,MEDIUM,Pick duration of 23.4 minutes,Review picker workload and process delays
Picking Delay,ORD-075378,MEDIUM,Pick duration of 19.0 minutes,Review picker workload and process delays
Picking Delay,ORD-051760,MEDIUM,Pick duration of 19.2 minutes,Review picker workload and process delays
Picking Delay,ORD-037332,MEDIUM,Pick duration of 18.9 minutes,Review picker workload and process delays
Picking Delay,ORD-027752,MEDIUM,Pick duration of 21.9 minutes,Review picker workload and process delays
Picking Delay,ORD-074844,MEDIUM,Pick duration of 22.2 minutes,Review picker workload and process delays
Picking Delay,ORD-049799,MEDIUM,Pick duration of 19.4 minutes,Review picker workload and process delays
Picking Delay,ORD-019573,MEDIUM,Pick duration of 20.2 minutes,Review picker workload and process delays
Picking Delay,ORD-078346,MEDIUM,Pick duration of 20.1 minutes,Review picker workload and process delays
Picking Delay,ORD-023570,MEDIUM,Pick duration of 21.0 minutes,Review picker workload and process delays
Picking Delay,ORD-048330,MEDIUM,Pick duration of 18.9 minutes,Review picker workload and process delays
Picking Delay,ORD-017121,MEDIUM,Pick duration of 19.4 minutes,Review picker workload and process delays
Picking Delay,ORD-022867,MEDIUM,Pick duration of 20.1 minutes,Review picker workload and process delays
Picking Delay,ORD-062534,MEDIUM,Pick duration of 19.6 minutes,Review picker workload and process delays
Picking Delay,ORD-049985,MEDIUM,Pick duration of 19.9 minutes,Review picker workload and process delays
Picking Delay,ORD-053748,MEDIUM,Pick duration of 20.7 minutes,Review picker workload and process delays
Picking Delay,ORD-034583,MEDIUM,Pick duration of 19.9 minutes,Review picker workload and process delays
Picking Delay,ORD-048622,MEDIUM,Pick duration of 19.1 minutes,Review picker workload and process delays
Picking Delay,ORD-063447,MEDIUM,Pick duration of 21.9 minutes,Review picker workload and process delays
Picking Delay,ORD-043822,MEDIUM,Pick duration of 19.7 minutes,Review picker workload and process delays
Picking Delay,ORD-065984,MEDIUM,Pick duration of 20.2 minutes,Review picker workload and process delays
Picking Delay,ORD-079208,MEDIUM,Pick duration of 19.6 minutes,Review picker workload and process delays
Picking Delay,ORD-030905,MEDIUM,Pick duration of 18.9 minutes,Review picker workload and process delays
Picking Delay,ORD-056495,MEDIUM,Pick duration of 22.5 minutes,Review picker workload and process delays
Picking Delay,ORD-042322,MEDIUM,Pick duration of 20.4 minutes,Review picker workload and process delays
Picking Delay,ORD-092052,MEDIUM,Pick duration of 19.4 minutes,Review picker workload and process delays
Picking Delay,ORD-098135,MEDIUM,Pick duration of 24.0 minutes,Review picker workload and process delays
Picking Delay,ORD-007695,MEDIUM,Pick duration of 21.3 minutes,Review picker workload and process delays
Picking Delay,ORD-075238,MEDIUM,Pick duration of 22.0 minutes,Review picker workload and process delays
Picking Delay,ORD-069008,MEDIUM,Pick duration of 20.0 minutes,Review picker workload and process delays
Picking Delay,ORD-097905,MEDIUM,Pick duration of 19.3 minutes,Review picker workload and process delays
Picking Delay,ORD-085986,MEDIUM,Pick duration of 21.1 minutes,Review picker workload and process delays
Picking Delay,ORD-043632,MEDIUM,Pick duration of 21.1 minutes,Review picker workload and process delays
Picking Delay,ORD-046687,MEDIUM,Pick duration of 20.1 minutes,Review picker workload and process delays
Picking Delay,ORD-058226,MEDIUM,Pick duration of 21.5 minutes,Review picker workload and process delays
Picking Delay,ORD-086590,MEDIUM,Pick duration of 19.9 minutes,Review picker workload and process delays
Picking Delay,ORD-079617,MEDIUM,Pick duration of 21.0 minutes,Review picker workload and process delays
Picking Delay,ORD-037660,MEDIUM,Pick duration of 19.1 minutes,Review picker workload and process delays
Picking Delay,ORD-016111,MEDIUM,Pick duration of 19.6 minutes,Review picker workload and process delays
Picking Delay,ORD-096207,MEDIUM,Pick duration of 21.0 minutes,Review picker workload and process delays
Picking Delay,ORD-037897,MEDIUM,Pick duration of 26.5 minutes,Review picker workload and process delays
Picking Delay,ORD-007736,MEDIUM,Pick duration of 25.4 minutes,Review picker workload and process delays
Picking Delay,ORD-059284,MEDIUM,Pick duration of 21.0 minutes,Review picker workload and process delays
Picking Delay,ORD-049256,MEDIUM,Pick duration of 25.3 minutes,Review picker workload and process delays
Picking Delay,ORD-057423,MEDIUM,Pick duration of 20.5 minutes,Review picker workload and process delays
Picking Delay,ORD-033401,MEDIUM,Pick duration of 28.2 minutes,Review picker workload and process delays
Picking Delay,ORD-081959,MEDIUM,Pick duration of 23.4 minutes,Review picker workload and process delays
Picking Delay,ORD-089893,MEDIUM,Pick duration of 21.1 minutes,Review picker workload and process delays
Picking Delay,ORD-062519,MEDIUM,Pick duration of 19.8 minutes,Review picker workload and process delays
Picking Delay,ORD-098724,MEDIUM,Pick duration of 19.3 minutes,Review picker workload and process delays
Picking Delay,ORD-004978,MEDIUM,Pick duration of 19.4 minutes,Review picker workload and process delays
Picking Delay,ORD-091470,MEDIUM,Pick duration of 24.1 minutes,Review picker workload and process delays
Picking Delay,ORD-057377,MEDIUM,Pick duration of 20.3 minutes,Review picker workload and process delays
Picking Delay,ORD-049980,MEDIUM,Pick duration of 24.1 minutes,Review picker workload and process delays
Picking Delay,ORD-071678,MEDIUM,Pick duration of 19.2 minutes,Review picker workload and process delays
Picking Delay,ORD-064490,MEDIUM,Pick duration of 19.3 minutes,Review picker workload and process delays
Picking Delay,ORD-051279,MEDIUM,Pick duration of 19.1 minutes,Review picker workload and process delays
Picking Delay,ORD-032916,MEDIUM,Pick duration of 18.9 minutes,Review picker workload and process delays
Picking Delay,ORD-044503,MEDIUM,Pick duration of 19.5 minutes,Review picker workload and process delays
Picking Delay,ORD-087400,MEDIUM,Pick duration of 19.3 minutes,Review picker workload and process delays
Picking Delay,ORD-074265,MEDIUM,Pick duration of 19.0 minutes,Review picker workload and process delays
Picking Delay,ORD-069164,MEDIUM,Pick duration of 21.6 minutes,Review picker workload and process delays
Picking Delay,ORD-026380,MEDIUM,Pick duration of 19.0 minutes,Review picker workload and process delays
Picking Delay,ORD-019802,MEDIUM,Pick duration of 20.6 minutes,Review picker workload and process delays
Picking Delay,ORD-032016,MEDIUM,Pick duration of 19.4 minutes,Review picker workload and process delays
Picking Delay,ORD-004686,MEDIUM,Pick duration of 23.3 minutes,Review picker workload and process delays
Picking Delay,ORD-069427,MEDIUM,Pick duration of 19.6 minutes,Review picker workload and process delays
Picking Delay,ORD-014453,MEDIUM,Pick duration of 19.9 minutes,Review picker workload and process delays
Picking Delay,ORD-056989,MEDIUM,Pick duration of 23.4 minutes,Review picker workload and process delays
Picking Delay,ORD-081674,MEDIUM,Pick duration of 24.5 minutes,Review picker workload and process delays
Picking Delay,ORD-013643,MEDIUM,Pick duration of 19.2 minutes,Review picker workload and process delays
Picking Delay,ORD-039111,MEDIUM,Pick duration of 26.7 minutes,Review picker workload and process delays
Picking Delay,ORD-029919,MEDIUM,Pick duration of 19.2 minutes,Review picker workload and process delays
Picking Delay,ORD-063812,MEDIUM,Pick duration of 25.1 minutes,Review picker workload and process delays
Picking Delay,ORD-017172,MEDIUM,Pick duration of 19.0 minutes,Review picker workload and process delays
Picking Delay,ORD-069889,MEDIUM,Pick duration of 19.6 minutes,Review picker workload and process delays
Picking Delay,ORD-004603,MEDIUM,Pick duration of 20.8 minutes,Review picker workload and process delays
Picking Delay,ORD-057706,MEDIUM,Pick duration of 20.2 minutes,Review picker workload and process delays
Picking Delay,ORD-029423,MEDIUM,Pick duration of 19.3 minutes,Review picker workload and process delays
Picking Delay,ORD-079991,MEDIUM,Pick duration of 19.1 minutes,Review picker workload and process delays
Picking Delay,ORD-030505,MEDIUM,Pick duration of 20.3 minutes,Review picker workload and process delays
Picking Delay,ORD-093494,MEDIUM,Pick duration of 22.0 minutes,Review picker workload and process delays
Picking Delay,ORD-069003,MEDIUM,Pick duration of 19.4 minutes,Review picker workload and process delays
Picking Delay,ORD-085206,MEDIUM,Pick duration of 22.4 minutes,Review picker workload and process delays
Picking Delay,ORD-044973,MEDIUM,Pick duration of 19.6 minutes,Review picker workload and process delays
Picking Delay,ORD-062174,MEDIUM,Pick duration of 25.7 minutes,Review picker workload and process delays
Picking Delay,ORD-064436,MEDIUM,Pick duration of 22.0 minutes,Review picker workload and process delays
Picking Delay,ORD-081280,MEDIUM,Pick duration of 20.1 minutes,Review picker workload and process delays
Picking Delay,ORD-012311,MEDIUM,Pick duration of 24.3 minutes,Review picker workload and process delays
Picking Delay,ORD-054712,MEDIUM,Pick duration of 19.6 minutes,Review picker workload and process delays
Picking Delay,ORD-038465,MEDIUM,Pick duration of 20.6 minutes,Review picker workload and process delays
Picking Delay,ORD-027682,MEDIUM,Pick duration of 20.4 minutes,Review picker workload and process delays
Picking Delay,ORD-078565,MEDIUM,Pick duration of 19.8 minutes,Review picker workload and process delays
Picking Delay,ORD-023972,MEDIUM,Pick duration of 22.5 minutes,Review picker workload and process delays
Picking Delay,ORD-013384,MEDIUM,Pick duration of 19.4 minutes,Review picker workload and process delays
Picking Delay,ORD-087035,MEDIUM,Pick duration of 21.8 minutes,Review picker workload and process delays
Picking Delay,ORD-090396,MEDIUM,Pick duration of 21.7 minutes,Review picker workload and process delays
Picking Delay,ORD-044347,MEDIUM,Pick duration of 19.7 minutes,Review picker workload and process delays
Workforce Backlog,EMP01928,MEDIUM,10 pending tasks,Rebalance workload across available workforce
Workforce Backlog,EMP01684,MEDIUM,10 pending tasks,Rebalance workload across available workforce
Workforce Backlog,EMP01331,MEDIUM,11 pending tasks,Rebalance workload across available workforce
Workforce Backlog,EMP00145,MEDIUM,10 pending tasks,Rebalance workload across available workforce
Workforce Backlog,EMP01131,MEDIUM,10 pending tasks,Rebalance workload across available workforce
Workforce Backlog,EMP02374,MEDIUM,10 pending tasks,Rebalance workload across available workforce
Workforce Backlog,EMP00035,MEDIUM,11 pending tasks,Rebalance workload across available workforce
Workforce Backlog,EMP02387,MEDIUM,11 pending tasks,Rebalance workload across available workforce
Workforce Backlog,EMP00133,MEDIUM,11 pending tasks,Rebalance workload across available workforce
Workforce Backlog,EMP00746,MEDIUM,11 pending tasks,Rebalance workload across available workforce
Workforce Backlog,EMP00536,MEDIUM,10 pending tasks,Rebalance workload across available workforce
Workforce Backlog,EMP01032,MEDIUM,10 pending tasks,Rebalance workload across available workforce
Workforce Backlog,EMP00893,MEDIUM,10 pending tasks,Rebalance workload across available workforce
Workforce Backlog,EMP02342,MEDIUM,13 pending tasks,Rebalance workload across available workforce
Workforce Backlog,EMP02097,MEDIUM,15 pending tasks,Rebalance workload across available workforce
Workforce Backlog,EMP00708,MEDIUM,11 pending tasks,Rebalance workload across available workforce
Workforce Backlog,EMP01753,MEDIUM,10 pending tasks,Rebalance workload across available workforce
Workforce Backlog,EMP00562,MEDIUM,10 pending tasks,Rebalance workload across available workforce
Workforce Backlog,EMP00317,MEDIUM,10 pending tasks,Rebalance workload across available workforce
Workforce Backlog,EMP01176,MEDIUM,10 pending tasks,Rebalance workload across available workforce
Workforce Backlog,EMP01510,MEDIUM,10 pending tasks,Rebalance workload across available workforce
Workforce Backlog,EMP02144,MEDIUM,11 pending tasks,Rebalance workload across available workforce
Workforce Backlog,EMP01717,MEDIUM,11 pending tasks,Rebalance workload across available workforce
Workforce Backlog,EMP00183,MEDIUM,12 pending tasks,Rebalance workload across available workforce
Workforce Backlog,EMP00705,MEDIUM,11 pending tasks,Rebalance workload across available workforce
Workforce Backlog,EMP00274,MEDIUM,12 pending tasks,Rebalance workload across available workforce
Workforce Backlog,EMP02298,MEDIUM,10 pending tasks,Rebalance workload across available workforce
Workforce Backlog,EMP00083,MEDIUM,10 pending tasks,Rebalance workload across available workforce
Workforce Backlog,EMP01889,MEDIUM,10 pending tasks,Rebalance workload across available workforce
Workforce Backlog,EMP01158,MEDIUM,11 pending tasks,Rebalance workload across available workforce
Workforce Backlog,EMP02498,MEDIUM,10 pending tasks,Rebalance workload across available workforce
Workforce Backlog,EMP00032,MEDIUM,17 pending tasks,Rebalance workload across available workforce
Workforce Backlog,EMP00642,MEDIUM,10 pending tasks,Rebalance workload across available workforce
Workforce Backlog,EMP01669,MEDIUM,12 pending tasks,Rebalance workload across available workforce
Workforce Backlog,EMP00955,MEDIUM,10 pending tasks,Rebalance workload across available workforce
Workforce Backlog,EMP00890,MEDIUM,11 pending tasks,Rebalance workload across available workforce
Workforce Backlog,EMP02295,MEDIUM,12 pending tasks,Rebalance workload across available workforce
Workforce Backlog,EMP01254,MEDIUM,12 pending tasks,Rebalance workload across available workforce
Workforce Backlog,EMP01110,MEDIUM,10 pending tasks,Rebalance workload across available workforce
Workforce Backlog,EMP00675,MEDIUM,10 pending tasks,Rebalance workload across available workforce
Workforce Backlog,EMP01014,MEDIUM,12 pending tasks,Rebalance workload across available workforce
Workforce Backlog,EMP01447,MEDIUM,11 pending tasks,Rebalance workload across available workforce
Workforce Backlog,EMP00565,MEDIUM,12 pending tasks,Rebalance workload across available workforce
Workforce Backlog,EMP01315,MEDIUM,11 pending tasks,Rebalance workload across available workforce
Workforce Backlog,EMP00153,MEDIUM,10 pending tasks,Rebalance workload across available workforce
Workforce Backlog,EMP01758,MEDIUM,11 pending tasks,Rebalance workload across available workforce
Workforce Backlog,EMP01476,MEDIUM,12 pending tasks,Rebalance workload across available workforce
Workforce Backlog,EMP00959,MEDIUM,10 pending tasks,Rebalance workload across available workforce
Workforce Backlog,EMP02075,MEDIUM,10 pending tasks,Rebalance workload across available workforce
Workforce Backlog,EMP01185,MEDIUM,11 pending tasks,Rebalance workload across available workforce
Workforce Backlog,EMP02402,MEDIUM,14 pending tasks,Rebalance workload across available workforce
Workforce Backlog,EMP01709,MEDIUM,10 pending tasks,Rebalance workload across available workforce
Workforce Backlog,EMP02182,MEDIUM,10 pending tasks,Rebalance workload across available workforce
Workforce Backlog,EMP02062,MEDIUM,10 pending tasks,Rebalance workload across available workforce
Workforce Backlog,EMP00113,MEDIUM,10 pending tasks,Rebalance workload across available workforce
Workforce Backlog,EMP02307,MEDIUM,11 pending tasks,Rebalance workload across available workforce
Workforce Backlog,EMP01858,MEDIUM,10 pending tasks,Rebalance workload across available workforce
Workforce Backlog,EMP01122,MEDIUM,11 pending tasks,Rebalance workload across available workforce
Workforce Backlog,EMP02451,MEDIUM,11 pending tasks,Rebalance workload across available workforce
Workforce Backlog,EMP01493,MEDIUM,12 pending tasks,Rebalance workload across available workforce
Workforce Backlog,EMP00316,MEDIUM,17 pending tasks,Rebalance workload across available workforce
Workforce Backlog,EMP00368,MEDIUM,10 pending tasks,Rebalance workload across available workforce
Workforce Backlog,EMP00106,MEDIUM,10 pending tasks,Rebalance workload across available workforce
Workforce Backlog,EMP00171,MEDIUM,10 pending tasks,Rebalance workload across available workforce
Workforce Backlog,EMP02140,MEDIUM,11 pending tasks,Rebalance workload across available workforce
Workforce Backlog,EMP00160,MEDIUM,12 pending tasks,Rebalance workload across available workforce
Workforce Backlog,EMP01697,MEDIUM,10 pending tasks,Rebalance workload across available workforce
Workforce Backlog,EMP02264,MEDIUM,12 pending tasks,Rebalance workload across available workforce
Workforce Backlog,EMP00209,MEDIUM,10 pending tasks,Rebalance workload across available workforce
Workforce Backlog,EMP00056,MEDIUM,12 pending tasks,Rebalance workload across available workforce
Workforce Backlog,EMP00102,MEDIUM,10 pending tasks,Rebalance workload across available workforce
Workforce Backlog,EMP01007,MEDIUM,11 pending tasks,Rebalance workload across available workforce
Workforce Backlog,EMP01182,MEDIUM,12 pending tasks,Rebalance workload across available workforce
Workforce Backlog,EMP00627,MEDIUM,10 pending tasks,Rebalance workload across available workforce
Workforce Backlog,EMP00779,MEDIUM,10 pending tasks,Rebalance workload across available workforce
Workforce Backlog,EMP01570,MEDIUM,10 pending tasks,Rebalance workload across available workforce
Workforce Backlog,EMP00531,MEDIUM,13 pending tasks,Rebalance workload across available workforce
Workforce Backlog,EMP01975,MEDIUM,12 pending tasks,Rebalance workload across available workforce
Workforce Backlog,EMP01594,MEDIUM,12 pending tasks,Rebalance workload across available workforce
Workforce Backlog,EMP02217,MEDIUM,11 pending tasks,Rebalance workload across available workforce
Workforce Backlog,EMP02009,MEDIUM,10 pending tasks,Rebalance workload across available workforce
Workforce Backlog,EMP02374,MEDIUM,11 pending tasks,Rebalance workload across available workforce
Workforce Backlog,EMP00591,MEDIUM,10 pending tasks,Rebalance workload across available workforce
Workforce Backlog,EMP01405,MEDIUM,10 pending tasks,Rebalance workload across available workforce
Workforce Backlog,EMP00994,MEDIUM,10 pending tasks,Rebalance workload across available workforce
Workforce Backlog,EMP01307,MEDIUM,10 pending tasks,Rebalance workload across available workforce
Workforce Backlog,EMP00036,MEDIUM,10 pending tasks,Rebalance workload across available workforce
Workforce Backlog,EMP00754,MEDIUM,14 pending tasks,Rebalance workload across available workforce
Workforce Backlog,EMP00342,MEDIUM,10 pending tasks,Rebalance workload across available workforce
Workforce Backlog,EMP01245,MEDIUM,10 pending tasks,Rebalance workload across available workforce
Workforce Backlog,EMP00311,MEDIUM,11 pending tasks,Rebalance workload across available workforce
Workforce Backlog,EMP02033,MEDIUM,10 pending tasks,Rebalance workload across available workforce
Workforce Backlog,EMP01323,MEDIUM,12 pending tasks,Rebalance workload across available workforce
Workforce Backlog,EMP02258,MEDIUM,12 pending tasks,Rebalance workload across available workforce
Workforce Backlog,EMP00553,MEDIUM,12 pending tasks,Rebalance workload across available workforce
Workforce Backlog,EMP01021,MEDIUM,12 pending tasks,Rebalance workload across available workforce
Workforce Backlog,EMP01069,MEDIUM,10 pending tasks,Rebalance workload across available workforce
Workforce Backlog,EMP01973,MEDIUM,10 pending tasks,Rebalance workload across available workforce
Workforce Backlog,EMP01333,MEDIUM,10 pending tasks,Rebalance workload across available workforce
Workforce Backlog,EMP01526,MEDIUM,10 pending tasks,Rebalance workload across available workforce
Workforce Backlog,EMP01076,MEDIUM,10 pending tasks,Rebalance workload across available workforce
Workforce Backlog,EMP00475,MEDIUM,10 pending tasks,Rebalance workload across available workforce
Workforce Backlog,EMP02101,MEDIUM,10 pending tasks,Rebalance workload across available workforce
Workforce Backlog,EMP02124,MEDIUM,11 pending tasks,Rebalance workload across available workforce
Workforce Backlog,EMP02191,MEDIUM,10 pending tasks,Rebalance workload across available workforce
Workforce Backlog,EMP00041,MEDIUM,11 pending tasks,Rebalance workload across available workforce
Workforce Backlog,EMP00958,MEDIUM,10 pending tasks,Rebalance workload across available workforce
Workforce Backlog,EMP00780,MEDIUM,13 pending tasks,Rebalance workload across available workforce
Workforce Backlog,EMP01979,MEDIUM,10 pending tasks,Rebalance workload across available workforce
Workforce Backlog,EMP01546,MEDIUM,11 pending tasks,Rebalance workload across available workforce
Workforce Backlog,EMP02487,MEDIUM,10 pending tasks,Rebalance workload across available workforce
Workforce Backlog,EMP01563,MEDIUM,10 pending tasks,Rebalance workload across available workforce
Workforce Backlog,EMP00077,MEDIUM,11 pending tasks,Rebalance workload across available workforce
Workforce Backlog,EMP00087,MEDIUM,12 pending tasks,Rebalance workload across available workforce
Workforce Backlog,EMP01021,MEDIUM,10 pending tasks,Rebalance workload across available workforce
Workforce Backlog,EMP00442,MEDIUM,10 pending tasks,Rebalance workload across available workforce
Workforce Backlog,EMP01175,MEDIUM,12 pending tasks,Rebalance workload across available workforce
Workforce Backlog,EMP01051,MEDIUM,11 pending tasks,Rebalance workload across available workforce
Workforce Backlog,EMP00868,MEDIUM,10 pending tasks,Rebalance workload across available workforce
Workforce Backlog,EMP02337,MEDIUM,10 pending tasks,Rebalance workload across available workforce
Workforce Backlog,EMP02417,MEDIUM,12 pending tasks,Rebalance workload across available workforce
Workforce Backlog,EMP01103,MEDIUM,11 pending tasks,Rebalance workload across available workforce
Workforce Backlog,EMP01862,MEDIUM,10 pending tasks,Rebalance workload across available workforce
Workforce Backlog,EMP00657,MEDIUM,10 pending tasks,Rebalance workload across available workforce
Workforce Backlog,EMP01785,MEDIUM,10 pending tasks,Rebalance workload across available workforce
Workforce Backlog,EMP00443,MEDIUM,11 pending tasks,Rebalance workload across available workforce
Workforce Backlog,EMP01061,MEDIUM,11 pending tasks,Rebalance workload across available workforce
Workforce Backlog,EMP02298,MEDIUM,11 pending tasks,Rebalance workload across available workforce
Workforce Backlog,EMP01633,MEDIUM,13 pending tasks,Rebalance workload across available workforce
Workforce Backlog,EMP02193,MEDIUM,10 pending tasks,Rebalance workload across available workforce
Workforce Backlog,EMP01842,MEDIUM,11 pending tasks,Rebalance workload across available workforce
Workforce Backlog,EMP02317,MEDIUM,10 pending tasks,Rebalance workload across available workforce
Workforce Backlog,EMP01710,MEDIUM,12 pending tasks,Rebalance workload across available workforce
Workforce Backlog,EMP02168,MEDIUM,10 pending tasks,Rebalance workload across available workforce
Workforce Backlog,EMP01034,MEDIUM,10 pending tasks,Rebalance workload across available workforce
Workforce Backlog,EMP00341,MEDIUM,11 pending tasks,Rebalance workload across available workforce
Workforce Backlog,EMP00171,MEDIUM,10 pending tasks,Rebalance workload across available workforce
Workforce Backlog,EMP01470,MEDIUM,11 pending tasks,Rebalance workload across available workforce
Workforce Backlog,EMP02482,MEDIUM,11 pending tasks,Rebalance workload across available workforce
Workforce Backlog,EMP01909,MEDIUM,10 pending tasks,Rebalance workload across available workforce
Workforce Backlog,EMP02035,MEDIUM,12 pending tasks,Rebalance workload across available workforce
Workforce Backlog,EMP01666,MEDIUM,12 pending tasks,Rebalance workload across available workforce
Workforce Backlog,EMP00759,MEDIUM,10 pending tasks,Rebalance workload across available workforce
Workforce Backlog,EMP01867,MEDIUM,12 pending tasks,Rebalance workload across available workforce
Workforce Backlog,EMP01923,MEDIUM,12 pending tasks,Rebalance workload across available workforce
Workforce Backlog,EMP01124,MEDIUM,10 pending tasks,Rebalance workload across available workforce
Workforce Backlog,EMP01695,MEDIUM,10 pending tasks,Rebalance workload across available workforce
Workforce Backlog,EMP00662,MEDIUM,11 pending tasks,Rebalance workload across available workforce
Workforce Backlog,EMP00461,MEDIUM,11 pending tasks,Rebalance workload across available workforce
Workforce Backlog,EMP01282,MEDIUM,10 pending tasks,Rebalance workload across available workforce
Workforce Backlog,EMP00539,MEDIUM,11 pending tasks,Rebalance workload across available workforce
Workforce Backlog,EMP00290,MEDIUM,12 pending tasks,Rebalance workload across available workforce
Workforce Backlog,EMP00838,MEDIUM,10 pending tasks,Rebalance workload across available workforce
Workforce Backlog,EMP01059,MEDIUM,11 pending tasks,Rebalance workload across available workforce
Workforce Backlog,EMP00625,MEDIUM,10 pending tasks,Rebalance workload across available workforce
Workforce Backlog,EMP01793,MEDIUM,10 pending tasks,Rebalance workload across available workforce
Workforce Backlog,EMP00641,MEDIUM,11 pending tasks,Rebalance workload across available workforce
Workforce Backlog,EMP01566,MEDIUM,13 pending tasks,Rebalance workload across available workforce
Workforce Backlog,EMP00059,MEDIUM,13 pending tasks,Rebalance workload across available workforce
Workforce Backlog,EMP02267,MEDIUM,11 pending tasks,Rebalance workload across available workforce
Workforce Backlog,EMP01965,MEDIUM,10 pending tasks,Rebalance workload across available workforce
Workforce Backlog,EMP00080,MEDIUM,10 pending tasks,Rebalance workload across available workforce
Workforce Backlog,EMP00150,MEDIUM,13 pending tasks,Rebalance workload across available workforce
Workforce Backlog,EMP00728,MEDIUM,10 pending tasks,Rebalance workload across available workforce
Workforce Backlog,EMP01698,MEDIUM,12 pending tasks,Rebalance workload across available workforce
Workforce Backlog,EMP00670,MEDIUM,11 pending tasks,Rebalance workload across available workforce
Workforce Backlog,EMP00272,MEDIUM,10 pending tasks,Rebalance workload across available workforce
Workforce Backlog,EMP00117,MEDIUM,11 pending tasks,Rebalance workload across available workforce
Workforce Backlog,EMP01268,MEDIUM,11 pending tasks,Rebalance workload across available workforce
Workforce Backlog,EMP00610,MEDIUM,11 pending tasks,Rebalance workload across available workforce
Workforce Backlog,EMP00133,MEDIUM,10 pending tasks,Rebalance workload across available workforce
Workforce Backlog,EMP02067,MEDIUM,13 pending tasks,Rebalance workload across available workforce
Workforce Backlog,EMP01364,MEDIUM,10 pending tasks,Rebalance workload across available workforce
Workforce Backlog,EMP02074,MEDIUM,10 pending tasks,Rebalance workload across available workforce
Workforce Backlog,EMP00047,MEDIUM,10 pending tasks,Rebalance workload across available workforce
Workforce Backlog,EMP00746,MEDIUM,10 pending tasks,Rebalance workload across available workforce
Workforce Backlog,EMP02139,MEDIUM,11 pending tasks,Rebalance workload across available workforce
Workforce Backlog,EMP00414,MEDIUM,11 pending tasks,Rebalance workload across available workforce
Workforce Backlog,EMP00845,MEDIUM,10 pending tasks,Rebalance workload across available workforce
Workforce Backlog,EMP01279,MEDIUM,11 pending tasks,Rebalance workload across available workforce
Workforce Backlog,EMP01481,MEDIUM,10 pending tasks,Rebalance workload across available workforce
Workforce Backlog,EMP01282,MEDIUM,10 pending tasks,Rebalance workload across available workforce
Workforce Backlog,EMP01879,MEDIUM,12 pending tasks,Rebalance workload across available workforce
Workforce Backlog,EMP00770,MEDIUM,10 pending tasks,Rebalance workload across available workforce
Workforce Backlog,EMP02239,MEDIUM,11 pending tasks,Rebalance workload across available workforce
Workforce Backlog,EMP01507,MEDIUM,12 pending tasks,Rebalance workload across available workforce
Workforce Backlog,EMP01796,MEDIUM,11 pending tasks,Rebalance workload across available workforce
Workforce Backlog,EMP00385,MEDIUM,10 pending tasks,Rebalance workload across available workforce
Workforce Backlog,EMP02015,MEDIUM,12 pending tasks,Rebalance workload across available workforce
Workforce Backlog,EMP00306,MEDIUM,12 pending tasks,Rebalance workload across available workforce
Workforce Backlog,EMP00529,MEDIUM,16 pending tasks,Rebalance workload across available workforce
Workforce Backlog,EMP01548,MEDIUM,11 pending tasks,Rebalance workload across available workforce
Workforce Backlog,EMP00439,MEDIUM,10 pending tasks,Rebalance workload across available workforce
Workforce Backlog,EMP00064,MEDIUM,10 pending tasks,Rebalance workload across available workforce
Workforce Backlog,EMP01774,MEDIUM,11 pending tasks,Rebalance workload across available workforce
Workforce Backlog,EMP01475,MEDIUM,11 pending tasks,Rebalance workload across available workforce
Workforce Backlog,EMP01443,MEDIUM,10 pending tasks,Rebalance workload across available workforce
Workforce Backlog,EMP00610,MEDIUM,14 pending tasks,Rebalance workload across available workforce
Workforce Backlog,EMP02009,MEDIUM,11 pending tasks,Rebalance workload across available workforce
Workforce Backlog,EMP00005,MEDIUM,11 pending tasks,Rebalance workload across available workforce
Workforce Backlog,EMP02075,MEDIUM,10 pending tasks,Rebalance workload across available workforce
Workforce Backlog,EMP00537,MEDIUM,11 pending tasks,Rebalance workload across available workforce
Workforce Backlog,EMP01643,MEDIUM,12 pending tasks,Rebalance workload across available workforce
Workforce Backlog,EMP00178,MEDIUM,11 pending tasks,Rebalance workload across available workforce
Workforce Backlog,EMP00127,MEDIUM,13 pending tasks,Rebalance workload across available workforce
Workforce Backlog,EMP01312,MEDIUM,11 pending tasks,Rebalance workload across available workforce
Workforce Backlog,EMP01932,MEDIUM,10 pending tasks,Rebalance workload across available workforce
Workforce Backlog,EMP02433,MEDIUM,13 pending tasks,Rebalance workload across available workforce
Workforce Backlog,EMP01935,MEDIUM,11 pending tasks,Rebalance workload across available workforce
Workforce Backlog,EMP01187,MEDIUM,10 pending tasks,Rebalance workload across available workforce
Workforce Backlog,EMP01308,MEDIUM,10 pending tasks,Rebalance workload across available workforce
Workforce Backlog,EMP00645,MEDIUM,10 pending tasks,Rebalance workload across available workforce
Workforce Backlog,EMP00916,MEDIUM,10 pending tasks,Rebalance workload across available workforce
Workforce Backlog,EMP00271,MEDIUM,12 pending tasks,Rebalance workload across available workforce
Workforce Backlog,EMP01806,MEDIUM,12 pending tasks,Rebalance workload across available workforce
Workforce Backlog,EMP01135,MEDIUM,10 pending tasks,Rebalance workload across available workforce
Workforce Backlog,EMP02206,MEDIUM,13 pending tasks,Rebalance workload across available workforce
Workforce Backlog,EMP00013,MEDIUM,12 pending tasks,Rebalance workload across available workforce
Workforce Backlog,EMP01186,MEDIUM,10 pending tasks,Rebalance workload across available workforce
Workforce Backlog,EMP00674,MEDIUM,10 pending tasks,Rebalance workload across available workforce
Workforce Backlog,EMP00188,MEDIUM,10 pending tasks,Rebalance workload across available workforce
Workforce Backlog,EMP01832,MEDIUM,11 pending tasks,Rebalance workload across available workforce
Workforce Backlog,EMP01200,MEDIUM,11 pending tasks,Rebalance workload across available workforce
Workforce Backlog,EMP01051,MEDIUM,13 pending tasks,Rebalance workload across available workforce
Workforce Backlog,EMP01177,MEDIUM,10 pending tasks,Rebalance workload across available workforce
Workforce Backlog,EMP01392,MEDIUM,10 pending tasks,Rebalance workload across available workforce
Workforce Backlog,EMP00689,MEDIUM,10 pending tasks,Rebalance workload across available workforce
Workforce Backlog,EMP01066,MEDIUM,10 pending tasks,Rebalance workload across available workforce
Workforce Backlog,EMP00308,MEDIUM,10 pending tasks,Rebalance workload across available workforce
Workforce Backlog,EMP01508,MEDIUM,10 pending tasks,Rebalance workload across available workforce
Workforce Backlog,EMP01865,MEDIUM,12 pending tasks,Rebalance workload across available workforce
Workforce Backlog,EMP01795,MEDIUM,11 pending tasks,Rebalance workload across available workforce
Workforce Backlog,EMP01182,MEDIUM,12 pending tasks,Rebalance workload across available workforce
Workforce Backlog,EMP00101,MEDIUM,13 pending tasks,Rebalance workload across available workforce
Workforce Backlog,EMP01010,MEDIUM,10 pending tasks,Rebalance workload across available workforce
Workforce Backlog,EMP01841,MEDIUM,10 pending tasks,Rebalance workload across available workforce
Workforce Backlog,EMP00313,MEDIUM,10 pending tasks,Rebalance workload across available workforce
Workforce Backlog,EMP01459,MEDIUM,10 pending tasks,Rebalance workload across available workforce
Workforce Backlog,EMP00979,MEDIUM,13 pending tasks,Rebalance workload across available workforce
Workforce Backlog,EMP00197,MEDIUM,10 pending tasks,Rebalance workload across available workforce
Workforce Backlog,EMP02184,MEDIUM,10 pending tasks,Rebalance workload across available workforce
Workforce Backlog,EMP00366,MEDIUM,12 pending tasks,Rebalance workload across available workforce
Workforce Backlog,EMP00802,MEDIUM,10 pending tasks,Rebalance workload across available workforce
Workforce Backlog,EMP01590,MEDIUM,10 pending tasks,Rebalance workload across available workforce
Workforce Backlog,EMP01708,MEDIUM,10 pending tasks,Rebalance workload across available workforce
Workforce Backlog,EMP02430,MEDIUM,12 pending tasks,Rebalance workload across available workforce
Workforce Backlog,EMP01810,MEDIUM,10 pending tasks,Rebalance workload across available workforce
Workforce Backlog,EMP01569,MEDIUM,10 pending tasks,Rebalance workload across available workforce
Workforce Backlog,EMP02080,MEDIUM,10 pending tasks,Rebalance workload across available workforce
Workforce Backlog,EMP00490,MEDIUM,11 pending tasks,Rebalance workload across available workforce
Workforce Backlog,EMP02006,MEDIUM,10 pending tasks,Rebalance workload across available workforce
Workforce Backlog,EMP01320,MEDIUM,12 pending tasks,Rebalance workload across available workforce
Workforce Backlog,EMP02330,MEDIUM,11 pending tasks,Rebalance workload across available workforce
Workforce Backlog,EMP02243,MEDIUM,11 pending tasks,Rebalance workload across available workforce
Workforce Backlog,EMP00997,MEDIUM,10 pending tasks,Rebalance workload across available workforce
Workforce Backlog,EMP00214,MEDIUM,12 pending tasks,Rebalance workload across available workforce
Workforce Backlog,EMP02374,MEDIUM,11 pending tasks,Rebalance workload across available workforce
Workforce Backlog,EMP01812,MEDIUM,12 pending tasks,Rebalance workload across available workforce
Workforce Backlog,EMP00596,MEDIUM,10 pending tasks,Rebalance workload across available workforce
Workforce Backlog,EMP01600,MEDIUM,11 pending tasks,Rebalance workload across available workforce
Workforce Backlog,EMP01170,MEDIUM,10 pending tasks,Rebalance workload across available workforce
Workforce Backlog,EMP01928,MEDIUM,11 pending tasks,Rebalance workload across available workforce
Workforce Backlog,EMP02224,MEDIUM,11 pending tasks,Rebalance workload across available workforce
Workforce Backlog,EMP00679,MEDIUM,11 pending tasks,Rebalance workload across available workforce
Workforce Backlog,EMP00990,MEDIUM,11 pending tasks,Rebalance workload across available workforce
Workforce Backlog,EMP00355,MEDIUM,10 pending tasks,Rebalance workload across available workforce
Workforce Backlog,EMP00077,MEDIUM,10 pending tasks,Rebalance workload across available workforce
Workforce Backlog,EMP00816,MEDIUM,10 pending tasks,Rebalance workload across available workforce
Workforce Backlog,EMP01009,MEDIUM,13 pending tasks,Rebalance workload across available workforce
Workforce Backlog,EMP02011,MEDIUM,13 pending tasks,Rebalance workload across available workforce
Workforce Backlog,EMP00865,MEDIUM,12 pending tasks,Rebalance workload across available workforce
Workforce Backlog,EMP01668,MEDIUM,10 pending tasks,Rebalance workload across available workforce
Workforce Backlog,EMP00220,MEDIUM,14 pending tasks,Rebalance workload across available workforce
Workforce Backlog,EMP02448,MEDIUM,10 pending tasks,Rebalance workload across available workforce
Workforce Backlog,EMP01422,MEDIUM,10 pending tasks,Rebalance workload across available workforce
Workforce Backlog,EMP01450,MEDIUM,10 pending tasks,Rebalance workload across available workforce
Workforce Backlog,EMP02405,MEDIUM,14 pending tasks,Rebalance workload across available workforce
Workforce Backlog,EMP00892,MEDIUM,11 pending tasks,Rebalance workload across available workforce
Workforce Backlog,EMP01059,MEDIUM,10 pending tasks,Rebalance workload across available workforce
Workforce Backlog,EMP02388,MEDIUM,10 pending tasks,Rebalance workload across available workforce
Workforce Backlog,EMP02183,MEDIUM,10 pending tasks,Rebalance workload across available workforce
Workforce Backlog,EMP01234,MEDIUM,10 pending tasks,Rebalance workload across available workforce
Workforce Backlog,EMP01011,MEDIUM,10 pending tasks,Rebalance workload across available workforce
Workforce Backlog,EMP00012,MEDIUM,12 pending tasks,Rebalance workload across available workforce
Workforce Backlog,EMP00025,MEDIUM,10 pending tasks,Rebalance workload across available workforce
Workforce Backlog,EMP02455,MEDIUM,10 pending tasks,Rebalance workload across available workforce
Workforce Backlog,EMP00199,MEDIUM,10 pending tasks,Rebalance workload across available workforce
Workforce Backlog,EMP01548,MEDIUM,13 pending tasks,Rebalance workload across available workforce
Workforce Backlog,EMP01709,MEDIUM,11 pending tasks,Rebalance workload across available workforce
Workforce Backlog,EMP01864,MEDIUM,14 pending tasks,Rebalance workload across available workforce
Workforce Backlog,EMP02169,MEDIUM,11 pending tasks,Rebalance workload across available workforce
Workforce Backlog,EMP00476,MEDIUM,11 pending tasks,Rebalance workload across available workforce
Workforce Backlog,EMP01592,MEDIUM,10 pending tasks,Rebalance workload across available workforce
Workforce Backlog,EMP01364,MEDIUM,10 pending tasks,Rebalance workload across available workforce
Workforce Backlog,EMP01371,MEDIUM,12 pending tasks,Rebalance workload across available workforce
Workforce Backlog,EMP01044,MEDIUM,10 pending tasks,Rebalance workload across available workforce
Workforce Backlog,EMP00745,MEDIUM,10 pending tasks,Rebalance workload across available workforce
Workforce Backlog,EMP00683,MEDIUM,10 pending tasks,Rebalance workload across available workforce
Workforce Backlog,EMP00835,MEDIUM,11 pending tasks,Rebalance workload across available workforce
Workforce Backlog,EMP00619,MEDIUM,11 pending tasks,Rebalance workload across available workforce
Workforce Backlog,EMP02196,MEDIUM,12 pending tasks,Rebalance workload across available workforce
Workforce Backlog,EMP00031,MEDIUM,12 pending tasks,Rebalance workload across available workforce
Workforce Backlog,EMP01075,MEDIUM,10 pending tasks,Rebalance workload across available workforce
Workforce Backlog,EMP02206,MEDIUM,10 pending tasks,Rebalance workload across available workforce
Workforce Backlog,EMP01343,MEDIUM,10 pending tasks,Rebalance workload across available workforce
Workforce Backlog,EMP01810,MEDIUM,10 pending tasks,Rebalance workload across available workforce
Workforce Backlog,EMP02416,MEDIUM,12 pending tasks,Rebalance workload across available workforce
Workforce Backlog,EMP01335,MEDIUM,10 pending tasks,Rebalance workload across available workforce
Workforce Backlog,EMP01676,MEDIUM,11 pending tasks,Rebalance workload across available workforce
Workforce Backlog,EMP00421,MEDIUM,10 pending tasks,Rebalance workload across available workforce
Workforce Backlog,EMP01567,MEDIUM,11 pending tasks,Rebalance workload across available workforce
Workforce Backlog,EMP02414,MEDIUM,10 pending tasks,Rebalance workload across available workforce
Workforce Backlog,EMP00741,MEDIUM,10 pending tasks,Rebalance workload across available workforce
Workforce Backlog,EMP00639,MEDIUM,10 pending tasks,Rebalance workload across available workforce
Workforce Backlog,EMP01979,MEDIUM,10 pending tasks,Rebalance workload across available workforce
Workforce Backlog,EMP01336,MEDIUM,10 pending tasks,Rebalance workload across available workforce
Workforce Backlog,EMP01698,MEDIUM,13 pending tasks,Rebalance workload across available workforce
Workforce Backlog,EMP00394,MEDIUM,11 pending tasks,Rebalance workload across available workforce
Workforce Backlog,EMP02065,MEDIUM,10 pending tasks,Rebalance workload across available workforce
Workforce Backlog,EMP01110,MEDIUM,10 pending tasks,Rebalance workload across available workforce
Workforce Backlog,EMP01107,MEDIUM,11 pending tasks,Rebalance workload across available workforce
Workforce Backlog,EMP00530,MEDIUM,10 pending tasks,Rebalance workload across available workforce
Workforce Backlog,EMP02261,MEDIUM,12 pending tasks,Rebalance workload across available workforce
Workforce Backlog,EMP01445,MEDIUM,13 pending tasks,Rebalance workload across available workforce
Workforce Backlog,EMP01990,MEDIUM,15 pending tasks,Rebalance workload across available workforce
Workforce Backlog,EMP01005,MEDIUM,10 pending tasks,Rebalance workload across available workforce
Workforce Backlog,EMP00459,MEDIUM,10 pending tasks,Rebalance workload across available workforce
Workforce Backlog,EMP00969,MEDIUM,12 pending tasks,Rebalance workload across available workforce
Workforce Backlog,EMP01185,MEDIUM,11 pending tasks,Rebalance workload across available workforce
Workforce Backlog,EMP00407,MEDIUM,11 pending tasks,Rebalance workload across available workforce
Workforce Backlog,EMP00824,MEDIUM,10 pending tasks,Rebalance workload across available workforce
Workforce Backlog,EMP02075,MEDIUM,10 pending tasks,Rebalance workload across available workforce
Workforce Backlog,EMP00223,MEDIUM,13 pending tasks,Rebalance workload across available workforce
Workforce Backlog,EMP01567,MEDIUM,10 pending tasks,Rebalance workload across available workforce
Workforce Backlog,EMP02353,MEDIUM,11 pending tasks,Rebalance workload across available workforce
Workforce Backlog,EMP02048,MEDIUM,10 pending tasks,Rebalance workload across available workforce
Workforce Backlog,EMP01232,MEDIUM,10 pending tasks,Rebalance workload across available workforce
Workforce Backlog,EMP02253,MEDIUM,10 pending tasks,Rebalance workload across available workforce
Workforce Backlog,EMP00508,MEDIUM,10 pending tasks,Rebalance workload across available workforce
Workforce Backlog,EMP01465,MEDIUM,12 pending tasks,Rebalance workload across available workforce
Workforce Backlog,EMP01921,MEDIUM,11 pending tasks,Rebalance workload across available workforce
Workforce Backlog,EMP02319,MEDIUM,11 pending tasks,Rebalance workload across available workforce
Workforce Backlog,EMP01851,MEDIUM,10 pending tasks,Rebalance workload across available workforce
Workforce Backlog,EMP00433,MEDIUM,10 pending tasks,Rebalance workload across available workforce
Workforce Backlog,EMP01464,MEDIUM,10 pending tasks,Rebalance workload across available workforce
Workforce Backlog,EMP01905,MEDIUM,12 pending tasks,Rebalance workload across available workforce
Workforce Backlog,EMP00809,MEDIUM,10 pending tasks,Rebalance workload across available workforce
Workforce Backlog,EMP02463,MEDIUM,14 pending tasks,Rebalance workload across available workforce
Workforce Backlog,EMP01941,MEDIUM,10 pending tasks,Rebalance workload across available workforce
Workforce Backlog,EMP02212,MEDIUM,11 pending tasks,Rebalance workload across available workforce
Workforce Backlog,EMP01417,MEDIUM,10 pending tasks,Rebalance workload across available workforce
Workforce Backlog,EMP02073,MEDIUM,11 pending tasks,Rebalance workload across available workforce
Workforce Backlog,EMP01617,MEDIUM,10 pending tasks,Rebalance workload across available workforce
Workforce Backlog,EMP00925,MEDIUM,10 pending tasks,Rebalance workload across available workforce
Workforce Backlog,EMP00844,MEDIUM,10 pending tasks,Rebalance workload across available workforce
Workforce Backlog,EMP00770,MEDIUM,10 pending tasks,Rebalance workload across available workforce
Workforce Backlog,EMP02180,MEDIUM,10 pending tasks,Rebalance workload across available workforce
Workforce Backlog,EMP01278,MEDIUM,10 pending tasks,Rebalance workload across available workforce
Workforce Backlog,EMP00652,MEDIUM,10 pending tasks,Rebalance workload across available workforce
Workforce Backlog,EMP00694,MEDIUM,10 pending tasks,Rebalance workload across available workforce
Workforce Backlog,EMP01225,MEDIUM,10 pending tasks,Rebalance workload across available workforce
Workforce Backlog,EMP02210,MEDIUM,12 pending tasks,Rebalance workload across available workforce
Workforce Backlog,EMP01990,MEDIUM,11 pending tasks,Rebalance workload across available workforce
Workforce Backlog,EMP02328,MEDIUM,16 pending tasks,Rebalance workload across available workforce
Workforce Backlog,EMP00665,MEDIUM,10 pending tasks,Rebalance workload across available workforce
Workforce Backlog,EMP02095,MEDIUM,11 pending tasks,Rebalance workload across available workforce
Workforce Backlog,EMP01743,MEDIUM,10 pending tasks,Rebalance workload across available workforce
Workforce Backlog,EMP02424,MEDIUM,11 pending tasks,Rebalance workload across available workforce
Workforce Backlog,EMP01243,MEDIUM,10 pending tasks,Rebalance workload across available workforce
Workforce Backlog,EMP00021,MEDIUM,10 pending tasks,Rebalance workload across available workforce
Workforce Backlog,EMP00065,MEDIUM,10 pending tasks,Rebalance workload across available workforce
Workforce Backlog,EMP00045,MEDIUM,10 pending tasks,Rebalance workload across available workforce
Workforce Backlog,EMP01355,MEDIUM,10 pending tasks,Rebalance workload across available workforce
Workforce Backlog,EMP02038,MEDIUM,11 pending tasks,Rebalance workload across available workforce
Workforce Backlog,EMP01791,MEDIUM,10 pending tasks,Rebalance workload across available workforce
Workforce Backlog,EMP01046,MEDIUM,12 pending tasks,Rebalance workload across available workforce
Workforce Backlog,EMP00151,MEDIUM,11 pending tasks,Rebalance workload across available workforce
Workforce Backlog,EMP01671,MEDIUM,12 pending tasks,Rebalance workload across available workforce
Workforce Backlog,EMP01947,MEDIUM,11 pending tasks,Rebalance workload across available workforce
Workforce Backlog,EMP01007,MEDIUM,10 pending tasks,Rebalance workload across available workforce
Workforce Backlog,EMP02121,MEDIUM,10 pending tasks,Rebalance workload across available workforce
Workforce Backlog,EMP01263,MEDIUM,10 pending tasks,Rebalance workload across available workforce
Workforce Backlog,EMP00017,MEDIUM,13 pending tasks,Rebalance workload across available workforce
Workforce Backlog,EMP01522,MEDIUM,10 pending tasks,Rebalance workload across available workforce
Workforce Backlog,EMP00578,MEDIUM,10 pending tasks,Rebalance workload across available workforce
Workforce Backlog,EMP02242,MEDIUM,11 pending tasks,Rebalance workload across available workforce
Workforce Backlog,EMP02299,MEDIUM,14 pending tasks,Rebalance workload across available workforce
Workforce Backlog,EMP02363,MEDIUM,11 pending tasks,Rebalance workload across available workforce
Workforce Backlog,EMP01634,MEDIUM,12 pending tasks,Rebalance workload across available workforce
Workforce Backlog,EMP01609,MEDIUM,12 pending tasks,Rebalance workload across available workforce
Workforce Backlog,EMP01118,MEDIUM,10 pending tasks,Rebalance workload across available workforce
Workforce Backlog,EMP01210,MEDIUM,10 pending tasks,Rebalance workload across available workforce
Workforce Backlog,EMP01503,MEDIUM,11 pending tasks,Rebalance workload across available workforce
Workforce Backlog,EMP02414,MEDIUM,10 pending tasks,Rebalance workload across available workforce
Workforce Backlog,EMP01254,MEDIUM,10 pending tasks,Rebalance workload across available workforce
Workforce Backlog,EMP00467,MEDIUM,10 pending tasks,Rebalance workload across available workforce
Workforce Backlog,EMP00619,MEDIUM,10 pending tasks,Rebalance workload across available workforce
Workforce Backlog,EMP00166,MEDIUM,11 pending tasks,Rebalance workload across available workforce
Workforce Backlog,EMP01168,MEDIUM,10 pending tasks,Rebalance workload across available workforce
Workforce Backlog,EMP01524,MEDIUM,11 pending tasks,Rebalance workload across available workforce
Workforce Backlog,EMP00132,MEDIUM,10 pending tasks,Rebalance workload across available workforce
Workforce Backlog,EMP01363,MEDIUM,11 pending tasks,Rebalance workload across available workforce
Workforce Backlog,EMP00841,MEDIUM,10 pending tasks,Rebalance workload across available workforce
Workforce Backlog,EMP02423,MEDIUM,11 pending tasks,Rebalance workload across available workforce
Workforce Backlog,EMP02301,MEDIUM,11 pending tasks,Rebalance workload across available workforce
Workforce Backlog,EMP01983,MEDIUM,10 pending tasks,Rebalance workload across available workforce
Workforce Backlog,EMP01940,MEDIUM,11 pending tasks,Rebalance workload across available workforce
Workforce Backlog,EMP00726,MEDIUM,10 pending tasks,Rebalance workload across available workforce
Workforce Backlog,EMP02385,MEDIUM,12 pending tasks,Rebalance workload across available workforce
Workforce Backlog,EMP02288,MEDIUM,10 pending tasks,Rebalance workload across available workforce
Workforce Backlog,EMP01806,MEDIUM,10 pending tasks,Rebalance workload across available workforce
Workforce Backlog,EMP01092,MEDIUM,10 pending tasks,Rebalance workload across available workforce
Workforce Backlog,EMP00905,MEDIUM,10 pending tasks,Rebalance workload across available workforce
Workforce Backlog,EMP01166,MEDIUM,10 pending tasks,Rebalance workload across available workforce
Workforce Backlog,EMP01619,MEDIUM,10 pending tasks,Rebalance workload across available workforce
Workforce Backlog,EMP02450,MEDIUM,11 pending tasks,Rebalance workload across available workforce
Workforce Backlog,EMP02320,MEDIUM,11 pending tasks,Rebalance workload across available workforce
Workforce Backlog,EMP00302,MEDIUM,11 pending tasks,Rebalance workload across available workforce
Workforce Backlog,EMP02276,MEDIUM,12 pending tasks,Rebalance workload across available workforce
Workforce Backlog,EMP00027,MEDIUM,10 pending tasks,Rebalance workload across available workforce
Workforce Backlog,EMP01993,MEDIUM,14 pending tasks,Rebalance workload across available workforce
Workforce Backlog,EMP02401,MEDIUM,12 pending tasks,Rebalance workload across available workforce
Workforce Backlog,EMP00700,MEDIUM,12 pending tasks,Rebalance workload across available workforce
Workforce Backlog,EMP02326,MEDIUM,11 pending tasks,Rebalance workload across available workforce
Workforce Backlog,EMP02063,MEDIUM,10 pending tasks,Rebalance workload across available workforce
Workforce Backlog,EMP00413,MEDIUM,12 pending tasks,Rebalance workload across available workforce
Workforce Backlog,EMP00361,MEDIUM,10 pending tasks,Rebalance workload across available workforce
Workforce Backlog,EMP00217,MEDIUM,10 pending tasks,Rebalance workload across available workforce
Workforce Backlog,EMP01589,MEDIUM,12 pending tasks,Rebalance workload across available workforce
Workforce Backlog,EMP00590,MEDIUM,11 pending tasks,Rebalance workload across available workforce
Workforce Backlog,EMP00979,MEDIUM,10 pending tasks,Rebalance workload across available workforce
Workforce Backlog,EMP01221,MEDIUM,11 pending tasks,Rebalance workload across available workforce
Workforce Backlog,EMP01437,MEDIUM,10 pending tasks,Rebalance workload across available workforce
Workforce Backlog,EMP01595,MEDIUM,11 pending tasks,Rebalance workload across available workforce
Workforce Backlog,EMP01379,MEDIUM,11 pending tasks,Rebalance workload across available workforce
Workforce Backlog,EMP02023,MEDIUM,10 pending tasks,Rebalance workload across available workforce
Workforce Backlog,EMP01679,MEDIUM,12 pending tasks,Rebalance workload across available workforce
Workforce Backlog,EMP01821,MEDIUM,13 pending tasks,Rebalance workload across available workforce
Workforce Backlog,EMP00543,MEDIUM,12 pending tasks,Rebalance workload across available workforce
Workforce Backlog,EMP02265,MEDIUM,10 pending tasks,Rebalance workload across available workforce
Workforce Backlog,EMP00483,MEDIUM,10 pending tasks,Rebalance workload across available workforce
Workforce Backlog,EMP02214,MEDIUM,11 pending tasks,Rebalance workload across available workforce
Workforce Backlog,EMP02361,MEDIUM,10 pending tasks,Rebalance workload across available workforce
Workforce Backlog,EMP00121,MEDIUM,10 pending tasks,Rebalance workload across available workforce
Workforce Backlog,EMP00629,MEDIUM,14 pending tasks,Rebalance workload across available workforce
Workforce Backlog,EMP01179,MEDIUM,12 pending tasks,Rebalance workload across available workforce
Workforce Backlog,EMP02471,MEDIUM,13 pending tasks,Rebalance workload across available workforce
Workforce Backlog,EMP00740,MEDIUM,10 pending tasks,Rebalance workload across available workforce
Workforce Backlog,EMP01282,MEDIUM,10 pending tasks,Rebalance workload across available workforce
Workforce Backlog,EMP01738,MEDIUM,10 pending tasks,Rebalance workload across available workforce
Workforce Backlog,EMP01763,MEDIUM,10 pending tasks,Rebalance workload across available workforce
Workforce Backlog,EMP02312,MEDIUM,12 pending tasks,Rebalance workload across available workforce
Workforce Backlog,EMP01907,MEDIUM,11 pending tasks,Rebalance workload across available workforce
Workforce Backlog,EMP02010,MEDIUM,11 pending tasks,Rebalance workload across available workforce
Workforce Backlog,EMP01903,MEDIUM,11 pending tasks,Rebalance workload across available workforce
Workforce Backlog,EMP01477,MEDIUM,11 pending tasks,Rebalance workload across available workforce
Workforce Backlog,EMP01197,MEDIUM,10 pending tasks,Rebalance workload across available workforce
Workforce Backlog,EMP00231,MEDIUM,12 pending tasks,Rebalance workload across available workforce
Workforce Backlog,EMP00088,MEDIUM,10 pending tasks,Rebalance workload across available workforce
Workforce Backlog,EMP00727,MEDIUM,10 pending tasks,Rebalance workload across available workforce
Workforce Backlog,EMP00326,MEDIUM,10 pending tasks,Rebalance workload across available workforce
Workforce Backlog,EMP02496,MEDIUM,12 pending tasks,Rebalance workload across available workforce
Workforce Backlog,EMP01160,MEDIUM,10 pending tasks,Rebalance workload across available workforce
Workforce Backlog,EMP02141,MEDIUM,11 pending tasks,Rebalance workload across available workforce
Workforce Backlog,EMP01621,MEDIUM,10 pending tasks,Rebalance workload across available workforce
Workforce Backlog,EMP02318,MEDIUM,11 pending tasks,Rebalance workload across available workforce
Workforce Backlog,EMP01059,MEDIUM,10 pending tasks,Rebalance workload across available workforce
Workforce Backlog,EMP01455,MEDIUM,10 pending tasks,Rebalance workload across available workforce
Workforce Backlog,EMP00364,MEDIUM,11 pending tasks,Rebalance workload across available workforce
Workforce Backlog,EMP01366,MEDIUM,10 pending tasks,Rebalance workload across available workforce
Workforce Backlog,EMP00834,MEDIUM,10 pending tasks,Rebalance workload across available workforce
Workforce Backlog,EMP00484,MEDIUM,10 pending tasks,Rebalance workload across available workforce
Workforce Backlog,EMP01495,MEDIUM,10 pending tasks,Rebalance workload across available workforce
Workforce Backlog,EMP02027,MEDIUM,10 pending tasks,Rebalance workload across available workforce
Workforce Backlog,EMP00338,MEDIUM,10 pending tasks,Rebalance workload across available workforce
Workforce Backlog,EMP00680,MEDIUM,14 pending tasks,Rebalance workload across available workforce
Workforce Backlog,EMP01355,MEDIUM,10 pending tasks,Rebalance workload across available workforce
Workforce Backlog,EMP02171,MEDIUM,10 pending tasks,Rebalance workload across available workforce
Workforce Backlog,EMP02482,MEDIUM,12 pending tasks,Rebalance workload across available workforce
Workforce Backlog,EMP02439,MEDIUM,10 pending tasks,Rebalance workload across available workforce
Workforce Backlog,EMP00635,MEDIUM,13 pending tasks,Rebalance workload across available workforce
Workforce Backlog,EMP02279,MEDIUM,15 pending tasks,Rebalance workload across available workforce
Workforce Backlog,EMP00155,MEDIUM,12 pending tasks,Rebalance workload across available workforce
Workforce Backlog,EMP00444,MEDIUM,10 pending tasks,Rebalance workload across available workforce
Workforce Backlog,EMP00260,MEDIUM,10 pending tasks,Rebalance workload across available workforce
Workforce Backlog,EMP01142,MEDIUM,10 pending tasks,Rebalance workload across available workforce
Workforce Backlog,EMP01334,MEDIUM,10 pending tasks,Rebalance workload across available workforce
Workforce Backlog,EMP00476,MEDIUM,11 pending tasks,Rebalance workload across available workforce
Workforce Backlog,EMP01590,MEDIUM,11 pending tasks,Rebalance workload across available workforce
Workforce Backlog,EMP01090,MEDIUM,10 pending tasks,Rebalance workload across available workforce
Workforce Backlog,EMP01862,MEDIUM,10 pending tasks,Rebalance workload across available workforce
Workforce Backlog,EMP00351,MEDIUM,12 pending tasks,Rebalance workload across available workforce
Workforce Backlog,EMP01795,MEDIUM,10 pending tasks,Rebalance workload across available workforce
Workforce Backlog,EMP01161,MEDIUM,10 pending tasks,Rebalance workload across available workforce
Workforce Backlog,EMP01202,MEDIUM,10 pending tasks,Rebalance workload across available workforce
Workforce Backlog,EMP00090,MEDIUM,11 pending tasks,Rebalance workload across available workforce
Workforce Backlog,EMP00629,MEDIUM,12 pending tasks,Rebalance workload across available workforce
Workforce Backlog,EMP02128,MEDIUM,10 pending tasks,Rebalance workload across available workforce
Workforce Backlog,EMP02069,MEDIUM,10 pending tasks,Rebalance workload across available workforce
Workforce Backlog,EMP02233,MEDIUM,12 pending tasks,Rebalance workload across available workforce
Workforce Backlog,EMP00238,MEDIUM,12 pending tasks,Rebalance workload across available workforce
Workforce Backlog,EMP00613,MEDIUM,10 pending tasks,Rebalance workload across available workforce
Workforce Backlog,EMP00066,MEDIUM,10 pending tasks,Rebalance workload across available workforce
Workforce Backlog,EMP01199,MEDIUM,11 pending tasks,Rebalance workload across available workforce
Workforce Backlog,EMP00549,MEDIUM,11 pending tasks,Rebalance workload across available workforce
Workforce Backlog,EMP01246,MEDIUM,11 pending tasks,Rebalance workload across available workforce
Workforce Backlog,EMP01134,MEDIUM,15 pending tasks,Rebalance workload across available workforce
Workforce Backlog,EMP02203,MEDIUM,10 pending tasks,Rebalance workload across available workforce
Workforce Backlog,EMP01770,MEDIUM,10 pending tasks,Rebalance workload across available workforce
Workforce Backlog,EMP01981,MEDIUM,10 pending tasks,Rebalance workload across available workforce
Workforce Backlog,EMP01562,MEDIUM,10 pending tasks,Rebalance workload across available workforce
Workforce Backlog,EMP00840,MEDIUM,10 pending tasks,Rebalance workload across available workforce
Workforce Backlog,EMP01514,MEDIUM,11 pending tasks,Rebalance workload across available workforce
Workforce Backlog,EMP02322,MEDIUM,13 pending tasks,Rebalance workload across available workforce
Workforce Backlog,EMP00072,MEDIUM,10 pending tasks,Rebalance workload across available workforce
Workforce Backlog,EMP02014,MEDIUM,11 pending tasks,Rebalance workload across available workforce
Workforce Backlog,EMP00809,MEDIUM,11 pending tasks,Rebalance workload across available workforce
Workforce Backlog,EMP02058,MEDIUM,10 pending tasks,Rebalance workload across available workforce
Workforce Backlog,EMP02326,MEDIUM,10 pending tasks,Rebalance workload across available workforce
Workforce Backlog,EMP02210,MEDIUM,10 pending tasks,Rebalance workload across available workforce
Workforce Backlog,EMP00218,MEDIUM,10 pending tasks,Rebalance workload across available workforce
Workforce Backlog,EMP00847,MEDIUM,10 pending tasks,Rebalance workload across available workforce
Workforce Backlog,EMP01490,MEDIUM,10 pending tasks,Rebalance workload across available workforce
Workforce Backlog,EMP00973,MEDIUM,13 pending tasks,Rebalance workload across available workforce
Workforce Backlog,EMP00001,MEDIUM,12 pending tasks,Rebalance workload across available workforce
Workforce Backlog,EMP01536,MEDIUM,12 pending tasks,Rebalance workload across available workforce
Workforce Backlog,EMP00735,MEDIUM,10 pending tasks,Rebalance workload across available workforce
Workforce Backlog,EMP00581,MEDIUM,11 pending tasks,Rebalance workload across available workforce
Workforce Backlog,EMP01913,MEDIUM,11 pending tasks,Rebalance workload across available workforce
Workforce Backlog,EMP02369,MEDIUM,10 pending tasks,Rebalance workload across available workforce
Workforce Backlog,EMP00883,MEDIUM,11 pending tasks,Rebalance workload across available workforce
Workforce Backlog,EMP01064,MEDIUM,10 pending tasks,Rebalance workload across available workforce
Workforce Backlog,EMP02121,MEDIUM,10 pending tasks,Rebalance workload across available workforce
Workforce Backlog,EMP00631,MEDIUM,12 pending tasks,Rebalance workload across available workforce
Workforce Backlog,EMP00872,MEDIUM,11 pending tasks,Rebalance workload across available workforce
Workforce Backlog,EMP01056,MEDIUM,10 pending tasks,Rebalance workload across available workforce
Workforce Backlog,EMP00132,MEDIUM,10 pending tasks,Rebalance workload across available workforce
Workforce Backlog,EMP01778,MEDIUM,11 pending tasks,Rebalance workload across available workforce
Workforce Backlog,EMP00651,MEDIUM,12 pending tasks,Rebalance workload across available workforce
Workforce Backlog,EMP01492,MEDIUM,13 pending tasks,Rebalance workload across available workforce
Workforce Backlog,EMP00451,MEDIUM,10 pending tasks,Rebalance workload across available workforce
Workforce Backlog,EMP00418,MEDIUM,10 pending tasks,Rebalance workload across available workforce
Workforce Backlog,EMP01774,MEDIUM,10 pending tasks,Rebalance workload across available workforce
Workforce Backlog,EMP01522,MEDIUM,11 pending tasks,Rebalance workload across available workforce
Workforce Backlog,EMP01787,MEDIUM,10 pending tasks,Rebalance workload across available workforce
Workforce Backlog,EMP00735,MEDIUM,12 pending tasks,Rebalance workload across available workforce
Workforce Backlog,EMP01218,MEDIUM,10 pending tasks,Rebalance workload across available workforce
Workforce Backlog,EMP02309,MEDIUM,10 pending tasks,Rebalance workload across available workforce
Workforce Backlog,EMP00659,MEDIUM,11 pending tasks,Rebalance workload across available workforce
Workforce Backlog,EMP01333,MEDIUM,10 pending tasks,Rebalance workload across available workforce
Workforce Backlog,EMP01046,MEDIUM,12 pending tasks,Rebalance workload across available workforce
Workforce Backlog,EMP02373,MEDIUM,10 pending tasks,Rebalance workload across available workforce
Workforce Backlog,EMP00537,MEDIUM,11 pending tasks,Rebalance workload across available workforce
Workforce Backlog,EMP02028,MEDIUM,10 pending tasks,Rebalance workload across available workforce
Workforce Backlog,EMP02480,MEDIUM,11 pending tasks,Rebalance workload across available workforce
Workforce Backlog,EMP02024,MEDIUM,11 pending tasks,Rebalance workload across available workforce
Workforce Backlog,EMP01167,MEDIUM,12 pending tasks,Rebalance workload across available workforce
Workforce Backlog,EMP01183,MEDIUM,13 pending tasks,Rebalance workload across available workforce
Workforce Backlog,EMP01250,MEDIUM,10 pending tasks,Rebalance workload across available workforce
Workforce Backlog,EMP00027,MEDIUM,10 pending tasks,Rebalance workload across available workforce
Workforce Backlog,EMP01584,MEDIUM,10 pending tasks,Rebalance workload across available workforce
Workforce Backlog,EMP01741,MEDIUM,11 pending tasks,Rebalance workload across available workforce
Workforce Backlog,EMP02024,MEDIUM,10 pending tasks,Rebalance workload across available workforce
Workforce Backlog,EMP02076,MEDIUM,10 pending tasks,Rebalance workload across available workforce
Workforce Backlog,EMP02035,MEDIUM,10 pending tasks,Rebalance workload across available workforce
Workforce Backlog,EMP01302,MEDIUM,10 pending tasks,Rebalance workload across available workforce
Workforce Backlog,EMP02182,MEDIUM,12 pending tasks,Rebalance workload across available workforce
Workforce Backlog,EMP01377,MEDIUM,11 pending tasks,Rebalance workload across available workforce
Workforce Backlog,EMP00296,MEDIUM,10 pending tasks,Rebalance workload across available workforce
Workforce Backlog,EMP00783,MEDIUM,10 pending tasks,Rebalance workload across available workforce
Workforce Backlog,EMP00329,MEDIUM,10 pending tasks,Rebalance workload across available workforce
Workforce Backlog,EMP00539,MEDIUM,10 pending tasks,Rebalance workload across available workforce
Workforce Backlog,EMP00681,MEDIUM,10 pending tasks,Rebalance workload across available workforce
Workforce Backlog,EMP00612,MEDIUM,14 pending tasks,Rebalance workload across available workforce
Workforce Backlog,EMP01987,MEDIUM,10 pending tasks,Rebalance workload across available workforce
Workforce Backlog,EMP01390,MEDIUM,11 pending tasks,Rebalance workload across available workforce
Workforce Backlog,EMP00685,MEDIUM,10 pending tasks,Rebalance workload across available workforce
Workforce Backlog,EMP02423,MEDIUM,12 pending tasks,Rebalance workload across available workforce
Workforce Backlog,EMP00549,MEDIUM,11 pending tasks,Rebalance workload across available workforce
Workforce Backlog,EMP00276,MEDIUM,12 pending tasks,Rebalance workload across available workforce
Workforce Backlog,EMP00922,MEDIUM,10 pending tasks,Rebalance workload across available workforce
Workforce Backlog,EMP00019,MEDIUM,10 pending tasks,Rebalance workload across available workforce
Workforce Backlog,EMP02054,MEDIUM,11 pending tasks,Rebalance workload across available workforce
Workforce Backlog,EMP00770,MEDIUM,10 pending tasks,Rebalance workload across available workforce
Workforce Backlog,EMP02110,MEDIUM,13 pending tasks,Rebalance workload across available workforce
Workforce Backlog,EMP00522,MEDIUM,11 pending tasks,Rebalance workload across available workforce
Workforce Backlog,EMP01047,MEDIUM,14 pending tasks,Rebalance workload across available workforce
Workforce Backlog,EMP00689,MEDIUM,12 pending tasks,Rebalance workload across available workforce
Workforce Backlog,EMP00617,MEDIUM,10 pending tasks,Rebalance workload across available workforce
Workforce Backlog,EMP00578,MEDIUM,10 pending tasks,Rebalance workload across available workforce
Workforce Backlog,EMP00129,MEDIUM,10 pending tasks,Rebalance workload across available workforce
Workforce Backlog,EMP01497,MEDIUM,11 pending tasks,Rebalance workload across available workforce
Workforce Backlog,EMP02251,MEDIUM,10 pending tasks,Rebalance workload across available workforce
Workforce Backlog,EMP00026,MEDIUM,13 pending tasks,Rebalance workload across available workforce
Workforce Backlog,EMP00815,MEDIUM,12 pending tasks,Rebalance workload across available workforce
Workforce Backlog,EMP02181,MEDIUM,11 pending tasks,Rebalance workload across available workforce
Workforce Backlog,EMP00831,MEDIUM,10 pending tasks,Rebalance workload across available workforce
Workforce Backlog,EMP01152,MEDIUM,11 pending tasks,Rebalance workload across available workforce
Workforce Backlog,EMP00056,MEDIUM,11 pending tasks,Rebalance workload across available workforce
Workforce Backlog,EMP00957,MEDIUM,11 pending tasks,Rebalance workload across available workforce
Workforce Backlog,EMP00115,MEDIUM,11 pending tasks,Rebalance workload across available workforce
Workforce Backlog,EMP01968,MEDIUM,10 pending tasks,Rebalance workload across available workforce
Workforce Backlog,EMP01962,MEDIUM,11 pending tasks,Rebalance workload across available workforce
Workforce Backlog,EMP01579,MEDIUM,10 pending tasks,Rebalance workload across available workforce
Workforce Backlog,EMP01839,MEDIUM,10 pending tasks,Rebalance workload across available workforce
Workforce Backlog,EMP02021,MEDIUM,10 pending tasks,Rebalance workload across available workforce
Workforce Backlog,EMP01890,MEDIUM,10 pending tasks,Rebalance workload across available workforce
Workforce Backlog,EMP01321,MEDIUM,11 pending tasks,Rebalance workload across available workforce
Workforce Backlog,EMP02249,MEDIUM,12 pending tasks,Rebalance workload across available workforce
Workforce Backlog,EMP00029,MEDIUM,10 pending tasks,Rebalance workload across available workforce
Workforce Backlog,EMP00709,MEDIUM,10 pending tasks,Rebalance workload across available workforce
Workforce Backlog,EMP01486,MEDIUM,10 pending tasks,Rebalance workload across available workforce
Workforce Backlog,EMP00127,MEDIUM,11 pending tasks,Rebalance workload across available workforce
Workforce Backlog,EMP02497,MEDIUM,10 pending tasks,Rebalance workload across available workforce
Workforce Backlog,EMP00806,MEDIUM,12 pending tasks,Rebalance workload across available workforce
Workforce Backlog,EMP02259,MEDIUM,10 pending tasks,Rebalance workload across available workforce
Workforce Backlog,EMP00518,MEDIUM,11 pending tasks,Rebalance workload across available workforce
Workforce Backlog,EMP00141,MEDIUM,11 pending tasks,Rebalance workload across available workforce
Workforce Backlog,EMP02136,MEDIUM,11 pending tasks,Rebalance workload across available workforce
Workforce Backlog,EMP01997,MEDIUM,11 pending tasks,Rebalance workload across available workforce
Workforce Backlog,EMP01834,MEDIUM,10 pending tasks,Rebalance workload across available workforce
Workforce Backlog,EMP01629,MEDIUM,10 pending tasks,Rebalance workload across available workforce
Workforce Backlog,EMP00427,MEDIUM,10 pending tasks,Rebalance workload across available workforce
Workforce Backlog,EMP01219,MEDIUM,10 pending tasks,Rebalance workload across available workforce
Workforce Backlog,EMP02258,MEDIUM,11 pending tasks,Rebalance workload across available workforce
Workforce Backlog,EMP01119,MEDIUM,11 pending tasks,Rebalance workload across available workforce
Workforce Backlog,EMP02412,MEDIUM,12 pending tasks,Rebalance workload across available workforce
Workforce Backlog,EMP00902,MEDIUM,10 pending tasks,Rebalance workload across available workforce
Workforce Backlog,EMP01100,MEDIUM,10 pending tasks,Rebalance workload across available workforce
Workforce Backlog,EMP00790,MEDIUM,10 pending tasks,Rebalance workload across available workforce
Workforce Backlog,EMP00747,MEDIUM,11 pending tasks,Rebalance workload across available workforce
Workforce Backlog,EMP00510,MEDIUM,12 pending tasks,Rebalance workload across available workforce
Workforce Backlog,EMP00115,MEDIUM,10 pending tasks,Rebalance workload across available workforce
Workforce Backlog,EMP00704,MEDIUM,10 pending tasks,Rebalance workload across available workforce
Workforce Backlog,EMP00610,MEDIUM,10 pending tasks,Rebalance workload across available workforce
Workforce Backlog,EMP01168,MEDIUM,10 pending tasks,Rebalance workload across available workforce
Workforce Backlog,EMP02077,MEDIUM,12 pending tasks,Rebalance workload across available workforce
Workforce Backlog,EMP02425,MEDIUM,11 pending tasks,Rebalance workload across available workforce
Workforce Backlog,EMP01087,MEDIUM,10 pending tasks,Rebalance workload across available workforce
Workforce Backlog,EMP01607,MEDIUM,10 pending tasks,Rebalance workload across available workforce
Workforce Backlog,EMP00242,MEDIUM,12 pending tasks,Rebalance workload across available workforce
Workforce Backlog,EMP02023,MEDIUM,11 pending tasks,Rebalance workload across available workforce
Workforce Backlog,EMP01254,MEDIUM,10 pending tasks,Rebalance workload across available workforce
Workforce Backlog,EMP00212,MEDIUM,11 pending tasks,Rebalance workload across available workforce
Workforce Backlog,EMP01985,MEDIUM,10 pending tasks,Rebalance workload across available workforce
Workforce Backlog,EMP00474,MEDIUM,11 pending tasks,Rebalance workload across available workforce
Workforce Backlog,EMP01712,MEDIUM,11 pending tasks,Rebalance workload across available workforce
Workforce Backlog,EMP01196,MEDIUM,10 pending tasks,Rebalance workload across available workforce
Workforce Backlog,EMP00303,MEDIUM,10 pending tasks,Rebalance workload across available workforce
Workforce Backlog,EMP00457,MEDIUM,11 pending tasks,Rebalance workload across available workforce
Workforce Backlog,EMP01604,MEDIUM,10 pending tasks,Rebalance workload across available workforce
Workforce Backlog,EMP00539,MEDIUM,10 pending tasks,Rebalance workload across available workforce
Workforce Backlog,EMP02190,MEDIUM,10 pending tasks,Rebalance workload across available workforce
Workforce Backlog,EMP00751,MEDIUM,10 pending tasks,Rebalance workload across available workforce
Workforce Backlog,EMP02074,MEDIUM,10 pending tasks,Rebalance workload across available workforce
Workforce Backlog,EMP02350,MEDIUM,11 pending tasks,Rebalance workload across available workforce
Workforce Backlog,EMP01767,MEDIUM,14 pending tasks,Rebalance workload across available workforce
Workforce Backlog,EMP01222,MEDIUM,11 pending tasks,Rebalance workload across available workforce
Workforce Backlog,EMP00376,MEDIUM,11 pending tasks,Rebalance workload across available workforce
Workforce Backlog,EMP02348,MEDIUM,13 pending tasks,Rebalance workload across available workforce
Workforce Backlog,EMP00321,MEDIUM,10 pending tasks,Rebalance workload across available workforce
Workforce Backlog,EMP01514,MEDIUM,11 pending tasks,Rebalance workload across available workforce
Workforce Backlog,EMP00013,MEDIUM,11 pending tasks,Rebalance workload across available workforce
Workforce Backlog,EMP01111,MEDIUM,11 pending tasks,Rebalance workload across available workforce
Workforce Backlog,EMP02350,MEDIUM,10 pending tasks,Rebalance workload across available workforce
Workforce Backlog,EMP02429,MEDIUM,10 pending tasks,Rebalance workload across available workforce
Workforce Backlog,EMP01146,MEDIUM,13 pending tasks,Rebalance workload across available workforce
Workforce Backlog,EMP01493,MEDIUM,11 pending tasks,Rebalance workload across available workforce
Workforce Backlog,EMP01965,MEDIUM,11 pending tasks,Rebalance workload across available workforce
Workforce Backlog,EMP00339,MEDIUM,10 pending tasks,Rebalance workload across available workforce
Workforce Backlog,EMP00697,MEDIUM,10 pending tasks,Rebalance workload across available workforce
Workforce Backlog,EMP01847,MEDIUM,11 pending tasks,Rebalance workload across available workforce
Workforce Backlog,EMP00117,MEDIUM,10 pending tasks,Rebalance workload across available workforce
Workforce Backlog,EMP01280,MEDIUM,11 pending tasks,Rebalance workload across available workforce
Workforce Backlog,EMP00739,MEDIUM,15 pending tasks,Rebalance workload across available workforce
Workforce Backlog,EMP01818,MEDIUM,11 pending tasks,Rebalance workload across available workforce
Workforce Backlog,EMP00700,MEDIUM,11 pending tasks,Rebalance workload across available workforce
Workforce Backlog,EMP00579,MEDIUM,11 pending tasks,Rebalance workload across available workforce
Workforce Backlog,EMP01267,MEDIUM,10 pending tasks,Rebalance workload across available workforce
Workforce Backlog,EMP00848,MEDIUM,10 pending tasks,Rebalance workload across available workforce
Workforce Backlog,EMP00245,MEDIUM,10 pending tasks,Rebalance workload across available workforce
Workforce Backlog,EMP01251,MEDIUM,10 pending tasks,Rebalance workload across available workforce
Workforce Backlog,EMP00530,MEDIUM,12 pending tasks,Rebalance workload across available workforce
Workforce Backlog,EMP01596,MEDIUM,13 pending tasks,Rebalance workload across available workforce
Workforce Backlog,EMP01410,MEDIUM,11 pending tasks,Rebalance workload across available workforce
Workforce Backlog,EMP01474,MEDIUM,13 pending tasks,Rebalance workload across available workforce
Workforce Backlog,EMP00510,MEDIUM,11 pending tasks,Rebalance workload across available workforce
Workforce Backlog,EMP02223,MEDIUM,10 pending tasks,Rebalance workload across available workforce
Workforce Backlog,EMP00586,MEDIUM,10 pending tasks,Rebalance workload across available workforce
Workforce Backlog,EMP01979,MEDIUM,11 pending tasks,Rebalance workload across available workforce
Workforce Backlog,EMP01179,MEDIUM,11 pending tasks,Rebalance workload across available workforce
Workforce Backlog,EMP01929,MEDIUM,12 pending tasks,Rebalance workload across available workforce
Workforce Backlog,EMP00381,MEDIUM,10 pending tasks,Rebalance workload across available workforce
Workforce Backlog,EMP00141,MEDIUM,13 pending tasks,Rebalance workload across available workforce
Workforce Backlog,EMP00530,MEDIUM,15 pending tasks,Rebalance workload across available workforce
Workforce Backlog,EMP00326,MEDIUM,10 pending tasks,Rebalance workload across available workforce
Workforce Backlog,EMP00656,MEDIUM,10 pending tasks,Rebalance workload across available workforce
Workforce Backlog,EMP02220,MEDIUM,11 pending tasks,Rebalance workload across available workforce
Workforce Backlog,EMP02156,MEDIUM,11 pending tasks,Rebalance workload across available workforce
Workforce Backlog,EMP02474,MEDIUM,10 pending tasks,Rebalance workload across available workforce
Workforce Backlog,EMP00110,MEDIUM,10 pending tasks,Rebalance workload across available workforce
Workforce Backlog,EMP02409,MEDIUM,11 pending tasks,Rebalance workload across available workforce
Workforce Backlog,EMP01625,MEDIUM,11 pending tasks,Rebalance workload across available workforce
Workforce Backlog,EMP02033,MEDIUM,12 pending tasks,Rebalance workload across available workforce
Workforce Backlog,EMP01697,MEDIUM,11 pending tasks,Rebalance workload across available workforce
Workforce Backlog,EMP00503,MEDIUM,10 pending tasks,Rebalance workload across available workforce
Workforce Backlog,EMP02000,MEDIUM,11 pending tasks,Rebalance workload across available workforce
Workforce Backlog,EMP01920,MEDIUM,10 pending tasks,Rebalance workload across available workforce
Workforce Backlog,EMP01353,MEDIUM,10 pending tasks,Rebalance workload across available workforce
Workforce Backlog,EMP01692,MEDIUM,14 pending tasks,Rebalance workload across available workforce
Workforce Backlog,EMP02341,MEDIUM,11 pending tasks,Rebalance workload across available workforce
Workforce Backlog,EMP01254,MEDIUM,11 pending tasks,Rebalance workload across available workforce
Workforce Backlog,EMP01187,MEDIUM,11 pending tasks,Rebalance workload across available workforce
Workforce Backlog,EMP01845,MEDIUM,11 pending tasks,Rebalance workload across available workforce
Workforce Backlog,EMP01434,MEDIUM,10 pending tasks,Rebalance workload across available workforce
Workforce Backlog,EMP01384,MEDIUM,10 pending tasks,Rebalance workload across available workforce
Workforce Backlog,EMP00280,MEDIUM,10 pending tasks,Rebalance workload across available workforce
Workforce Backlog,EMP01827,MEDIUM,10 pending tasks,Rebalance workload across available workforce
Workforce Backlog,EMP01210,MEDIUM,11 pending tasks,Rebalance workload across available workforce
Workforce Backlog,EMP00614,MEDIUM,10 pending tasks,Rebalance workload across available workforce
Workforce Backlog,EMP02003,MEDIUM,10 pending tasks,Rebalance workload across available workforce
Workforce Backlog,EMP01625,MEDIUM,10 pending tasks,Rebalance workload across available workforce
Workforce Backlog,EMP00777,MEDIUM,10 pending tasks,Rebalance workload across available workforce
Workforce Backlog,EMP01673,MEDIUM,11 pending tasks,Rebalance workload across available workforce
Workforce Backlog,EMP02101,MEDIUM,10 pending tasks,Rebalance workload across available workforce
Workforce Backlog,EMP02260,MEDIUM,10 pending tasks,Rebalance workload across available workforce
Workforce Backlog,EMP00558,MEDIUM,10 pending tasks,Rebalance workload across available workforce
Workforce Backlog,EMP02027,MEDIUM,11 pending tasks,Rebalance workload across available workforce
Workforce Backlog,EMP01800,MEDIUM,10 pending tasks,Rebalance workload across available workforce
Workforce Backlog,EMP01817,MEDIUM,11 pending tasks,Rebalance workload across available workforce
Workforce Backlog,EMP02203,MEDIUM,12 pending tasks,Rebalance workload across available workforce
Workforce Backlog,EMP02011,MEDIUM,10 pending tasks,Rebalance workload across available workforce
Workforce Backlog,EMP01097,MEDIUM,13 pending tasks,Rebalance workload across available workforce
Workforce Backlog,EMP00879,MEDIUM,11 pending tasks,Rebalance workload across available workforce
Workforce Backlog,EMP00543,MEDIUM,10 pending tasks,Rebalance workload across available workforce
Workforce Backlog,EMP00913,MEDIUM,11 pending tasks,Rebalance workload across available workforce
Workforce Backlog,EMP02318,MEDIUM,10 pending tasks,Rebalance workload across available workforce
Workforce Backlog,EMP02034,MEDIUM,10 pending tasks,Rebalance workload across available workforce
Workforce Backlog,EMP01599,MEDIUM,10 pending tasks,Rebalance workload across available workforce
Workforce Backlog,EMP01373,MEDIUM,13 pending tasks,Rebalance workload across available workforce
Workforce Backlog,EMP01228,MEDIUM,11 pending tasks,Rebalance workload across available workforce
Workforce Backlog,EMP01193,MEDIUM,10 pending tasks,Rebalance workload across available workforce
Workforce Backlog,EMP00409,MEDIUM,11 pending tasks,Rebalance workload across available workforce
Workforce Backlog,EMP00838,MEDIUM,10 pending tasks,Rebalance workload across available workforce
Workforce Backlog,EMP00227,MEDIUM,11 pending tasks,Rebalance workload across available workforce
Workforce Backlog,EMP01427,MEDIUM,10 pending tasks,Rebalance workload across available workforce
Workforce Backlog,EMP01531,MEDIUM,10 pending tasks,Rebalance workload across available workforce
Workforce Backlog,EMP01911,MEDIUM,13 pending tasks,Rebalance workload across available workforce
Workforce Backlog,EMP00988,MEDIUM,10 pending tasks,Rebalance workload across available workforce
Workforce Backlog,EMP01246,MEDIUM,11 pending tasks,Rebalance workload across available workforce
Workforce Backlog,EMP00874,MEDIUM,10 pending tasks,Rebalance workload across available workforce
Workforce Backlog,EMP00306,MEDIUM,12 pending tasks,Rebalance workload across available workforce
Workforce Backlog,EMP00003,MEDIUM,11 pending tasks,Rebalance workload across available workforce
Workforce Backlog,EMP00550,MEDIUM,10 pending tasks,Rebalance workload across available workforce
Workforce Backlog,EMP00909,MEDIUM,11 pending tasks,Rebalance workload across available workforce
Workforce Backlog,EMP00666,MEDIUM,11 pending tasks,Rebalance workload across available workforce
Workforce Backlog,EMP00445,MEDIUM,10 pending tasks,Rebalance workload across available workforce
Workforce Backlog,EMP01154,MEDIUM,10 pending tasks,Rebalance workload across available workforce
Workforce Backlog,EMP01764,MEDIUM,13 pending tasks,Rebalance workload across available workforce
Workforce Backlog,EMP02101,MEDIUM,10 pending tasks,Rebalance workload across available workforce
Workforce Backlog,EMP00571,MEDIUM,12 pending tasks,Rebalance workload across available workforce
Workforce Backlog,EMP01273,MEDIUM,12 pending tasks,Rebalance workload across available workforce
Workforce Backlog,EMP00149,MEDIUM,11 pending tasks,Rebalance workload across available workforce
Workforce Backlog,EMP02151,MEDIUM,10 pending tasks,Rebalance workload across available workforce
Workforce Backlog,EMP00400,MEDIUM,10 pending tasks,Rebalance workload across available workforce
Workforce Backlog,EMP00279,MEDIUM,10 pending tasks,Rebalance workload across available workforce
Workforce Backlog,EMP00450,MEDIUM,11 pending tasks,Rebalance workload across available workforce
Workforce Backlog,EMP02118,MEDIUM,10 pending tasks,Rebalance workload across available workforce
Workforce Backlog,EMP00152,MEDIUM,11 pending tasks,Rebalance workload across available workforce
Workforce Backlog,EMP01069,MEDIUM,10 pending tasks,Rebalance workload across available workforce
Workforce Backlog,EMP02319,MEDIUM,11 pending tasks,Rebalance workload across available workforce
Workforce Backlog,EMP00019,MEDIUM,10 pending tasks,Rebalance workload across available workforce
Workforce Backlog,EMP00763,MEDIUM,10 pending tasks,Rebalance workload across available workforce
Workforce Backlog,EMP00615,MEDIUM,10 pending tasks,Rebalance workload across available workforce
Workforce Backlog,EMP02173,MEDIUM,12 pending tasks,Rebalance workload across available workforce
Workforce Backlog,EMP02160,MEDIUM,13 pending tasks,Rebalance workload across available workforce
Workforce Backlog,EMP00261,MEDIUM,11 pending tasks,Rebalance workload across available workforce
Workforce Backlog,EMP00231,MEDIUM,10 pending tasks,Rebalance workload across available workforce
Workforce Backlog,EMP00179,MEDIUM,10 pending tasks,Rebalance workload across available workforce
Workforce Backlog,EMP00263,MEDIUM,10 pending tasks,Rebalance workload across available workforce
Workforce Backlog,EMP01469,MEDIUM,10 pending tasks,Rebalance workload across available workforce
Workforce Backlog,EMP02087,MEDIUM,10 pending tasks,Rebalance workload across available workforce
Workforce Backlog,EMP01440,MEDIUM,12 pending tasks,Rebalance workload across available workforce
Workforce Backlog,EMP01249,MEDIUM,10 pending tasks,Rebalance workload across available workforce
Workforce Backlog,EMP01475,MEDIUM,10 pending tasks,Rebalance workload across available workforce
Workforce Backlog,EMP00030,MEDIUM,11 pending tasks,Rebalance workload across available workforce
Workforce Backlog,EMP00400,MEDIUM,11 pending tasks,Rebalance workload across available workforce
Workforce Backlog,EMP00932,MEDIUM,11 pending tasks,Rebalance workload across available workforce
Workforce Backlog,EMP00414,MEDIUM,11 pending tasks,Rebalance workload across available workforce
Workforce Backlog,EMP01592,MEDIUM,13 pending tasks,Rebalance workload across available workforce
Workforce Backlog,EMP02360,MEDIUM,12 pending tasks,Rebalance workload across available workforce
Workforce Backlog,EMP02093,MEDIUM,10 pending tasks,Rebalance workload across available workforce
Workforce Backlog,EMP00231,MEDIUM,13 pending tasks,Rebalance workload across available workforce
Workforce Backlog,EMP01015,MEDIUM,10 pending tasks,Rebalance workload across available workforce
Workforce Backlog,EMP01375,MEDIUM,11 pending tasks,Rebalance workload across available workforce
Workforce Backlog,EMP00554,MEDIUM,10 pending tasks,Rebalance workload across available workforce
Workforce Backlog,EMP02187,MEDIUM,10 pending tasks,Rebalance workload across available workforce
Workforce Backlog,EMP00241,MEDIUM,12 pending tasks,Rebalance workload across available workforce
Workforce Backlog,EMP00775,MEDIUM,10 pending tasks,Rebalance workload across available workforce
Workforce Backlog,EMP01065,MEDIUM,11 pending tasks,Rebalance workload across available workforce
Workforce Backlog,EMP01384,MEDIUM,10 pending tasks,Rebalance workload across available workforce
Workforce Backlog,EMP00210,MEDIUM,10 pending tasks,Rebalance workload across available workforce
Workforce Backlog,EMP02437,MEDIUM,11 pending tasks,Rebalance workload across available workforce
Workforce Backlog,EMP01716,MEDIUM,11 pending tasks,Rebalance workload across available workforce
Workforce Backlog,EMP01747,MEDIUM,12 pending tasks,Rebalance workload across available workforce
Workforce Backlog,EMP01769,MEDIUM,12 pending tasks,Rebalance workload across available workforce
Workforce Backlog,EMP01577,MEDIUM,10 pending tasks,Rebalance workload across available workforce
Workforce Backlog,EMP01288,MEDIUM,10 pending tasks,Rebalance workload across available workforce
Workforce Backlog,EMP02106,MEDIUM,11 pending tasks,Rebalance workload across available workforce
Workforce Backlog,EMP02454,MEDIUM,11 pending tasks,Rebalance workload across available workforce
Workforce Backlog,EMP01951,MEDIUM,11 pending tasks,Rebalance workload across available workforce
Workforce Backlog,EMP01812,MEDIUM,11 pending tasks,Rebalance workload across available workforce
Workforce Backlog,EMP01262,MEDIUM,12 pending tasks,Rebalance workload across available workforce
Workforce Backlog,EMP01013,MEDIUM,11 pending tasks,Rebalance workload across available workforce
Workforce Backlog,EMP01702,MEDIUM,10 pending tasks,Rebalance workload across available workforce
Workforce Backlog,EMP01970,MEDIUM,10 pending tasks,Rebalance workload across available workforce
Workforce Backlog,EMP01248,MEDIUM,13 pending tasks,Rebalance workload across available workforce
Workforce Backlog,EMP00458,MEDIUM,10 pending tasks,Rebalance workload across available workforce
Workforce Backlog,EMP00288,MEDIUM,11 pending tasks,Rebalance workload across available workforce
Workforce Backlog,EMP00692,MEDIUM,10 pending tasks,Rebalance workload across available workforce
Workforce Backlog,EMP02026,MEDIUM,11 pending tasks,Rebalance workload across available workforce
Workforce Backlog,EMP01199,MEDIUM,10 pending tasks,Rebalance workload across available workforce
Workforce Backlog,EMP00279,MEDIUM,10 pending tasks,Rebalance workload across available workforce
Workforce Backlog,EMP00259,MEDIUM,10 pending tasks,Rebalance workload across available workforce
Workforce Backlog,EMP00506,MEDIUM,10 pending tasks,Rebalance workload across available workforce
Workforce Backlog,EMP00307,MEDIUM,10 pending tasks,Rebalance workload across available workforce
