cd approvedemployee_id,role,store_id,shift,tasks_completed,tasks_pending
EMP01494,Store Associate,ST073,Afternoon,48,6
EMP01928,Picker,ST074,Evening,45,10
EMP01573,Rider Coordinator,ST058,Evening,44,8
EMP00056,Store Associate,ST069,Evening,49,8
EMP00268,Store Associate,ST055,Afternoon,53,3
EMP01992,Packer,ST067,Morning,46,6
EMP00298,Store Associate,ST082,Evening,54,5
EMP02339,Picker,ST079,Night,56,6
EMP01286,Store Associate,ST048,Morning,59,6
EMP00770,Packer,ST034,Morning,57,5
EMP01050,Picker,ST018,Afternoon,44,8
EMP01684,Store Associate,ST029,Evening,48,10
EMP00103,Rider Coordinator,ST022,Evening,51,7
EMP02257,Store Associate,ST063,Evening,45,5
EMP01095,Picker,ST052,Evening,40,5
EMP00211,Packer,ST008,Afternoon,47,5
EMP00872,Picker,ST076,Morning,51,5
EMP02067,Rider Coordinator,ST001,Evening,46,9
EMP01960,Picker,ST033,Evening,55,7
EMP01048,Picker,ST041,Morning,45,5
EMP01794,Picker,ST031,Evening,46,4
EMP00234,Store Associate,ST063,Morning,42,8
EMP02338,Packer,ST034,Evening,55,8
EMP01792,Picker,ST063,Morning,47,5
EMP01286,Packer,ST023,Night,56,5
EMP00443,Store Associate,ST090,Night,52,6
EMP02261,Store Associate,ST100,Morning,51,7
EMP01117,Store Associate,ST082,Evening,49,1
EMP01420,Store Associate,ST075,Afternoon,48,6
EMP01618,Picker,ST095,Evening,40,5
EMP00827,Store Associate,ST035,Afternoon,53,4
EMP00903,Store Associate,ST005,Morning,53,5
EMP00442,Picker,ST074,Evening,52,7
EMP02330,Picker,ST058,Night,54,6
EMP00478,Rider Coordinator,ST004,Evening,52,5
EMP00755,Picker,ST092,Morning,42,5
EMP00271,Store Associate,ST001,Morning,42,2
EMP00063,Store Associate,ST040,Afternoon,62,5
EMP01331,Store Associate,ST020,Morning,54,11
EMP01960,Picker,ST019,Evening,48,3
EMP01021,Picker,ST052,Evening,54,6
EMP01523,Picker,ST060,Night,50,9
EMP00316,Store Associate,ST026,Evening,50,7
EMP01963,Store Associate,ST067,Evening,44,9
EMP00145,Packer,ST078,Afternoon,49,10
EMP01685,Store Associate,ST018,Evening,47,6
EMP00419,Supervisor,ST095,Evening,47,4
EMP01131,Store Associate,ST089,Evening,54,10
EMP02374,Rider Coordinator,ST070,Evening,55,10
EMP01020,Picker,ST070,Afternoon,37,6
EMP00033,Picker,ST093,Night,61,8
EMP01078,Picker,ST035,Afternoon,53,3
EMP01693,Packer,ST024,Evening,47,9
EMP01916,Picker,ST008,Afternoon,67,5
EMP01107,Packer,ST065,Night,44,6
EMP01327,Picker,ST085,Evening,61,5
EMP00035,Picker,ST051,Evening,45,11
EMP01029,Picker,ST093,Afternoon,56,8
EMP01617,Rider Coordinator,ST071,Evening,47,7
EMP01509,Packer,ST098,Evening,46,7
EMP00832,Picker,ST017,Morning,57,4
EMP01110,Picker,ST091,Night,55,5
EMP00527,Picker,ST062,Morning,41,5
EMP01347,Packer,ST052,Afternoon,57,7
EMP00461,Packer,ST071,Evening,55,5
EMP01464,Picker,ST032,Night,40,1
EMP02355,Packer,ST016,Afternoon,48,6
EMP01216,Store Associate,ST075,Night,45,7
EMP00676,Picker,ST088,Evening,39,7
EMP00196,Rider Coordinator,ST001,Afternoon,58,6
EMP01297,Packer,ST097,Afternoon,48,8
EMP00925,Packer,ST067,Evening,50,5
EMP01411,Packer,ST012,Morning,45,6
EMP00094,Store Associate,ST071,Afternoon,47,9
EMP01489,Picker,ST009,Morning,50,9
EMP00735,Picker,ST022,Evening,53,6
EMP01913,Packer,ST022,Evening,63,6
EMP02018,Picker,ST098,Evening,48,5
EMP01409,Picker,ST008,Morning,53,7
EMP01404,Store Associate,ST094,Afternoon,41,4
EMP02365,Store Associate,ST031,Afternoon,40,4
EMP02471,Picker,ST026,Evening,44,7
EMP01619,Supervisor,ST042,Evening,46,4
EMP01876,Packer,ST082,Evening,54,7
EMP02387,Store Associate,ST034,Evening,39,11
EMP00176,Store Associate,ST005,Evening,56,5
EMP02229,Store Associate,ST092,Afternoon,48,7
EMP01998,Store Associate,ST008,Morning,46,7
EMP02180,Packer,ST024,Afternoon,51,6
EMP00515,Supervisor,ST023,Morning,50,6
EMP01385,Picker,ST078,Afternoon,67,8
EMP01018,Packer,ST030,Afternoon,38,3
EMP01135,Picker,ST067,Evening,55,6
EMP00427,Store Associate,ST051,Afternoon,42,4
EMP00133,Picker,ST026,Afternoon,50,11
EMP02360,Packer,ST095,Evening,38,3
EMP01657,Packer,ST052,Evening,49,8
EMP00155,Packer,ST094,Afternoon,49,5
EMP01753,Store Associate,ST039,Evening,41,5
EMP00815,Packer,ST049,Afternoon,53,4
EMP01977,Picker,ST065,Afternoon,59,4
EMP00435,Rider Coordinator,ST049,Afternoon,50,5
EMP00773,Picker,ST052,Afternoon,34,8
EMP00174,Picker,ST082,Night,38,5
EMP01534,Store Associate,ST005,Afternoon,58,9
EMP00425,Store Associate,ST059,Evening,49,5
EMP01700,Picker,ST077,Evening,48,5
EMP01814,Rider Coordinator,ST025,Evening,45,5
EMP00536,Store Associate,ST055,Evening,61,5
EMP02321,Packer,ST070,Evening,37,5
EMP01483,Picker,ST082,Afternoon,51,7
EMP00156,Picker,ST023,Evening,49,4
EMP00176,Packer,ST005,Evening,53,4
EMP00746,Packer,ST008,Afternoon,47,5
EMP00230,Packer,ST023,Evening,49,3
EMP00277,Picker,ST050,Morning,62,3
EMP01996,Store Associate,ST097,Evening,54,3
EMP01120,Supervisor,ST016,Morning,56,9
EMP00871,Store Associate,ST008,Night,49,5
EMP00896,Supervisor,ST095,Evening,49,7
EMP01369,Packer,ST017,Evening,35,5
EMP00443,Packer,ST042,Evening,50,6
EMP02157,Store Associate,ST052,Afternoon,54,7
EMP00265,Supervisor,ST037,Evening,49,5
EMP01442,Picker,ST063,Afternoon,42,3
EMP01900,Picker,ST053,Morning,57,7
EMP01688,Packer,ST024,Afternoon,49,6
EMP01722,Rider Coordinator,ST068,Afternoon,49,7
EMP00605,Picker,ST051,Evening,68,7
EMP02389,Rider Coordinator,ST042,Night,52,4
EMP00747,Rider Coordinator,ST006,Afternoon,45,4
EMP02356,Rider Coordinator,ST022,Afternoon,47,8
EMP00760,Store Associate,ST014,Evening,58,7
EMP01407,Picker,ST062,Night,41,5
EMP02260,Store Associate,ST005,Evening,49,6
EMP01450,Packer,ST042,Evening,50,5
EMP00992,Store Associate,ST073,Night,51,6
EMP01598,Rider Coordinator,ST060,Evening,38,6
EMP01028,Store Associate,ST089,Afternoon,43,6
EMP00857,Rider Coordinator,ST083,Evening,49,5
EMP02416,Packer,ST100,Evening,43,5
EMP01211,Packer,ST075,Evening,50,7
EMP01942,Store Associate,ST071,Evening,41,4
EMP01835,Store Associate,ST028,Afternoon,59,4
EMP00776,Store Associate,ST089,Afternoon,42,7
EMP00551,Rider Coordinator,ST075,Night,39,8
EMP01137,Packer,ST068,Morning,58,4
EMP00944,Supervisor,ST088,Afternoon,34,3
EMP01466,Rider Coordinator,ST096,Afternoon,49,8
EMP00723,Picker,ST026,Evening,59,7
EMP01406,Packer,ST090,Morning,51,1
EMP00219,Picker,ST015,Evening,41,7
EMP00177,Packer,ST049,Evening,38,7
EMP00862,Packer,ST036,Morning,42,8
EMP01765,Packer,ST100,Evening,42,5
EMP00820,Picker,ST096,Afternoon,49,7
EMP00505,Store Associate,ST083,Evening,43,5
EMP01909,Store Associate,ST002,Night,63,7
EMP00632,Picker,ST072,Evening,42,2
EMP01608,Packer,ST054,Evening,51,6
EMP00372,Store Associate,ST077,Morning,41,5
EMP01946,Store Associate,ST010,Night,59,4
EMP02114,Rider Coordinator,ST051,Evening,47,8
EMP01453,Rider Coordinator,ST037,Morning,44,8
EMP00946,Store Associate,ST026,Evening,51,6
EMP00880,Store Associate,ST033,Night,46,4
EMP00739,Rider Coordinator,ST047,Evening,40,7
EMP01917,Rider Coordinator,ST093,Evening,52,8
EMP00723,Store Associate,ST035,Evening,43,5
EMP02036,Picker,ST062,Afternoon,36,4
EMP01259,Rider Coordinator,ST021,Afternoon,52,8
EMP00521,Picker,ST026,Evening,33,7
EMP01983,Packer,ST009,Evening,59,6
EMP01296,Store Associate,ST076,Evening,48,7
EMP02000,Store Associate,ST057,Evening,41,8
EMP01139,Packer,ST060,Evening,54,4
EMP00822,Packer,ST078,Afternoon,51,8
EMP01287,Store Associate,ST088,Morning,54,5
EMP01133,Store Associate,ST071,Afternoon,53,1
EMP01497,Picker,ST063,Morning,49,7
EMP01256,Packer,ST018,Evening,48,4
EMP00746,Store Associate,ST047,Afternoon,46,11
EMP00039,Store Associate,ST086,Night,45,8
EMP02196,Store Associate,ST091,Evening,51,2
EMP00014,Rider Coordinator,ST027,Afternoon,47,8
EMP00536,Store Associate,ST034,Afternoon,46,10
EMP00177,Store Associate,ST019,Night,46,6
EMP01294,Packer,ST042,Afternoon,51,6
EMP01303,Store Associate,ST039,Evening,53,4
EMP00184,Store Associate,ST033,Evening,51,6
EMP01007,Supervisor,ST098,Evening,49,5
EMP01537,Store Associate,ST099,Night,54,5
EMP00744,Store Associate,ST078,Afternoon,45,5
EMP01304,Picker,ST054,Evening,49,8
EMP01204,Packer,ST066,Evening,60,6
EMP01424,Picker,ST028,Evening,45,4
EMP00354,Picker,ST020,Night,44,3
EMP02482,Packer,ST030,Evening,38,6
EMP00260,Picker,ST070,Afternoon,51,7
EMP00308,Packer,ST069,Night,41,2
EMP00647,Picker,ST024,Evening,45,3
EMP00682,Supervisor,ST080,Afternoon,41,7
EMP01032,Picker,ST012,Afternoon,43,10
EMP02234,Picker,ST075,Night,49,8
EMP00379,Rider Coordinator,ST068,Evening,45,4
EMP00645,Rider Coordinator,ST090,Evening,59,5
EMP01707,Picker,ST073,Evening,54,4
EMP00343,Packer,ST098,Afternoon,53,8
EMP00621,Picker,ST100,Evening,37,8
EMP01635,Picker,ST099,Evening,52,6
EMP01240,Picker,ST062,Night,45,5
EMP00389,Packer,ST053,Evening,52,4
EMP01069,Picker,ST089,Evening,46,7
EMP01087,Picker,ST047,Evening,54,7
EMP00916,Store Associate,ST054,Evening,49,9
EMP00893,Store Associate,ST049,Afternoon,36,10
EMP01664,Picker,ST038,Morning,43,4
EMP01334,Picker,ST008,Afternoon,52,4
EMP01883,Store Associate,ST085,Evening,36,5
EMP00156,Packer,ST098,Evening,49,7
EMP01283,Picker,ST045,Night,40,5
EMP00506,Packer,ST081,Morning,49,6
EMP00671,Picker,ST064,Evening,58,7
EMP01737,Store Associate,ST030,Evening,47,3
EMP00628,Store Associate,ST027,Afternoon,56,8
EMP02342,Supervisor,ST059,Afternoon,37,13
EMP02097,Picker,ST054,Afternoon,31,15
EMP01872,Packer,ST009,Evening,44,6
EMP01702,Picker,ST026,Evening,62,1
EMP00341,Packer,ST080,Night,39,4
EMP00510,Picker,ST009,Afternoon,64,5
EMP02429,Picker,ST040,Morning,46,5
EMP01145,Packer,ST071,Morning,52,7
EMP01876,Store Associate,ST020,Morning,50,7
EMP02249,Picker,ST095,Morning,45,4
EMP02008,Picker,ST066,Evening,32,4
EMP02228,Supervisor,ST032,Afternoon,47,7
EMP00708,Packer,ST065,Night,47,11
EMP00280,Packer,ST069,Evening,54,6
EMP01380,Picker,ST056,Morning,50,7
EMP00825,Picker,ST056,Evening,40,5
EMP01483,Store Associate,ST018,Morning,46,5
EMP00131,Store Associate,ST039,Night,32,4
EMP00098,Store Associate,ST006,Night,53,6
EMP01753,Packer,ST021,Evening,69,10
EMP00903,Store Associate,ST070,Morning,48,8
EMP00562,Picker,ST040,Afternoon,38,10
EMP01893,Store Associate,ST045,Evening,57,6
EMP01809,Rider Coordinator,ST025,Morning,52,7
EMP01644,Picker,ST075,Morning,45,7
EMP00902,Picker,ST072,Morning,61,8
EMP01425,Picker,ST004,Morning,53,6
EMP00886,Picker,ST039,Evening,41,6
EMP00304,Supervisor,ST029,Afternoon,43,9
EMP02092,Store Associate,ST094,Afternoon,63,8
EMP00267,Store Associate,ST098,Evening,47,7
EMP00615,Packer,ST032,Afternoon,51,7
EMP00727,Picker,ST063,Afternoon,55,6
EMP00367,Packer,ST010,Evening,49,9
EMP01367,Store Associate,ST016,Afternoon,43,2
EMP00910,Picker,ST011,Morning,54,3
EMP00740,Picker,ST097,Afternoon,48,2
EMP01218,Picker,ST098,Morning,51,5
EMP00254,Store Associate,ST053,Morning,47,3
EMP01520,Packer,ST046,Afternoon,46,4
EMP01736,Store Associate,ST077,Afternoon,47,4
EMP00317,Packer,ST080,Afternoon,51,10
EMP00994,Picker,ST080,Evening,47,4
EMP00874,Supervisor,ST037,Evening,45,2
EMP00583,Rider Coordinator,ST096,Afternoon,55,4
EMP01581,Picker,ST036,Evening,46,4
EMP00113,Picker,ST014,Morning,43,5
EMP01702,Store Associate,ST007,Evening,41,3
EMP01987,Packer,ST036,Afternoon,45,3
EMP01493,Supervisor,ST017,Afternoon,44,6
EMP01189,Store Associate,ST058,Morning,42,4
EMP00300,Packer,ST100,Morning,54,7
EMP00052,Picker,ST030,Afternoon,69,9
EMP00183,Picker,ST084,Morning,53,6
EMP01309,Rider Coordinator,ST065,Morning,48,6
EMP01744,Store Associate,ST027,Evening,40,9
EMP02230,Picker,ST023,Afternoon,41,9
EMP00261,Store Associate,ST032,Afternoon,62,7
EMP01871,Supervisor,ST043,Afternoon,49,6
EMP02417,Supervisor,ST087,Morning,49,3
EMP00812,Store Associate,ST021,Morning,51,9
EMP02294,Store Associate,ST059,Evening,38,7
EMP00101,Store Associate,ST008,Evening,46,2
EMP01686,Picker,ST002,Afternoon,57,6
EMP00450,Picker,ST068,Evening,33,6
EMP01318,Packer,ST088,Morning,50,5
EMP01846,Packer,ST084,Night,46,6
EMP01208,Packer,ST091,Night,41,4
EMP00194,Store Associate,ST024,Evening,43,9
EMP01304,Store Associate,ST064,Afternoon,55,6
EMP01034,Packer,ST027,Afternoon,51,5
EMP02360,Packer,ST061,Evening,46,9
EMP00652,Picker,ST014,Evening,49,3
EMP01696,Supervisor,ST044,Evening,47,3
EMP00524,Picker,ST096,Afternoon,38,3
EMP01860,Rider Coordinator,ST055,Evening,37,6
EMP01176,Picker,ST090,Afternoon,52,10
EMP00160,Store Associate,ST060,Afternoon,38,6
EMP01621,Packer,ST078,Afternoon,47,4
EMP01271,Supervisor,ST002,Afternoon,49,4
EMP02226,Store Associate,ST058,Afternoon,52,8
EMP00341,Picker,ST054,Evening,51,5
EMP01810,Picker,ST044,Morning,59,5
EMP00259,Packer,ST098,Evening,52,4
EMP01417,Picker,ST017,Afternoon,50,4
EMP02195,Picker,ST029,Evening,45,6
EMP02060,Supervisor,ST007,Afternoon,46,5
EMP00119,Packer,ST051,Afternoon,56,9
EMP02453,Store Associate,ST030,Morning,52,8
EMP00356,Packer,ST084,Evening,37,5
EMP02208,Store Associate,ST058,Afternoon,48,5
EMP01706,Supervisor,ST061,Night,43,7
EMP00161,Picker,ST058,Morning,41,8
EMP01823,Packer,ST020,Afternoon,56,7
EMP01363,Picker,ST049,Night,48,9
EMP00665,Rider Coordinator,ST014,Evening,40,7
EMP02387,Store Associate,ST016,Afternoon,62,8
EMP01781,Rider Coordinator,ST033,Evening,49,8
EMP01340,Packer,ST042,Night,41,9
EMP01528,Packer,ST012,Evening,45,9
EMP00174,Packer,ST057,Afternoon,53,4
EMP00974,Packer,ST048,Morning,38,5
EMP00179,Store Associate,ST100,Evening,62,8
EMP01352,Store Associate,ST032,Evening,64,5
EMP02250,Store Associate,ST006,Morning,53,2
EMP00310,Supervisor,ST091,Evening,43,9
EMP01571,Picker,ST057,Evening,44,8
EMP01771,Store Associate,ST015,Evening,40,4
EMP01848,Supervisor,ST024,Evening,63,8
EMP00191,Packer,ST091,Evening,58,6
EMP00524,Picker,ST059,Evening,45,7
EMP00669,Picker,ST098,Evening,48,4
EMP00046,Store Associate,ST023,Evening,37,3
EMP00391,Store Associate,ST010,Evening,64,5
EMP00080,Supervisor,ST060,Evening,56,3
EMP00434,Picker,ST010,Afternoon,52,3
EMP00450,Picker,ST067,Morning,47,2
EMP01010,Store Associate,ST073,Morning,38,8
EMP01249,Picker,ST089,Evening,47,8
EMP02234,Picker,ST005,Afternoon,46,8
EMP00233,Supervisor,ST015,Morning,63,6
EMP00642,Store Associate,ST078,Evening,51,4
EMP00320,Picker,ST076,Morning,39,4
EMP00687,Packer,ST080,Morning,52,9
EMP01057,Picker,ST069,Morning,41,8
EMP00595,Packer,ST054,Morning,35,6
EMP01322,Packer,ST074,Afternoon,47,1
EMP00122,Picker,ST067,Afternoon,51,7
EMP02450,Packer,ST038,Morning,44,7
EMP01660,Store Associate,ST083,Afternoon,46,3
EMP01449,Store Associate,ST002,Evening,39,4
EMP00314,Supervisor,ST084,Morning,40,3
EMP00956,Picker,ST034,Evening,42,8
EMP02045,Picker,ST076,Evening,43,5
EMP02425,Picker,ST091,Morning,43,7
EMP01510,Packer,ST025,Afternoon,37,10
EMP01705,Store Associate,ST001,Night,49,4
EMP00029,Picker,ST082,Evening,63,7
EMP00513,Supervisor,ST018,Morning,47,2
EMP00785,Store Associate,ST070,Afternoon,54,5
EMP02391,Picker,ST024,Afternoon,39,6
EMP01901,Packer,ST064,Morning,41,8
EMP02144,Packer,ST011,Evening,32,11
EMP00222,Supervisor,ST074,Evening,39,2
EMP01717,Store Associate,ST031,Evening,58,11
EMP00269,Store Associate,ST091,Evening,45,4
EMP01756,Packer,ST056,Morning,50,5
EMP00126,Picker,ST061,Evening,45,5
EMP00183,Packer,ST043,Evening,60,12
EMP00705,Picker,ST034,Morning,53,11
EMP00133,Packer,ST050,Afternoon,55,4
EMP01063,Picker,ST041,Afternoon,65,4
EMP01752,Picker,ST019,Afternoon,42,8
EMP01299,Picker,ST060,Evening,38,7
EMP02268,Picker,ST001,Afternoon,41,4
EMP01389,Supervisor,ST029,Evening,71,8
EMP00086,Picker,ST073,Afternoon,49,5
EMP02391,Rider Coordinator,ST025,Evening,44,2
EMP00274,Store Associate,ST044,Night,43,12
EMP00282,Packer,ST077,Afternoon,37,9
EMP00894,Rider Coordinator,ST095,Evening,52,4
EMP02117,Packer,ST055,Evening,52,4
EMP01348,Picker,ST086,Afternoon,47,2
EMP01134,Rider Coordinator,ST016,Afternoon,60,8
EMP00519,Packer,ST024,Morning,45,3
EMP02458,Supervisor,ST090,Morning,48,4
EMP02298,Store Associate,ST056,Evening,33,10
EMP01916,Picker,ST002,Afternoon,55,4
EMP00151,Packer,ST015,Evening,47,6
EMP01230,Supervisor,ST085,Evening,47,9
EMP01668,Picker,ST084,Afternoon,45,5
EMP01901,Picker,ST051,Night,45,5
EMP01565,Store Associate,ST023,Night,48,7
EMP00001,Store Associate,ST057,Afternoon,52,2
EMP01453,Rider Coordinator,ST076,Afternoon,41,6
EMP02138,Picker,ST047,Afternoon,48,3
EMP01799,Picker,ST062,Afternoon,56,5
EMP00795,Store Associate,ST029,Afternoon,41,4
EMP02085,Picker,ST051,Evening,53,8
EMP00937,Picker,ST010,Afternoon,55,6
EMP02356,Picker,ST038,Night,58,4
EMP00083,Store Associate,ST068,Morning,45,10
EMP02258,Picker,ST037,Afternoon,41,8
EMP01889,Store Associate,ST060,Morning,45,7
EMP00303,Packer,ST034,Afternoon,52,2
EMP02012,Store Associate,ST010,Afternoon,55,7
EMP01794,Packer,ST014,Afternoon,62,9
EMP01889,Picker,ST036,Morning,46,10
EMP00457,Packer,ST041,Night,47,6
EMP01158,Packer,ST007,Morning,40,11
EMP01049,Packer,ST075,Evening,46,8
EMP01073,Picker,ST033,Afternoon,54,7
EMP00970,Packer,ST045,Evening,49,4
EMP00767,Picker,ST072,Evening,43,6
EMP00015,Store Associate,ST073,Morning,42,6
EMP00708,Packer,ST037,Afternoon,54,5
EMP01130,Picker,ST032,Morning,49,5
EMP02120,Supervisor,ST073,Night,49,3
EMP02498,Store Associate,ST072,Afternoon,51,10
EMP02145,Supervisor,ST008,Afternoon,53,4
EMP01841,Picker,ST005,Evening,64,7
EMP02387,Store Associate,ST017,Afternoon,59,3
EMP01635,Store Associate,ST091,Afternoon,47,3
EMP00828,Store Associate,ST100,Evening,39,7
EMP01316,Rider Coordinator,ST077,Afternoon,47,5
EMP01538,Picker,ST019,Night,38,5
EMP02273,Store Associate,ST014,Night,51,3
EMP00610,Store Associate,ST088,Morning,34,6
EMP00852,Rider Coordinator,ST023,Afternoon,40,9
EMP00949,Store Associate,ST087,Evening,57,6
EMP01390,Rider Coordinator,ST068,Morning,48,6
EMP01719,Packer,ST046,Evening,54,2
EMP00794,Supervisor,ST024,Morning,39,6
EMP02367,Picker,ST066,Evening,57,7
EMP01803,Packer,ST053,Afternoon,48,3
EMP00404,Picker,ST047,Evening,49,6
EMP00245,Store Associate,ST096,Afternoon,54,7
EMP00316,Supervisor,ST082,Night,45,8
EMP02230,Picker,ST018,Evening,48,6
EMP02349,Picker,ST064,Morning,44,6
EMP00916,Supervisor,ST012,Evening,53,5
EMP00885,Supervisor,ST058,Evening,49,5
EMP01298,Picker,ST041,Night,49,3
EMP00299,Picker,ST035,Morning,41,6
EMP01200,Packer,ST013,Afternoon,47,3
EMP01434,Supervisor,ST040,Morning,49,2
EMP01250,Picker,ST002,Evening,39,1
EMP01205,Rider Coordinator,ST008,Evening,51,5
EMP00194,Packer,ST060,Morning,42,5
EMP01911,Packer,ST028,Afternoon,53,7
EMP01776,Store Associate,ST051,Morning,42,8
EMP02306,Supervisor,ST040,Afternoon,45,4
EMP01381,Picker,ST007,Evening,39,5
EMP02418,Packer,ST084,Evening,49,4
EMP02374,Store Associate,ST025,Morning,49,6
EMP02078,Rider Coordinator,ST028,Afternoon,60,8
EMP00916,Picker,ST009,Evening,50,8
EMP00552,Store Associate,ST045,Evening,41,6
EMP02437,Packer,ST015,Afternoon,47,5
EMP00111,Store Associate,ST015,Afternoon,58,9
EMP02444,Packer,ST042,Evening,54,6
EMP01900,Packer,ST097,Evening,42,4
EMP00006,Rider Coordinator,ST067,Morning,46,8
EMP00061,Picker,ST001,Evening,49,9
EMP01403,Picker,ST007,Afternoon,44,8
EMP00574,Packer,ST054,Morning,36,8
EMP02031,Packer,ST035,Evening,61,5
EMP00833,Store Associate,ST009,Evening,53,9
EMP01309,Picker,ST087,Evening,46,6
EMP02148,Packer,ST008,Morning,54,4
EMP00512,Store Associate,ST095,Evening,38,7
EMP00329,Packer,ST015,Afternoon,42,6
EMP00332,Picker,ST014,Evening,46,6
EMP01473,Picker,ST100,Evening,58,7
EMP01138,Packer,ST011,Morning,43,7
EMP00057,Store Associate,ST007,Evening,48,8
EMP00032,Picker,ST092,Evening,57,17
EMP00050,Packer,ST063,Morning,43,9
EMP00531,Picker,ST054,Night,46,3
EMP02252,Supervisor,ST025,Evening,49,9
EMP01105,Picker,ST061,Morning,39,7
EMP01426,Packer,ST047,Evening,52,4
EMP01077,Picker,ST054,Afternoon,55,4
EMP01089,Packer,ST044,Night,53,4
EMP01190,Picker,ST084,Evening,41,8
EMP01738,Store Associate,ST085,Afternoon,40,6
EMP00642,Picker,ST046,Afternoon,42,10
EMP00444,Store Associate,ST029,Evening,43,4
EMP02127,Packer,ST044,Night,51,3
EMP02203,Packer,ST006,Evening,45,7
EMP01768,Picker,ST082,Night,57,2
EMP01616,Packer,ST083,Evening,44,5
EMP01918,Packer,ST065,Afternoon,41,5
EMP00500,Store Associate,ST027,Evening,44,7
EMP00870,Packer,ST006,Morning,41,6
EMP00935,Rider Coordinator,ST099,Afternoon,42,5
EMP00911,Packer,ST065,Afternoon,50,6
EMP01618,Picker,ST009,Afternoon,42,5
EMP01711,Picker,ST094,Evening,48,8
EMP02249,Rider Coordinator,ST003,Afternoon,45,6
EMP02326,Packer,ST003,Evening,45,5
EMP00339,Supervisor,ST052,Afternoon,40,5
EMP00496,Store Associate,ST083,Afternoon,50,7
EMP00129,Packer,ST022,Evening,52,7
EMP00894,Store Associate,ST030,Morning,49,5
EMP02229,Store Associate,ST089,Night,41,8
EMP00792,Packer,ST048,Night,43,8
EMP01570,Store Associate,ST048,Afternoon,44,3
EMP01287,Picker,ST057,Morning,46,7
EMP01225,Supervisor,ST015,Evening,58,6
EMP00513,Store Associate,ST087,Evening,63,8
EMP01743,Picker,ST039,Morning,40,4
EMP01542,Packer,ST003,Evening,42,4
EMP02472,Picker,ST094,Night,52,3
EMP01669,Supervisor,ST031,Evening,53,12
EMP01841,Store Associate,ST070,Evening,50,1
EMP00955,Store Associate,ST046,Evening,53,10
EMP01581,Supervisor,ST070,Evening,58,5
EMP01533,Picker,ST009,Afternoon,42,5
EMP00892,Store Associate,ST075,Afternoon,49,5
EMP01560,Picker,ST013,Evening,49,5
EMP01862,Picker,ST092,Morning,48,3
EMP00308,Picker,ST066,Afternoon,49,7
EMP01529,Picker,ST029,Evening,43,8
EMP02199,Picker,ST071,Afternoon,44,9
EMP00362,Packer,ST004,Evening,43,7
EMP00569,Picker,ST076,Evening,50,4
EMP00532,Picker,ST073,Morning,50,7
EMP02284,Packer,ST084,Evening,62,3
EMP02115,Store Associate,ST018,Night,59,8
EMP01664,Store Associate,ST078,Morning,47,4
EMP00935,Rider Coordinator,ST017,Afternoon,59,5
EMP01430,Store Associate,ST030,Morning,48,5
EMP00328,Picker,ST074,Morning,47,6
EMP00877,Store Associate,ST082,Evening,51,6
EMP00309,Store Associate,ST064,Afternoon,40,6
EMP00427,Picker,ST001,Evening,40,1
EMP01388,Picker,ST069,Evening,39,5
EMP01314,Packer,ST022,Afternoon,49,4
EMP00888,Store Associate,ST009,Afternoon,38,7
EMP00228,Supervisor,ST098,Afternoon,49,7
EMP01887,Store Associate,ST011,Morning,41,9
EMP02160,Store Associate,ST039,Afternoon,39,7
EMP01291,Rider Coordinator,ST050,Night,52,5
EMP01582,Rider Coordinator,ST060,Morning,53,1
EMP00427,Picker,ST041,Afternoon,33,6
EMP02158,Store Associate,ST082,Morning,36,6
EMP00229,Picker,ST049,Evening,53,2
EMP00700,Picker,ST007,Evening,54,3
EMP02323,Store Associate,ST059,Afternoon,52,4
EMP00404,Picker,ST012,Afternoon,58,8
EMP00985,Picker,ST003,Evening,48,6
EMP00936,Packer,ST021,Morning,54,6
EMP02101,Store Associate,ST005,Afternoon,38,4
EMP01578,Store Associate,ST080,Evening,51,4
EMP00702,Picker,ST044,Afternoon,45,3
EMP01197,Store Associate,ST077,Morning,58,9
EMP01516,Picker,ST033,Afternoon,44,5
EMP01340,Picker,ST040,Afternoon,39,6
EMP00253,Store Associate,ST036,Afternoon,55,6
EMP00114,Rider Coordinator,ST010,Afternoon,56,6
EMP00601,Store Associate,ST037,Morning,51,9
EMP00713,Packer,ST007,Afternoon,36,3
EMP01479,Store Associate,ST049,Afternoon,45,2
EMP01459,Store Associate,ST010,Evening,40,9
EMP01806,Packer,ST074,Evening,49,7
EMP02480,Packer,ST050,Afternoon,43,7
EMP02026,Picker,ST010,Night,42,9
EMP02281,Supervisor,ST059,Night,42,4
EMP00890,Picker,ST019,Afternoon,51,11
EMP01411,Packer,ST030,Afternoon,41,6
EMP02392,Picker,ST002,Afternoon,44,4
EMP01931,Supervisor,ST010,Afternoon,47,9
EMP00214,Picker,ST060,Evening,51,5
EMP01740,Store Associate,ST096,Afternoon,40,6
EMP00874,Picker,ST024,Evening,45,8
EMP02008,Store Associate,ST012,Night,46,5
EMP00696,Store Associate,ST048,Afternoon,49,6
EMP01727,Packer,ST071,Evening,58,9
EMP00137,Rider Coordinator,ST037,Evening,49,8
EMP01415,Picker,ST025,Afternoon,48,5
EMP02427,Store Associate,ST041,Morning,39,6
EMP00532,Store Associate,ST070,Evening,38,5
EMP00505,Packer,ST050,Afternoon,59,8
EMP01670,Picker,ST048,Evening,56,6
EMP01732,Packer,ST088,Night,61,3
EMP00807,Packer,ST050,Evening,50,1
EMP00931,Packer,ST082,Evening,50,6
EMP01987,Picker,ST038,Evening,57,5
EMP00908,Rider Coordinator,ST002,Evening,42,7
EMP02295,Picker,ST044,Morning,46,12
EMP01342,Store Associate,ST074,Evening,46,2
EMP00153,Store Associate,ST008,Evening,42,9
EMP01254,Picker,ST017,Night,55,12
EMP02064,Store Associate,ST073,Evening,58,5
EMP01700,Picker,ST050,Morning,47,3
EMP00560,Store Associate,ST096,Afternoon,40,4
EMP00070,Supervisor,ST041,Morning,53,4
EMP00706,Picker,ST078,Evening,52,4
EMP00760,Picker,ST068,Morning,31,9
EMP01157,Picker,ST040,Evening,39,6
EMP02462,Store Associate,ST068,Evening,50,9
EMP01260,Picker,ST049,Afternoon,44,6
EMP00671,Packer,ST069,Morning,54,5
EMP00256,Picker,ST011,Night,54,3
EMP01022,Packer,ST005,Afternoon,52,9
EMP01643,Rider Coordinator,ST048,Afternoon,59,5
EMP02449,Store Associate,ST007,Morning,43,9
EMP02460,Picker,ST074,Morning,42,7
EMP01295,Packer,ST028,Morning,54,6
EMP01304,Rider Coordinator,ST066,Afternoon,40,6
EMP01106,Store Associate,ST030,Evening,40,5
EMP02194,Rider Coordinator,ST100,Evening,53,8
EMP00087,Supervisor,ST003,Morning,50,2
EMP00257,Picker,ST003,Afternoon,53,7
EMP01651,Store Associate,ST031,Afternoon,57,9
EMP02120,Picker,ST024,Night,48,7
EMP01518,Packer,ST005,Evening,57,5
EMP02074,Packer,ST006,Morning,45,9
EMP00329,Picker,ST033,Morning,42,6
EMP00959,Packer,ST080,Afternoon,50,7
EMP00013,Packer,ST075,Night,52,7
EMP02450,Packer,ST036,Night,61,4
EMP01044,Packer,ST061,Evening,54,5
EMP02051,Store Associate,ST003,Evening,39,3
EMP00464,Picker,ST001,Evening,48,7
EMP00181,Picker,ST064,Evening,48,7
EMP01155,Packer,ST097,Evening,63,6
EMP00131,Packer,ST026,Morning,51,6
EMP00158,Picker,ST042,Night,53,5
EMP00228,Picker,ST095,Afternoon,35,7
EMP02008,Supervisor,ST079,Morning,44,6
EMP00561,Supervisor,ST071,Afternoon,38,3
EMP01240,Packer,ST096,Afternoon,43,5
EMP01110,Packer,ST057,Afternoon,65,10
EMP00542,Packer,ST008,Night,52,7
EMP00726,Packer,ST010,Afternoon,52,7
EMP00283,Rider Coordinator,ST055,Night,46,7
EMP00675,Store Associate,ST080,Afternoon,50,10
EMP02483,Store Associate,ST038,Afternoon,62,8
EMP02371,Picker,ST029,Afternoon,47,5
EMP02396,Store Associate,ST073,Afternoon,46,2
EMP00715,Picker,ST052,Afternoon,49,8
EMP02462,Store Associate,ST065,Afternoon,50,6
EMP02341,Packer,ST017,Afternoon,54,3
EMP00496,Picker,ST018,Night,38,7
EMP01942,Rider Coordinator,ST019,Evening,33,6
EMP02109,Packer,ST065,Evening,37,6
EMP01657,Picker,ST025,Night,50,7
EMP01764,Store Associate,ST093,Evening,42,4
EMP01616,Supervisor,ST022,Afternoon,39,4
EMP01955,Rider Coordinator,ST099,Evening,49,6
EMP01014,Packer,ST009,Afternoon,49,12
EMP01624,Packer,ST007,Morning,53,5
EMP01447,Picker,ST007,Evening,37,11
EMP00690,Store Associate,ST018,Evening,37,9
EMP00380,Picker,ST077,Evening,41,4
EMP00564,Picker,ST075,Evening,50,7
EMP01367,Picker,ST093,Evening,53,3
EMP02398,Picker,ST002,Morning,40,8
EMP00016,Packer,ST006,Afternoon,50,5
EMP00088,Packer,ST007,Evening,46,5
EMP01624,Rider Coordinator,ST013,Evening,37,6
EMP00635,Picker,ST034,Morning,35,2
EMP00045,Store Associate,ST073,Night,40,5
EMP00565,Picker,ST024,Morning,46,12
EMP02331,Supervisor,ST094,Afternoon,47,9
EMP00082,Supervisor,ST075,Morning,53,3
EMP00554,Store Associate,ST058,Morning,49,5
EMP00569,Packer,ST091,Afternoon,51,6
EMP02021,Packer,ST046,Evening,63,4
EMP02133,Store Associate,ST072,Night,54,3
EMP01315,Supervisor,ST041,Evening,34,11
EMP00455,Picker,ST010,Night,45,5
EMP00293,Picker,ST038,Afternoon,45,1
EMP01453,Supervisor,ST083,Evening,33,5
EMP02483,Store Associate,ST007,Afternoon,49,6
EMP01517,Store Associate,ST083,Afternoon,42,5
EMP00153,Rider Coordinator,ST090,Afternoon,45,10
EMP02332,Store Associate,ST064,Evening,52,6
EMP00190,Picker,ST095,Evening,50,8
EMP01649,Picker,ST022,Evening,56,7
EMP02024,Packer,ST020,Afternoon,57,8
EMP01599,Store Associate,ST018,Evening,42,5
EMP01525,Packer,ST020,Night,49,3
EMP00519,Picker,ST082,Evening,34,4
EMP00869,Store Associate,ST018,Evening,48,4
EMP00278,Store Associate,ST069,Afternoon,54,7
EMP01457,Store Associate,ST030,Afternoon,42,4
EMP00344,Picker,ST058,Evening,52,5
EMP01326,Store Associate,ST065,Afternoon,39,7
EMP01165,Picker,ST083,Afternoon,46,5
EMP00450,Picker,ST064,Evening,53,5
EMP00607,Picker,ST021,Afternoon,45,9
EMP01054,Packer,ST063,Evening,34,3
EMP02066,Supervisor,ST061,Afternoon,66,6
EMP00104,Picker,ST068,Evening,50,6
EMP00596,Store Associate,ST055,Evening,47,7
EMP00554,Rider Coordinator,ST065,Night,55,3
EMP01216,Picker,ST020,Afternoon,53,4
EMP00039,Picker,ST014,Evening,43,6
EMP00517,Packer,ST068,Afternoon,44,6
EMP00235,Store Associate,ST069,Afternoon,54,2
EMP01417,Store Associate,ST033,Evening,55,6
EMP02457,Store Associate,ST015,Morning,45,4
EMP01574,Picker,ST080,Evening,62,5
EMP01579,Picker,ST045,Evening,49,7
EMP01815,Picker,ST062,Morning,56,3
EMP01189,Supervisor,ST088,Afternoon,41,3
EMP00705,Packer,ST075,Afternoon,42,5
EMP02197,Store Associate,ST028,Morning,49,5
EMP01352,Picker,ST065,Night,51,6
EMP01057,Picker,ST025,Evening,45,5
EMP01845,Picker,ST096,Afternoon,50,7
EMP02266,Packer,ST098,Afternoon,45,4
EMP01063,Rider Coordinator,ST090,Evening,43,4
EMP02346,Store Associate,ST076,Evening,51,4
EMP01669,Picker,ST004,Morning,36,9
EMP01604,Picker,ST016,Evening,46,6
EMP02348,Store Associate,ST048,Afternoon,53,8
EMP01641,Picker,ST043,Evening,34,8
EMP02485,Supervisor,ST087,Afternoon,44,7
EMP01055,Store Associate,ST095,Evening,49,3
EMP01998,Picker,ST023,Night,61,3
EMP02455,Store Associate,ST081,Morning,57,4
EMP01553,Store Associate,ST087,Afternoon,47,3
EMP02337,Store Associate,ST079,Night,52,6
EMP01397,Picker,ST012,Afternoon,37,4
EMP01784,Packer,ST037,Evening,53,5
EMP02158,Picker,ST019,Morning,51,1
EMP00862,Packer,ST100,Evening,40,9
EMP01088,Picker,ST063,Evening,54,5
EMP00902,Supervisor,ST071,Evening,55,3
EMP00436,Packer,ST003,Afternoon,43,8
EMP01758,Store Associate,ST057,Afternoon,40,11
EMP00724,Picker,ST094,Afternoon,52,2
EMP01324,Store Associate,ST089,Afternoon,49,4
EMP01805,Rider Coordinator,ST031,Morning,56,8
EMP00533,Picker,ST047,Afternoon,47,6
EMP01529,Supervisor,ST077,Evening,63,2
EMP02394,Store Associate,ST044,Evening,55,5
EMP00248,Packer,ST065,Morning,47,6
EMP01717,Picker,ST053,Afternoon,55,6
EMP02272,Packer,ST073,Morning,51,7
EMP00744,Packer,ST076,Night,51,7
EMP00076,Picker,ST098,Afternoon,39,9
EMP02417,Picker,ST014,Evening,50,6
EMP02143,Packer,ST090,Morning,55,5
EMP01476,Picker,ST083,Night,44,12
EMP02390,Picker,ST055,Night,61,8
EMP01449,Supervisor,ST085,Afternoon,48,6
EMP00959,Store Associate,ST016,Evening,41,10
EMP00879,Packer,ST075,Evening,48,2
EMP00261,Supervisor,ST027,Afternoon,59,7
EMP01850,Picker,ST096,Afternoon,55,8
EMP00793,Rider Coordinator,ST070,Morning,56,9
EMP01888,Packer,ST038,Evening,46,6
EMP01028,Packer,ST054,Morning,69,9
EMP00819,Packer,ST060,Night,58,2
EMP01965,Store Associate,ST099,Evening,41,6
EMP01395,Picker,ST002,Morning,45,4
EMP01842,Picker,ST081,Evening,63,7
EMP01684,Picker,ST100,Evening,62,7
EMP00447,Store Associate,ST009,Morning,43,4
EMP01971,Store Associate,ST033,Evening,43,7
EMP01404,Supervisor,ST049,Night,53,5
EMP01567,Picker,ST076,Morning,44,7
EMP02378,Store Associate,ST017,Afternoon,53,4
EMP00087,Supervisor,ST069,Afternoon,46,3
EMP00981,Picker,ST068,Afternoon,47,5
EMP01087,Picker,ST079,Evening,41,3
EMP00358,Picker,ST027,Morning,54,8
EMP00375,Store Associate,ST064,Evening,55,5
EMP01546,Packer,ST048,Evening,53,3
EMP00605,Packer,ST072,Evening,43,7
EMP02032,Packer,ST061,Evening,49,2
EMP00532,Packer,ST094,Night,51,6
EMP00892,Supervisor,ST002,Evening,54,5
EMP02214,Picker,ST084,Morning,48,4
EMP01492,Store Associate,ST069,Morning,45,8
EMP02459,Packer,ST042,Evening,51,8
EMP01372,Picker,ST020,Night,47,3
EMP00658,Store Associate,ST069,Evening,43,6
EMP00748,Packer,ST058,Afternoon,43,6
EMP00577,Packer,ST008,Evening,49,8
EMP00546,Store Associate,ST016,Evening,50,8
EMP02240,Store Associate,ST027,Evening,40,8
EMP00997,Packer,ST071,Morning,46,6
EMP01756,Picker,ST054,Afternoon,48,5
EMP00590,Packer,ST056,Evening,47,9
EMP01607,Store Associate,ST068,Evening,41,4
EMP00468,Store Associate,ST085,Morning,47,7
EMP01108,Rider Coordinator,ST018,Morning,59,4
EMP01344,Store Associate,ST004,Morning,52,3
EMP00666,Picker,ST048,Evening,46,5
EMP00769,Store Associate,ST040,Morning,47,8
EMP01019,Packer,ST065,Afternoon,45,8
EMP00770,Packer,ST072,Evening,52,5
EMP02004,Picker,ST015,Afternoon,63,6
EMP02029,Rider Coordinator,ST044,Afternoon,52,4
EMP01410,Picker,ST029,Evening,55,1
EMP02075,Picker,ST056,Afternoon,47,10
EMP01185,Picker,ST092,Evening,59,11
EMP00425,Store Associate,ST060,Evening,45,8
EMP01839,Packer,ST040,Afternoon,48,8
EMP01039,Packer,ST028,Evening,48,5
EMP01454,Store Associate,ST020,Evening,47,7
EMP00236,Store Associate,ST034,Evening,61,3
EMP02133,Picker,ST064,Evening,58,6
EMP00544,Picker,ST023,Evening,55,5
EMP00812,Packer,ST079,Morning,60,9
EMP00495,Store Associate,ST072,Evening,51,2
EMP01333,Packer,ST084,Afternoon,45,9
EMP00725,Picker,ST093,Night,45,6
EMP01144,Picker,ST039,Afternoon,51,6
EMP01724,Packer,ST001,Evening,38,6
EMP02402,Store Associate,ST013,Evening,40,14
EMP02415,Store Associate,ST091,Evening,45,7
EMP00704,Packer,ST089,Evening,59,7
EMP00843,Supervisor,ST049,Afternoon,45,5
EMP00820,Store Associate,ST054,Morning,52,9
EMP00118,Picker,ST064,Evening,60,6
EMP00552,Supervisor,ST012,Afternoon,43,4
EMP01113,Rider Coordinator,ST066,Afternoon,44,8
EMP01296,Picker,ST086,Evening,48,5
EMP00688,Picker,ST068,Afternoon,53,9
EMP02110,Picker,ST036,Morning,50,7
EMP00722,Rider Coordinator,ST099,Morning,57,7
EMP01924,Supervisor,ST068,Night,50,4
EMP01897,Supervisor,ST063,Afternoon,50,5
EMP00405,Supervisor,ST001,Night,48,8
EMP01772,Rider Coordinator,ST021,Night,54,7
EMP02338,Picker,ST096,Morning,53,8
EMP00804,Picker,ST077,Afternoon,61,7
EMP02372,Packer,ST017,Evening,65,3
EMP01310,Packer,ST046,Night,49,4
EMP00113,Packer,ST001,Evening,55,5
EMP00995,Store Associate,ST001,Evening,50,6
EMP01546,Store Associate,ST070,Evening,44,4
EMP00521,Packer,ST040,Afternoon,51,5
EMP01488,Picker,ST085,Morning,34,9
EMP01707,Store Associate,ST089,Morning,47,6
EMP00384,Supervisor,ST037,Evening,52,9
EMP01336,Store Associate,ST079,Afternoon,49,5
EMP00887,Packer,ST082,Afternoon,45,4
EMP01709,Rider Coordinator,ST095,Morning,44,10
EMP02170,Rider Coordinator,ST062,Morning,49,6
EMP01642,Picker,ST034,Evening,47,3
EMP02418,Supervisor,ST023,Evening,47,5
EMP02182,Picker,ST097,Evening,47,10
EMP00365,Rider Coordinator,ST005,Evening,50,9
EMP00508,Rider Coordinator,ST099,Night,48,7
EMP02330,Picker,ST073,Night,51,7
EMP02062,Store Associate,ST083,Afternoon,55,10
EMP00592,Picker,ST039,Evening,45,6
EMP01187,Rider Coordinator,ST080,Afternoon,44,6
EMP02227,Picker,ST053,Afternoon,45,8
EMP01538,Picker,ST090,Evening,37,2
EMP01355,Store Associate,ST076,Evening,59,6
EMP01555,Picker,ST060,Morning,40,7
EMP01888,Packer,ST051,Afternoon,37,3
EMP00594,Packer,ST075,Afternoon,47,8
EMP01456,Store Associate,ST098,Morning,49,2
EMP00604,Store Associate,ST088,Evening,53,6
EMP00004,Store Associate,ST045,Evening,37,4
EMP01212,Store Associate,ST034,Afternoon,43,2
EMP00730,Picker,ST062,Afternoon,44,8
EMP01827,Supervisor,ST074,Morning,46,4
EMP02306,Rider Coordinator,ST005,Afternoon,52,5
EMP01712,Picker,ST068,Night,51,7
EMP00113,Store Associate,ST025,Morning,42,10
EMP02307,Picker,ST083,Morning,42,11
EMP01189,Picker,ST030,Morning,53,7
EMP00168,Rider Coordinator,ST034,Morning,53,8
EMP01858,Rider Coordinator,ST063,Evening,45,10
EMP02193,Packer,ST062,Night,50,2
EMP02215,Rider Coordinator,ST067,Evening,58,4
EMP02226,Store Associate,ST095,Evening,48,3
EMP02180,Supervisor,ST031,Evening,36,3
EMP01682,Picker,ST076,Night,56,5
EMP02338,Store Associate,ST054,Afternoon,59,3
EMP01271,Packer,ST080,Night,55,5
EMP00011,Rider Coordinator,ST005,Afternoon,40,4
EMP00902,Store Associate,ST060,Night,48,3
EMP01122,Picker,ST083,Night,35,11
EMP00026,Picker,ST025,Evening,38,8
EMP00068,Picker,ST094,Morning,39,6
EMP01304,Packer,ST095,Evening,47,6
EMP01459,Packer,ST082,Evening,55,4
EMP00650,Store Associate,ST083,Afternoon,60,1
EMP01585,Picker,ST085,Morning,44,2
EMP02451,Store Associate,ST089,Evening,44,11
EMP01391,Store Associate,ST044,Morning,43,8
EMP01988,Store Associate,ST078,Night,46,6
EMP00575,Picker,ST044,Evening,51,4
EMP01339,Packer,ST010,Evening,58,9
EMP00072,Supervisor,ST030,Evening,48,5
EMP01493,Rider Coordinator,ST046,Evening,36,12
EMP00719,Supervisor,ST076,Morning,36,3
EMP02039,Store Associate,ST036,Morning,39,4
EMP00633,Store Associate,ST021,Evening,40,5
EMP02323,Picker,ST070,Evening,42,3
EMP00012,Packer,ST078,Morning,51,9
EMP00932,Picker,ST069,Evening,42,6
EMP00658,Supervisor,ST086,Evening,48,6
EMP01142,Rider Coordinator,ST050,Evening,56,9
EMP01331,Store Associate,ST030,Evening,45,5
EMP00041,Picker,ST095,Afternoon,56,3
EMP01068,Packer,ST034,Night,35,5
EMP01288,Picker,ST008,Morning,40,7
EMP01069,Store Associate,ST095,Night,48,6
EMP02167,Supervisor,ST021,Evening,50,6
EMP02052,Packer,ST005,Afternoon,52,7
EMP01713,Packer,ST082,Morning,52,6
EMP00476,Picker,ST004,Evening,47,4
EMP01124,Picker,ST052,Morning,41,6
EMP00274,Rider Coordinator,ST064,Afternoon,61,7
EMP00791,Picker,ST007,Evening,46,3
EMP01871,Store Associate,ST044,Evening,44,7
EMP00077,Packer,ST052,Afternoon,54,7
EMP00316,Packer,ST060,Morning,48,17
EMP00466,Picker,ST051,Evening,48,5
EMP00062,Picker,ST006,Morning,48,9
EMP00559,Packer,ST048,Morning,52,8
EMP00831,Packer,ST080,Evening,44,3
EMP00148,Picker,ST004,Evening,55,5
EMP00202,Supervisor,ST087,Morning,48,6
EMP00765,Packer,ST012,Evening,44,7
EMP01726,Store Associate,ST049,Night,31,1
EMP02438,Picker,ST094,Night,52,6
EMP01551,Picker,ST085,Morning,44,5
EMP00973,Rider Coordinator,ST085,Afternoon,63,3
EMP02135,Store Associate,ST042,Afternoon,46,2
EMP00101,Picker,ST015,Night,50,5
EMP00368,Store Associate,ST094,Afternoon,40,10
EMP00716,Picker,ST083,Morning,49,7
EMP01653,Picker,ST085,Evening,47,2
EMP01400,Store Associate,ST067,Evening,45,3
EMP02121,Picker,ST033,Afternoon,46,6
EMP01942,Rider Coordinator,ST014,Morning,50,6
EMP02406,Picker,ST052,Morning,58,9
EMP00176,Rider Coordinator,ST097,Evening,50,6
EMP02017,Packer,ST071,Morning,42,5
EMP02410,Picker,ST019,Afternoon,50,4
EMP00904,Packer,ST043,Evening,39,6
EMP01469,Supervisor,ST081,Evening,45,7
EMP01467,Picker,ST033,Morning,48,4
EMP00976,Picker,ST061,Afternoon,61,5
EMP01811,Picker,ST010,Evening,54,7
EMP00694,Picker,ST046,Morning,44,2
EMP00706,Rider Coordinator,ST080,Evening,47,6
EMP01249,Supervisor,ST034,Afternoon,46,6
EMP01009,Picker,ST095,Evening,54,5
EMP00106,Packer,ST082,Morning,42,10
EMP01043,Picker,ST028,Night,42,7
EMP00171,Store Associate,ST013,Morning,41,10
EMP00739,Packer,ST087,Evening,51,1
EMP02140,Packer,ST075,Evening,60,11
EMP01085,Picker,ST013,Afternoon,45,5
EMP01248,Supervisor,ST039,Morning,58,8
EMP00373,Store Associate,ST086,Night,59,5
EMP00924,Picker,ST056,Afternoon,56,4
EMP00160,Picker,ST046,Afternoon,38,12
EMP01697,Store Associate,ST100,Afternoon,51,10
EMP01829,Rider Coordinator,ST090,Afternoon,38,6
EMP01412,Packer,ST015,Night,48,1
EMP00238,Picker,ST078,Morning,61,4
EMP02384,Packer,ST052,Morning,47,7
EMP02068,Store Associate,ST052,Afternoon,54,9
EMP00136,Picker,ST002,Afternoon,54,9
EMP00719,Store Associate,ST065,Morning,45,3
EMP01990,Picker,ST062,Afternoon,55,4
EMP00758,Packer,ST086,Afternoon,56,8
EMP00654,Store Associate,ST071,Morning,49,5
EMP00927,Store Associate,ST038,Evening,46,5
EMP01937,Picker,ST037,Morning,34,5
EMP01664,Packer,ST022,Afternoon,54,3
EMP02155,Rider Coordinator,ST050,Afternoon,46,7
EMP01745,Supervisor,ST004,Morning,50,5
EMP01133,Picker,ST039,Night,50,4
EMP00886,Store Associate,ST008,Evening,46,4
EMP00108,Store Associate,ST002,Afternoon,36,7
EMP02210,Store Associate,ST020,Night,44,6
EMP01080,Store Associate,ST042,Afternoon,48,5
EMP01197,Rider Coordinator,ST031,Evening,47,2
EMP00897,Store Associate,ST019,Afternoon,42,7
EMP01990,Store Associate,ST030,Night,50,2
EMP01290,Store Associate,ST092,Evening,46,5
EMP02264,Packer,ST070,Afternoon,51,12
EMP02364,Packer,ST013,Morning,40,7
EMP00113,Picker,ST014,Afternoon,41,4
EMP01943,Store Associate,ST032,Evening,43,6
EMP02194,Rider Coordinator,ST067,Night,47,4
EMP00316,Packer,ST026,Afternoon,43,8
EMP02079,Rider Coordinator,ST098,Evening,45,3
EMP00580,Picker,ST036,Evening,53,9
EMP02044,Packer,ST068,Afternoon,57,4
EMP02474,Store Associate,ST055,Evening,47,2
EMP02422,Picker,ST009,Evening,49,8
EMP00547,Picker,ST054,Evening,37,7
EMP01129,Store Associate,ST034,Afternoon,55,5
EMP01190,Picker,ST001,Morning,44,6
EMP01076,Picker,ST034,Morning,50,3
EMP00439,Picker,ST020,Evening,46,5
EMP01281,Picker,ST003,Evening,44,6
EMP02288,Picker,ST030,Evening,41,9
EMP01538,Picker,ST083,Morning,50,4
EMP01737,Picker,ST048,Evening,50,7
EMP01433,Store Associate,ST073,Morning,46,7
EMP00209,Picker,ST006,Morning,52,10
EMP01560,Picker,ST086,Morning,54,6
EMP00100,Picker,ST013,Afternoon,61,9
EMP00361,Picker,ST033,Evening,49,5
EMP00274,Store Associate,ST040,Evening,46,6
EMP00438,Store Associate,ST068,Afternoon,41,4
EMP02192,Store Associate,ST081,Night,53,5
EMP02255,Packer,ST089,Afternoon,52,7
EMP01616,Supervisor,ST006,Afternoon,51,6
EMP00926,Store Associate,ST072,Evening,59,5
EMP00491,Packer,ST007,Morning,45,8
EMP02441,Packer,ST060,Evening,44,5
EMP01133,Picker,ST040,Evening,55,3
EMP02085,Picker,ST056,Evening,44,7
EMP00809,Rider Coordinator,ST010,Morning,48,5
EMP02412,Store Associate,ST071,Afternoon,44,5
EMP00781,Rider Coordinator,ST022,Afternoon,37,9
EMP00699,Picker,ST070,Morning,46,2
EMP01523,Packer,ST017,Afternoon,42,4
EMP01813,Picker,ST025,Afternoon,44,5
EMP01310,Picker,ST055,Afternoon,35,5
EMP00845,Picker,ST021,Evening,43,5
EMP00473,Store Associate,ST054,Evening,48,4
EMP00056,Supervisor,ST004,Evening,50,12
EMP02320,Picker,ST086,Evening,45,6
EMP00415,Picker,ST014,Evening,49,4
EMP02387,Supervisor,ST046,Afternoon,45,6
EMP01014,Packer,ST036,Morning,55,4
EMP01074,Rider Coordinator,ST027,Evening,60,9
EMP02197,Picker,ST088,Night,49,7
EMP00016,Rider Coordinator,ST046,Evening,43,7
EMP01785,Picker,ST091,Evening,43,3
EMP01357,Packer,ST029,Night,47,7
EMP00967,Picker,ST025,Afternoon,55,9
EMP02123,Store Associate,ST097,Evening,47,5
EMP00350,Rider Coordinator,ST087,Evening,47,3
EMP02307,Store Associate,ST048,Afternoon,51,5
EMP01614,Picker,ST061,Morning,38,9
EMP01826,Packer,ST079,Afternoon,34,8
EMP01997,Supervisor,ST032,Evening,55,4
EMP01420,Picker,ST036,Night,39,3
EMP00739,Packer,ST030,Night,50,8
EMP01306,Store Associate,ST077,Morning,59,7
EMP00938,Packer,ST045,Night,60,5
EMP02348,Store Associate,ST035,Evening,55,5
EMP01283,Supervisor,ST094,Morning,56,5
EMP00102,Picker,ST098,Afternoon,48,10
EMP02241,Picker,ST063,Night,52,5
EMP00740,Store Associate,ST096,Afternoon,51,7
EMP02107,Picker,ST059,Afternoon,46,8
EMP01019,Picker,ST012,Afternoon,59,4
EMP00393,Picker,ST087,Evening,53,6
EMP01363,Store Associate,ST008,Afternoon,57,5
EMP00344,Store Associate,ST074,Afternoon,50,5
EMP01007,Picker,ST005,Morning,41,11
EMP02310,Store Associate,ST085,Evening,58,1
EMP00002,Picker,ST045,Afternoon,39,6
EMP00987,Store Associate,ST042,Evening,54,4
EMP01734,Packer,ST035,Evening,48,7
EMP00575,Picker,ST013,Night,53,3
EMP00353,Store Associate,ST053,Afternoon,59,4
EMP00670,Rider Coordinator,ST043,Evening,65,9
EMP01266,Store Associate,ST036,Morning,53,3
EMP00718,Rider Coordinator,ST062,Morning,41,5
EMP01316,Supervisor,ST039,Afternoon,50,7
EMP00049,Picker,ST072,Afternoon,38,2
EMP00719,Store Associate,ST100,Night,54,6
EMP01293,Store Associate,ST066,Night,51,2
EMP00601,Store Associate,ST013,Evening,58,7
EMP02317,Picker,ST087,Morning,50,7
EMP01182,Store Associate,ST070,Morning,53,12
EMP00627,Packer,ST016,Evening,45,10
EMP01380,Rider Coordinator,ST074,Morning,48,4
EMP01415,Picker,ST091,Afternoon,47,6
EMP02404,Packer,ST013,Evening,50,6
EMP01615,Picker,ST096,Afternoon,50,4
EMP01055,Store Associate,ST029,Afternoon,52,8
EMP00779,Store Associate,ST022,Afternoon,47,10
EMP01244,Packer,ST018,Morning,65,3
EMP01372,Supervisor,ST024,Afternoon,41,7
EMP00814,Picker,ST073,Evening,39,5
EMP00239,Picker,ST040,Morning,52,5
EMP00176,Packer,ST039,Evening,48,6
EMP01570,Rider Coordinator,ST094,Evening,61,10
EMP00584,Packer,ST022,Evening,40,6
EMP00444,Picker,ST081,Afternoon,47,9
EMP00531,Supervisor,ST017,Morning,53,13
EMP00746,Packer,ST041,Evening,50,8
EMP00120,Picker,ST005,Morning,36,5
EMP00109,Supervisor,ST009,Afternoon,57,9
EMP00017,Packer,ST015,Afternoon,40,9
EMP02256,Picker,ST089,Morning,47,2
EMP01975,Store Associate,ST078,Afternoon,55,12
EMP01249,Store Associate,ST057,Afternoon,54,4
EMP00901,Store Associate,ST035,Evening,41,4
EMP01391,Picker,ST041,Evening,47,6
EMP00437,Picker,ST017,Evening,44,7
EMP00396,Store Associate,ST016,Evening,44,5
EMP01594,Picker,ST042,Evening,54,12
EMP00436,Store Associate,ST072,Morning,62,5
EMP01927,Rider Coordinator,ST042,Afternoon,54,3
EMP00161,Picker,ST041,Afternoon,51,7
EMP00309,Store Associate,ST034,Afternoon,39,3
EMP02243,Packer,ST054,Afternoon,44,7
EMP01779,Supervisor,ST057,Afternoon,41,6
EMP00548,Picker,ST085,Evening,41,5
EMP02378,Rider Coordinator,ST098,Afternoon,59,9
EMP01476,Store Associate,ST090,Evening,55,4
EMP00730,Store Associate,ST077,Afternoon,56,4
EMP02441,Packer,ST053,Afternoon,46,3
EMP00046,Packer,ST046,Night,41,7
EMP00848,Store Associate,ST026,Night,36,7
EMP01130,Rider Coordinator,ST059,Morning,47,2
EMP02450,Store Associate,ST081,Evening,46,6
EMP00191,Supervisor,ST057,Evening,40,3
EMP00382,Store Associate,ST076,Evening,50,5
EMP02292,Packer,ST007,Night,29,5
EMP01578,Picker,ST068,Evening,53,6
EMP00982,Picker,ST096,Evening,47,4
EMP01514,Supervisor,ST080,Afternoon,55,4
EMP00704,Store Associate,ST037,Night,54,2
EMP00211,Picker,ST057,Evening,53,6
EMP00353,Store Associate,ST044,Afternoon,39,7
EMP00696,Picker,ST059,Afternoon,54,2
EMP02072,Supervisor,ST035,Afternoon,54,5
EMP00635,Store Associate,ST035,Night,75,9
EMP01557,Store Associate,ST074,Evening,46,3
EMP01392,Picker,ST077,Afternoon,59,6
EMP00059,Packer,ST018,Afternoon,47,2
EMP00795,Packer,ST025,Afternoon,39,4
EMP01203,Packer,ST078,Evening,43,4
EMP00103,Packer,ST081,Morning,54,4
EMP01705,Packer,ST068,Morning,51,6
EMP00422,Rider Coordinator,ST069,Night,52,5
EMP02217,Store Associate,ST029,Afternoon,48,11
EMP01934,Store Associate,ST002,Afternoon,48,8
EMP02015,Packer,ST048,Evening,55,4
EMP01571,Picker,ST048,Night,49,4
EMP00247,Store Associate,ST075,Evening,56,3
EMP01815,Picker,ST023,Afternoon,50,8
EMP02128,Store Associate,ST058,Afternoon,51,5
EMP00031,Store Associate,ST027,Morning,43,8
EMP01936,Picker,ST073,Evening,53,7
EMP00228,Store Associate,ST039,Afternoon,44,6
EMP02397,Packer,ST065,Afternoon,52,6
EMP02179,Packer,ST092,Afternoon,50,6
EMP00083,Rider Coordinator,ST002,Evening,52,6
EMP00947,Packer,ST037,Morning,49,9
EMP01826,Store Associate,ST046,Morning,49,7
EMP02360,Packer,ST068,Afternoon,52,6
EMP02009,Rider Coordinator,ST011,Afternoon,57,10
EMP01355,Store Associate,ST018,Evening,32,9
EMP02212,Packer,ST022,Afternoon,49,8
EMP01759,Store Associate,ST001,Evening,52,3
EMP00215,Store Associate,ST082,Morning,44,6
EMP02280,Packer,ST054,Night,63,3
EMP01252,Store Associate,ST046,Evening,64,7
EMP02374,Picker,ST029,Night,53,11
EMP01406,Packer,ST019,Evening,45,8
EMP00287,Packer,ST057,Night,36,4
EMP01585,Store Associate,ST098,Morning,44,5
EMP01629,Supervisor,ST027,Evening,51,5
EMP02165,Picker,ST098,Evening,45,8
EMP01097,Picker,ST052,Night,45,6
EMP02167,Packer,ST056,Morning,38,7
EMP00306,Packer,ST077,Evening,45,5
EMP00847,Picker,ST027,Evening,52,5
EMP01072,Store Associate,ST019,Afternoon,38,5
EMP02422,Rider Coordinator,ST040,Morning,41,7
EMP00785,Supervisor,ST082,Afternoon,51,6
EMP01932,Rider Coordinator,ST036,Night,45,3
EMP01628,Store Associate,ST038,Night,39,6
EMP01971,Packer,ST007,Night,55,7
EMP00410,Rider Coordinator,ST021,Evening,49,6
EMP01390,Store Associate,ST043,Night,51,4
EMP00181,Picker,ST052,Afternoon,53,3
EMP02067,Store Associate,ST083,Night,44,7
EMP00797,Store Associate,ST085,Evening,61,3
EMP01903,Picker,ST006,Evening,50,2
EMP01913,Packer,ST033,Morning,55,7
EMP02403,Picker,ST043,Evening,56,6
EMP00319,Picker,ST070,Afternoon,47,6
EMP00591,Packer,ST029,Night,45,10
EMP00595,Picker,ST008,Morning,46,6
EMP02062,Store Associate,ST061,Night,57,1
EMP01170,Store Associate,ST080,Afternoon,54,1
EMP00931,Store Associate,ST086,Afternoon,41,6
EMP01665,Packer,ST082,Afternoon,59,6
EMP01974,Store Associate,ST045,Evening,50,6
EMP00643,Store Associate,ST061,Afternoon,52,3
EMP01405,Supervisor,ST088,Evening,59,10
EMP00435,Picker,ST006,Morning,39,4
EMP01672,Packer,ST090,Morning,50,1
EMP00994,Picker,ST010,Evening,40,10
EMP00387,Packer,ST089,Morning,39,7
EMP01587,Store Associate,ST006,Afternoon,47,3
EMP00491,Packer,ST093,Afternoon,42,3
EMP00816,Picker,ST070,Evening,57,7
EMP01019,Picker,ST037,Evening,41,4
EMP00518,Store Associate,ST005,Evening,50,2
EMP00579,Store Associate,ST056,Afternoon,57,7
EMP01307,Picker,ST092,Morning,41,10
EMP00820,Store Associate,ST050,Morning,47,5
EMP00183,Packer,ST057,Afternoon,51,7
EMP00846,Picker,ST074,Evening,45,2
EMP01909,Packer,ST059,Morning,44,4
EMP02226,Picker,ST094,Morning,57,6
EMP01584,Packer,ST066,Evening,55,5
EMP01682,Picker,ST063,Night,43,3
EMP01216,Packer,ST031,Morning,36,9
EMP02202,Packer,ST072,Night,44,5
EMP00355,Picker,ST042,Evening,44,9
EMP00133,Supervisor,ST043,Afternoon,51,4
EMP01288,Picker,ST096,Morning,56,8
EMP00036,Picker,ST061,Morning,52,10
EMP01950,Picker,ST066,Morning,44,8
EMP02332,Picker,ST052,Morning,41,4
EMP02265,Store Associate,ST067,Afternoon,46,8
EMP02293,Picker,ST042,Evening,55,0
EMP02433,Picker,ST021,Afternoon,55,8
EMP00091,Store Associate,ST038,Evening,50,9
EMP00553,Rider Coordinator,ST014,Night,46,1
EMP02191,Picker,ST076,Afternoon,46,8
EMP00430,Picker,ST055,Afternoon,49,7
EMP01292,Picker,ST044,Night,44,6
EMP00782,Rider Coordinator,ST088,Morning,49,6
EMP01994,Picker,ST079,Afternoon,54,8
EMP01989,Picker,ST026,Evening,48,5
EMP01606,Picker,ST067,Evening,41,4
EMP00754,Packer,ST072,Night,47,14
EMP00342,Packer,ST099,Evening,41,10
EMP00335,Store Associate,ST032,Afternoon,43,9
EMP02411,Packer,ST077,Afternoon,55,4
EMP01245,Store Associate,ST017,Morning,57,10
EMP02357,Store Associate,ST087,Afternoon,37,6
EMP00311,Packer,ST012,Morning,51,11
EMP00179,Rider Coordinator,ST016,Evening,51,6
EMP02435,Store Associate,ST007,Evening,66,3
EMP01387,Store Associate,ST071,Night,45,1
EMP01788,Store Associate,ST047,Evening,49,5
EMP00436,Picker,ST008,Evening,45,4
EMP02033,Supervisor,ST096,Afternoon,46,10
EMP02129,Supervisor,ST029,Morning,51,9
EMP00340,Packer,ST058,Afternoon,51,3
EMP00085,Supervisor,ST016,Evening,52,8
EMP01360,Picker,ST058,Evening,44,8
EMP01874,Store Associate,ST071,Evening,48,8
EMP00276,Packer,ST067,Evening,45,6
EMP00957,Picker,ST092,Night,43,5
EMP02369,Picker,ST049,Morning,56,9
EMP01929,Picker,ST066,Morning,48,4
EMP00364,Packer,ST039,Afternoon,48,7
EMP00127,Packer,ST073,Evening,63,7
EMP01323,Picker,ST053,Evening,47,12
EMP00582,Rider Coordinator,ST085,Morning,44,9
EMP01510,Store Associate,ST034,Night,47,5
EMP00596,Packer,ST016,Afternoon,52,8
EMP00513,Store Associate,ST094,Evening,53,7
EMP00785,Packer,ST050,Evening,48,8
EMP00590,Picker,ST024,Afternoon,52,8
EMP01249,Packer,ST052,Morning,55,3
EMP01645,Picker,ST019,Morning,53,8
EMP01565,Packer,ST055,Evening,41,4
EMP01828,Picker,ST043,Afternoon,43,2
EMP02006,Packer,ST081,Evening,50,5
EMP01897,Store Associate,ST082,Afternoon,43,0
EMP02215,Picker,ST038,Evening,56,6
EMP02073,Picker,ST072,Evening,41,4
EMP02354,Picker,ST098,Night,47,4
EMP02448,Store Associate,ST090,Evening,58,8
EMP01748,Supervisor,ST057,Morning,58,9
EMP02341,Store Associate,ST098,Evening,34,5
EMP00700,Supervisor,ST032,Afternoon,33,6
EMP01317,Packer,ST012,Night,47,2
EMP00479,Store Associate,ST043,Morning,40,5
EMP00308,Supervisor,ST083,Morning,49,6
EMP00516,Supervisor,ST019,Afternoon,61,7
EMP00165,Store Associate,ST072,Evening,40,3
EMP00680,Store Associate,ST072,Evening,47,5
EMP01722,Packer,ST019,Night,37,8
EMP01642,Store Associate,ST076,Evening,53,9
EMP00772,Store Associate,ST086,Evening,44,3
EMP00970,Packer,ST022,Evening,42,7
EMP02245,Picker,ST013,Evening,48,3
EMP00642,Store Associate,ST092,Afternoon,44,9
EMP00085,Packer,ST048,Night,62,4
EMP00154,Rider Coordinator,ST006,Evening,48,2
EMP00651,Rider Coordinator,ST092,Morning,53,6
EMP00442,Store Associate,ST048,Morning,56,2
EMP01966,Store Associate,ST032,Morning,52,7
EMP01758,Picker,ST009,Evening,53,8
EMP02258,Rider Coordinator,ST043,Morning,43,12
EMP00885,Packer,ST071,Morning,52,9
EMP02056,Picker,ST034,Evening,54,7
EMP00974,Supervisor,ST073,Evening,43,8
EMP01791,Supervisor,ST024,Afternoon,51,6
EMP00243,Store Associate,ST006,Evening,55,8
EMP02080,Rider Coordinator,ST060,Afternoon,45,9
EMP00553,Store Associate,ST058,Evening,47,12
EMP01749,Picker,ST025,Evening,48,2
EMP02500,Picker,ST061,Morning,45,5
EMP01055,Picker,ST036,Morning,45,5
EMP00012,Picker,ST019,Evening,32,5
EMP00158,Store Associate,ST007,Evening,50,9
EMP02086,Picker,ST003,Night,39,7
EMP02363,Picker,ST084,Evening,46,7
EMP01753,Store Associate,ST026,Evening,46,5
EMP00169,Store Associate,ST018,Morning,45,7
EMP01021,Packer,ST003,Afternoon,36,12
EMP00043,Store Associate,ST006,Night,43,7
EMP00175,Picker,ST084,Evening,43,5
EMP00886,Packer,ST051,Afternoon,41,9
EMP00828,Store Associate,ST097,Evening,51,5
EMP00183,Store Associate,ST056,Afternoon,54,6
EMP01069,Store Associate,ST026,Evening,49,10
EMP01253,Store Associate,ST012,Evening,51,3
EMP00193,Picker,ST030,Afternoon,45,3
EMP00660,Picker,ST061,Morning,49,7
EMP01973,Packer,ST077,Morning,52,10
EMP00469,Picker,ST041,Evening,52,5
EMP02387,Packer,ST007,Evening,59,3
EMP02141,Store Associate,ST079,Afternoon,41,6
EMP02316,Picker,ST076,Evening,40,9
EMP01725,Picker,ST062,Afternoon,49,4
EMP02411,Store Associate,ST044,Evening,54,3
EMP02438,Store Associate,ST007,Night,48,2
EMP01066,Supervisor,ST060,Morning,49,4
EMP00911,Packer,ST090,Evening,42,5
EMP01333,Store Associate,ST027,Night,59,10
EMP00469,Rider Coordinator,ST086,Morning,56,2
EMP01684,Packer,ST094,Evening,42,7
EMP00079,Picker,ST037,Morning,49,7
EMP02267,Picker,ST086,Afternoon,54,4
EMP01319,Packer,ST077,Evening,52,5
EMP02091,Packer,ST012,Afternoon,47,6
EMP01955,Picker,ST081,Afternoon,47,6
EMP02214,Packer,ST098,Afternoon,44,7
EMP01651,Picker,ST038,Morning,48,6
EMP01953,Picker,ST072,Evening,51,7
EMP01558,Packer,ST007,Evening,40,7
EMP02203,Rider Coordinator,ST028,Afternoon,60,5
EMP01526,Store Associate,ST044,Evening,43,10
EMP01964,Packer,ST068,Afternoon,65,4
EMP00199,Store Associate,ST076,Afternoon,44,5
EMP01700,Packer,ST053,Afternoon,54,4
EMP01076,Picker,ST057,Night,43,10
EMP01612,Picker,ST067,Night,53,5
EMP01264,Picker,ST049,Night,49,5
EMP01648,Store Associate,ST067,Afternoon,49,7
EMP01202,Picker,ST045,Afternoon,44,4
EMP01611,Rider Coordinator,ST034,Afternoon,51,7
EMP01519,Picker,ST044,Evening,48,4
EMP01413,Store Associate,ST046,Morning,50,5
EMP02006,Supervisor,ST054,Evening,55,3
EMP01022,Rider Coordinator,ST026,Night,29,7
EMP02500,Supervisor,ST030,Afternoon,55,7
EMP00682,Rider Coordinator,ST060,Night,33,3
EMP02396,Rider Coordinator,ST089,Night,44,4
EMP00917,Supervisor,ST034,Night,62,2
EMP01151,Packer,ST029,Evening,44,6
EMP01887,Packer,ST013,Night,45,6
EMP01425,Rider Coordinator,ST069,Evening,34,7
EMP01358,Rider Coordinator,ST026,Night,51,3
EMP00866,Picker,ST013,Evening,60,3
EMP01006,Store Associate,ST081,Morning,46,5
EMP00647,Rider Coordinator,ST011,Afternoon,57,5
EMP01115,Packer,ST077,Afternoon,41,5
EMP01750,Packer,ST082,Evening,58,7
EMP01370,Rider Coordinator,ST074,Evening,49,6
EMP02175,Picker,ST044,Morning,37,6
EMP00823,Supervisor,ST072,Evening,38,2
EMP01809,Rider Coordinator,ST081,Evening,59,4
EMP00821,Store Associate,ST084,Morning,61,6
EMP00475,Rider Coordinator,ST033,Evening,35,10
EMP01308,Picker,ST002,Afternoon,49,5
EMP00125,Picker,ST088,Afternoon,40,6
EMP01252,Rider Coordinator,ST017,Evening,40,5
EMP00326,Rider Coordinator,ST067,Night,57,4
EMP01786,Picker,ST084,Morning,46,3
EMP00729,Store Associate,ST095,Evening,64,4
EMP00004,Packer,ST056,Morning,53,5
EMP00383,Packer,ST067,Afternoon,42,3
EMP00307,Packer,ST088,Evening,49,8
EMP02007,Packer,ST014,Evening,49,3
EMP02101,Supervisor,ST026,Night,54,10
EMP01160,Packer,ST095,Evening,51,8
EMP00719,Packer,ST018,Afternoon,44,8
EMP02285,Supervisor,ST100,Afternoon,47,6
EMP00074,Packer,ST045,Morning,43,9
EMP00023,Picker,ST093,Night,61,4
EMP02124,Supervisor,ST056,Morning,40,11
EMP01920,Packer,ST007,Evening,54,7
EMP00031,Picker,ST073,Afternoon,52,2
EMP02258,Picker,ST097,Morning,54,3
EMP00079,Picker,ST002,Morning,60,2
EMP01713,Picker,ST068,Afternoon,46,4
EMP01932,Store Associate,ST003,Evening,53,7
EMP01155,Picker,ST077,Afternoon,50,4
EMP02191,Rider Coordinator,ST020,Evening,44,10
EMP00173,Packer,ST050,Evening,30,3
EMP00881,Picker,ST033,Night,54,6
EMP01359,Packer,ST085,Night,44,6
EMP01414,Store Associate,ST086,Night,54,4
EMP01802,Picker,ST036,Night,50,4
EMP00425,Rider Coordinator,ST063,Evening,51,8
EMP00041,Supervisor,ST004,Night,40,11
EMP00922,Store Associate,ST002,Afternoon,57,4
EMP02088,Picker,ST014,Afternoon,45,4
EMP02446,Store Associate,ST060,Evening,54,5
EMP00235,Rider Coordinator,ST092,Afternoon,60,8
EMP01710,Store Associate,ST049,Afternoon,55,3
EMP00962,Picker,ST090,Morning,43,4
EMP01335,Store Associate,ST030,Evening,44,3
EMP01366,Picker,ST032,Afternoon,54,8
EMP02143,Rider Coordinator,ST065,Morning,54,7
EMP00615,Rider Coordinator,ST070,Night,68,7
EMP01525,Picker,ST056,Morning,44,5
EMP02187,Store Associate,ST012,Morning,70,6
EMP00604,Packer,ST087,Afternoon,37,6
EMP00228,Picker,ST064,Afternoon,51,2
EMP01543,Picker,ST024,Evening,56,9
EMP00692,Store Associate,ST006,Afternoon,54,8
EMP00054,Picker,ST083,Morning,42,6
EMP00958,Picker,ST099,Morning,43,10
EMP00086,Store Associate,ST089,Afternoon,36,7
EMP00734,Store Associate,ST073,Morning,58,6
EMP00726,Store Associate,ST072,Evening,58,8
EMP00543,Picker,ST100,Evening,53,5
EMP01386,Store Associate,ST009,Morning,57,8
EMP01857,Store Associate,ST011,Evening,59,5
EMP01275,Store Associate,ST045,Night,41,6
EMP00895,Store Associate,ST020,Morning,46,7
EMP01064,Supervisor,ST017,Afternoon,50,4
EMP01294,Picker,ST099,Afternoon,44,7
EMP01480,Picker,ST036,Morning,46,3
EMP02449,Supervisor,ST051,Morning,57,5
EMP01949,Store Associate,ST099,Evening,40,5
EMP01716,Picker,ST048,Morning,56,4
EMP02316,Picker,ST073,Morning,47,4
EMP01224,Picker,ST099,Evening,52,4
EMP02046,Packer,ST077,Night,62,3
EMP02166,Store Associate,ST032,Evening,53,8
EMP00602,Store Associate,ST051,Morning,54,2
EMP00780,Supervisor,ST073,Afternoon,47,13
EMP02110,Rider Coordinator,ST015,Night,52,3
EMP02235,Picker,ST028,Evening,42,5
EMP01941,Picker,ST078,Evening,35,4
EMP00445,Store Associate,ST051,Evening,50,6
EMP02079,Store Associate,ST071,Morning,49,8
EMP01704,Packer,ST014,Evening,50,3
EMP01280,Packer,ST021,Afternoon,49,4
EMP00210,Store Associate,ST051,Evening,35,4
EMP00618,Picker,ST050,Night,43,9
EMP02473,Store Associate,ST038,Morning,49,2
EMP01684,Supervisor,ST032,Evening,55,4
EMP00847,Picker,ST051,Evening,42,9
EMP00244,Packer,ST098,Night,44,9
EMP01820,Picker,ST001,Evening,56,7
EMP00282,Picker,ST089,Evening,45,9
EMP01350,Picker,ST036,Evening,36,7
EMP01290,Store Associate,ST078,Night,54,2
EMP00360,Packer,ST009,Morning,51,4
EMP01246,Store Associate,ST090,Evening,42,5
EMP01708,Packer,ST096,Morning,55,6
EMP01466,Picker,ST084,Morning,47,6
EMP00248,Picker,ST092,Afternoon,61,3
EMP01688,Supervisor,ST045,Evening,50,5
EMP00937,Store Associate,ST088,Night,59,3
EMP01639,Store Associate,ST069,Evening,55,9
EMP00848,Picker,ST094,Evening,47,6
EMP01979,Rider Coordinator,ST008,Morning,60,10
EMP00812,Packer,ST088,Morning,41,7
EMP00800,Rider Coordinator,ST086,Afternoon,39,5
EMP00694,Picker,ST037,Morning,45,5
EMP00504,Store Associate,ST086,Night,56,8
EMP01795,Rider Coordinator,ST064,Evening,47,3
EMP00498,Picker,ST005,Night,36,5
EMP00554,Store Associate,ST082,Afternoon,73,4
EMP00599,Packer,ST046,Afternoon,50,9
EMP01344,Picker,ST015,Morning,43,8
EMP01546,Picker,ST041,Afternoon,40,11
EMP01052,Picker,ST079,Afternoon,64,6
EMP00183,Rider Coordinator,ST030,Night,51,4
EMP02486,Picker,ST073,Morning,40,6
EMP02487,Store Associate,ST067,Evening,60,10
EMP01563,Store Associate,ST090,Afternoon,50,10
EMP01752,Store Associate,ST063,Night,36,6
EMP02033,Picker,ST055,Afternoon,39,3
EMP01110,Packer,ST034,Evening,43,5
EMP00252,Packer,ST025,Afternoon,50,8
EMP01228,Store Associate,ST057,Evening,45,8
EMP00489,Packer,ST019,Afternoon,44,8
EMP02343,Rider Coordinator,ST098,Afternoon,44,3
EMP01331,Store Associate,ST025,Morning,48,3
EMP01836,Packer,ST023,Afternoon,55,3
EMP02096,Store Associate,ST064,Evening,43,6
EMP00077,Picker,ST010,Evening,45,11
EMP02353,Packer,ST026,Morning,46,2
EMP00108,Packer,ST050,Night,41,6
EMP02184,Packer,ST074,Morning,38,5
EMP01201,Packer,ST021,Afternoon,48,4
EMP01823,Packer,ST036,Evening,41,7
EMP00436,Picker,ST043,Night,55,6
EMP00948,Picker,ST067,Afternoon,49,7
EMP00087,Picker,ST007,Morning,54,12
EMP01021,Picker,ST010,Afternoon,34,10
EMP00442,Store Associate,ST006,Afternoon,51,10
EMP00681,Store Associate,ST016,Afternoon,47,4
EMP00311,Packer,ST011,Evening,63,5
EMP02077,Picker,ST090,Afternoon,36,5
EMP01359,Store Associate,ST037,Night,51,7
EMP00904,Picker,ST006,Morning,59,2
EMP00271,Picker,ST054,Evening,46,5
EMP00594,Picker,ST096,Evening,44,8
EMP00673,Picker,ST033,Morning,47,7
EMP01807,Store Associate,ST092,Morning,49,9
EMP01175,Picker,ST064,Afternoon,51,12
EMP01722,Picker,ST033,Evening,40,3
EMP00962,Packer,ST008,Afternoon,46,4
EMP00248,Packer,ST006,Afternoon,49,5
EMP01184,Picker,ST006,Night,59,5
EMP00709,Supervisor,ST095,Evening,51,5
EMP00341,Picker,ST036,Morning,44,7
EMP01051,Store Associate,ST085,Evening,45,11
EMP00868,Packer,ST073,Evening,61,10
EMP02073,Picker,ST078,Evening,44,9
EMP00409,Picker,ST081,Morning,60,6
EMP01597,Rider Coordinator,ST003,Evening,49,6
EMP01908,Picker,ST059,Evening,51,4
EMP02438,Packer,ST017,Evening,52,4
EMP00623,Store Associate,ST073,Night,43,6
EMP01002,Store Associate,ST031,Afternoon,55,4
EMP00028,Picker,ST088,Evening,47,0
EMP00858,Picker,ST070,Afternoon,43,5
EMP00270,Store Associate,ST015,Evening,46,4
EMP01217,Supervisor,ST086,Morning,53,4
EMP01456,Packer,ST075,Afternoon,42,3
EMP00900,Store Associate,ST008,Afternoon,44,5
EMP01198,Picker,ST051,Morning,42,7
EMP01585,Picker,ST026,Afternoon,53,8
EMP00269,Picker,ST054,Morning,45,6
EMP00255,Store Associate,ST045,Evening,43,3
EMP02337,Store Associate,ST019,Morning,50,10
EMP01811,Rider Coordinator,ST033,Evening,51,5
EMP00862,Picker,ST076,Evening,41,3
EMP00014,Picker,ST093,Evening,42,4
EMP02438,Packer,ST005,Morning,45,8
EMP01868,Store Associate,ST037,Afternoon,57,5
EMP00672,Picker,ST085,Night,56,9
EMP00655,Rider Coordinator,ST037,Morning,55,8
EMP02232,Packer,ST055,Evening,47,8
EMP02329,Store Associate,ST061,Morning,51,6
EMP00598,Store Associate,ST048,Night,41,4
EMP02417,Packer,ST010,Afternoon,53,12
EMP00196,Supervisor,ST051,Evening,48,2
EMP01346,Store Associate,ST043,Afternoon,47,6
EMP01719,Picker,ST032,Afternoon,52,6
EMP01260,Store Associate,ST009,Night,49,2
EMP00926,Store Associate,ST090,Evening,53,5
EMP00169,Store Associate,ST015,Afternoon,48,7
EMP01007,Picker,ST056,Morning,44,9
EMP01103,Picker,ST031,Morning,54,11
EMP02341,Picker,ST049,Morning,43,5
EMP01520,Picker,ST029,Afternoon,42,8
EMP00749,Packer,ST059,Morning,56,4
EMP01738,Packer,ST036,Afternoon,50,7
EMP00701,Packer,ST077,Afternoon,50,3
EMP01497,Store Associate,ST024,Evening,45,2
EMP01600,Packer,ST035,Morning,44,4
EMP01696,Store Associate,ST085,Morning,48,5
EMP01483,Supervisor,ST055,Evening,36,9
EMP01221,Store Associate,ST030,Afternoon,42,7
EMP02450,Picker,ST007,Afternoon,38,2
EMP01814,Picker,ST056,Afternoon,44,8
EMP00057,Rider Coordinator,ST078,Evening,49,3
EMP01760,Store Associate,ST056,Afternoon,45,5
EMP01778,Picker,ST037,Night,52,8
EMP00013,Packer,ST080,Night,50,7
EMP00641,Store Associate,ST031,Afternoon,49,6
EMP01862,Store Associate,ST004,Evening,47,10
EMP00014,Picker,ST002,Evening,51,3
EMP00752,Supervisor,ST057,Evening,54,6
EMP00340,Store Associate,ST025,Evening,43,4
EMP01048,Store Associate,ST008,Morning,53,6
EMP00208,Packer,ST085,Evening,43,2
EMP01550,Packer,ST094,Night,46,6
EMP01384,Packer,ST095,Night,55,6
EMP00005,Store Associate,ST004,Morning,46,3
EMP00835,Picker,ST092,Afternoon,48,5
EMP01935,Rider Coordinator,ST063,Afternoon,39,6
EMP02108,Store Associate,ST099,Evening,51,5
EMP00499,Packer,ST026,Morning,48,4
EMP00153,Picker,ST012,Evening,50,5
EMP02156,Store Associate,ST035,Morning,40,8
EMP01677,Picker,ST060,Evening,45,1
EMP01329,Picker,ST086,Night,47,8
EMP01706,Store Associate,ST072,Evening,51,2
EMP00476,Store Associate,ST058,Evening,46,7
EMP00107,Supervisor,ST018,Evening,49,5
EMP01692,Packer,ST034,Afternoon,57,5
EMP02100,Store Associate,ST032,Afternoon,44,4
EMP00065,Picker,ST096,Night,53,2
EMP00995,Supervisor,ST028,Morning,51,4
EMP01190,Supervisor,ST086,Evening,45,3
EMP00098,Store Associate,ST012,Evening,58,7
EMP01160,Store Associate,ST052,Morning,61,6
EMP01267,Rider Coordinator,ST032,Afternoon,36,4
EMP00044,Rider Coordinator,ST027,Afternoon,48,0
EMP00300,Packer,ST070,Morning,48,3
EMP00657,Picker,ST042,Morning,44,10
EMP01545,Picker,ST082,Afternoon,51,5
EMP01278,Rider Coordinator,ST042,Morning,44,3
EMP01929,Store Associate,ST043,Afternoon,46,5
EMP00930,Picker,ST064,Afternoon,50,1
EMP01785,Rider Coordinator,ST098,Evening,43,10
EMP01289,Supervisor,ST095,Evening,47,6
EMP01574,Packer,ST021,Evening,43,4
EMP02166,Packer,ST005,Morning,31,6
EMP00169,Store Associate,ST016,Morning,45,6
EMP00443,Store Associate,ST094,Morning,52,11
EMP00835,Picker,ST083,Morning,42,6
EMP01563,Picker,ST019,Evening,57,8
EMP00020,Picker,ST030,Afternoon,51,5
EMP01061,Picker,ST040,Afternoon,52,11
EMP00235,Packer,ST025,Morning,41,7
EMP00600,Picker,ST030,Afternoon,40,8
EMP01530,Picker,ST039,Evening,37,7
EMP00216,Picker,ST030,Afternoon,52,6
EMP00641,Packer,ST033,Evening,56,5
EMP01647,Picker,ST061,Evening,48,3
EMP02298,Supervisor,ST014,Evening,42,11
EMP01796,Picker,ST056,Afternoon,48,3
EMP00464,Store Associate,ST031,Evening,60,5
EMP00113,Packer,ST058,Evening,49,5
EMP02024,Picker,ST072,Afternoon,50,9
EMP01821,Picker,ST081,Afternoon,45,6
EMP01549,Rider Coordinator,ST019,Evening,51,2
EMP01816,Packer,ST049,Evening,44,3
EMP01644,Picker,ST099,Afternoon,56,5
EMP02382,Packer,ST025,Evening,51,4
EMP00420,Packer,ST060,Morning,38,6
EMP00072,Supervisor,ST094,Afternoon,54,5
EMP00266,Picker,ST028,Night,40,9
EMP00563,Picker,ST002,Evening,52,1
EMP02035,Picker,ST063,Afternoon,49,6
EMP00186,Picker,ST094,Night,57,7
EMP00834,Store Associate,ST084,Evening,49,9
EMP01633,Packer,ST013,Afternoon,32,13
EMP00425,Packer,ST045,Night,53,2
EMP01192,Packer,ST005,Night,52,4
EMP02173,Store Associate,ST064,Evening,50,7
EMP02044,Packer,ST017,Afternoon,54,2
EMP01379,Picker,ST043,Morning,44,4
EMP00115,Packer,ST045,Evening,34,2
EMP01522,Store Associate,ST040,Morning,49,9
EMP02415,Rider Coordinator,ST095,Afternoon,62,4
EMP01316,Picker,ST004,Morning,57,7
EMP02282,Store Associate,ST005,Evening,52,4
EMP00187,Picker,ST006,Evening,45,4
EMP00068,Picker,ST095,Night,44,3
EMP00717,Packer,ST094,Morning,50,4
EMP00291,Picker,ST018,Evening,46,9
EMP01479,Picker,ST028,Afternoon,66,5
EMP02052,Supervisor,ST061,Evening,48,6
EMP00375,Packer,ST040,Morning,52,3
EMP00378,Store Associate,ST072,Morning,63,3
EMP01584,Store Associate,ST060,Evening,43,8
EMP00239,Picker,ST005,Morning,65,2
EMP00166,Picker,ST053,Night,66,5
EMP00892,Store Associate,ST005,Afternoon,52,2
EMP01339,Supervisor,ST100,Night,48,5
EMP00478,Picker,ST075,Afternoon,41,6
EMP00126,Packer,ST008,Afternoon,56,3
EMP01232,Picker,ST088,Night,47,5
EMP02038,Rider Coordinator,ST004,Morning,48,3
EMP01370,Picker,ST053,Morning,57,6
EMP01962,Picker,ST043,Morning,44,4
EMP00759,Store Associate,ST062,Night,38,4
EMP01764,Packer,ST062,Afternoon,45,7
EMP02087,Store Associate,ST046,Evening,45,8
EMP00365,Store Associate,ST010,Afternoon,53,3
EMP02193,Store Associate,ST074,Evening,42,10
EMP00029,Packer,ST088,Evening,45,6
EMP01842,Picker,ST015,Evening,38,11
EMP00391,Picker,ST055,Afternoon,39,9
EMP01543,Packer,ST009,Afternoon,52,8
EMP01743,Supervisor,ST049,Evening,52,6
EMP00181,Picker,ST096,Evening,40,3
EMP00203,Packer,ST054,Morning,52,9
EMP02317,Store Associate,ST019,Evening,60,10
EMP01175,Rider Coordinator,ST067,Night,53,6
EMP00374,Store Associate,ST087,Night,44,4
EMP00675,Picker,ST058,Evening,56,9
EMP01771,Packer,ST023,Night,41,4
EMP00987,Store Associate,ST001,Evening,43,8
EMP01710,Store Associate,ST089,Evening,48,12
EMP01201,Store Associate,ST052,Evening,49,5
EMP02168,Store Associate,ST070,Evening,50,10
EMP01421,Picker,ST089,Evening,40,5
EMP02169,Store Associate,ST061,Evening,50,3
EMP01034,Rider Coordinator,ST065,Morning,47,10
EMP00001,Packer,ST045,Morning,50,6
EMP00341,Store Associate,ST097,Morning,39,11
EMP01571,Picker,ST057,Morning,54,4
EMP00171,Picker,ST035,Evening,34,10
EMP01541,Packer,ST073,Morning,43,2
EMP01848,Store Associate,ST067,Evening,49,4
EMP01470,Supervisor,ST081,Morning,44,11
EMP02399,Picker,ST064,Evening,69,6
EMP01356,Packer,ST002,Evening,58,6
EMP01522,Store Associate,ST075,Evening,51,3
EMP01753,Packer,ST100,Evening,40,5
EMP02083,Supervisor,ST084,Evening,38,4
EMP00206,Store Associate,ST019,Morning,44,7
EMP01089,Packer,ST100,Night,51,8
EMP02482,Packer,ST093,Afternoon,40,11
EMP01557,Rider Coordinator,ST088,Afternoon,62,4
EMP01287,Packer,ST095,Afternoon,40,5
EMP00560,Picker,ST092,Night,66,7
EMP01909,Packer,ST099,Evening,60,10
EMP02035,Rider Coordinator,ST014,Afternoon,58,12
EMP00753,Picker,ST055,Evening,66,7
EMP00529,Picker,ST019,Afternoon,50,4
EMP00516,Picker,ST054,Night,40,7
EMP00393,Store Associate,ST006,Morning,65,5
EMP00874,Rider Coordinator,ST095,Morning,42,7
EMP00677,Store Associate,ST086,Evening,52,6
EMP01634,Rider Coordinator,ST065,Evening,51,2
EMP00276,Rider Coordinator,ST012,Morning,48,4
EMP01587,Picker,ST028,Evening,56,4
EMP02102,Picker,ST036,Afternoon,42,3
EMP01044,Rider Coordinator,ST038,Evening,56,9
EMP00287,Packer,ST044,Evening,42,8
EMP02005,Packer,ST033,Evening,41,4
EMP02114,Packer,ST094,Evening,46,2
EMP00061,Picker,ST028,Afternoon,53,8
EMP01263,Store Associate,ST085,Evening,56,4
EMP01246,Store Associate,ST002,Morning,51,9
EMP02408,Picker,ST096,Evening,44,5
EMP01793,Supervisor,ST056,Afternoon,55,7
EMP00340,Picker,ST091,Evening,46,5
EMP00240,Picker,ST045,Afternoon,47,6
EMP00533,Store Associate,ST079,Evening,44,8
EMP02217,Packer,ST019,Night,40,8
EMP00443,Picker,ST048,Evening,43,9
EMP01751,Picker,ST004,Evening,52,4
EMP01666,Store Associate,ST053,Afternoon,51,12
EMP02449,Rider Coordinator,ST080,Afternoon,51,8
EMP01362,Rider Coordinator,ST053,Afternoon,55,4
EMP00693,Picker,ST024,Afternoon,37,4
EMP00137,Supervisor,ST075,Afternoon,48,7
EMP01016,Packer,ST085,Evening,42,5
EMP01644,Supervisor,ST081,Afternoon,49,4
EMP01176,Picker,ST013,Evening,55,8
EMP02002,Packer,ST066,Night,54,5
EMP01826,Store Associate,ST003,Evening,45,6
EMP00625,Picker,ST008,Morning,57,3
EMP01185,Store Associate,ST027,Evening,52,6
EMP00759,Picker,ST032,Morning,71,10
EMP02142,Store Associate,ST080,Morning,48,7
EMP00823,Packer,ST026,Morning,36,6
EMP00772,Picker,ST067,Evening,46,6
EMP00904,Packer,ST074,Evening,46,7
EMP01366,Picker,ST064,Afternoon,51,4
EMP01281,Store Associate,ST071,Evening,37,5
EMP01867,Packer,ST014,Night,35,12
EMP00084,Store Associate,ST039,Morning,47,9
EMP00053,Packer,ST032,Evening,75,7
EMP02158,Rider Coordinator,ST094,Evening,52,8
EMP00162,Picker,ST015,Morning,43,7
EMP01227,Rider Coordinator,ST088,Morning,48,5
EMP00570,Store Associate,ST091,Morning,51,8
EMP00385,Packer,ST051,Morning,41,7
EMP02066,Store Associate,ST026,Evening,43,6
EMP02016,Picker,ST093,Afternoon,39,4
EMP02366,Packer,ST040,Evening,59,3
EMP02251,Supervisor,ST001,Morning,59,7
EMP01663,Store Associate,ST082,Night,51,3
EMP02220,Packer,ST006,Night,49,4
EMP00713,Store Associate,ST053,Evening,51,9
EMP01588,Picker,ST043,Evening,51,5
EMP00998,Store Associate,ST079,Afternoon,52,9
EMP00384,Packer,ST079,Afternoon,44,9
EMP01164,Picker,ST009,Afternoon,45,6
EMP01147,Store Associate,ST080,Night,53,4
EMP02005,Store Associate,ST055,Morning,55,1
EMP00044,Store Associate,ST081,Evening,47,4
EMP01923,Store Associate,ST011,Night,58,12
EMP01102,Picker,ST022,Morning,48,6
EMP00757,Rider Coordinator,ST006,Evening,57,9
EMP01397,Picker,ST079,Night,48,6
EMP01133,Store Associate,ST020,Morning,47,2
EMP01575,Supervisor,ST051,Afternoon,46,1
EMP01853,Packer,ST012,Night,55,5
EMP01719,Packer,ST093,Morning,46,8
EMP00032,Supervisor,ST083,Evening,53,5
EMP01124,Picker,ST095,Afternoon,40,10
EMP00010,Picker,ST050,Evening,52,6
EMP02446,Store Associate,ST013,Afternoon,47,8
EMP01695,Picker,ST038,Afternoon,46,10
EMP01923,Picker,ST024,Afternoon,57,5
EMP01958,Packer,ST072,Afternoon,47,5
EMP01453,Picker,ST036,Morning,44,9
EMP02125,Picker,ST096,Morning,59,6
EMP01143,Store Associate,ST061,Morning,52,6
EMP00662,Picker,ST021,Evening,50,11
EMP02339,Store Associate,ST031,Morning,36,6
EMP00508,Store Associate,ST045,Morning,52,4
EMP02479,Supervisor,ST003,Morning,55,5
EMP00040,Store Associate,ST050,Afternoon,44,9
EMP00494,Picker,ST081,Evening,34,2
EMP02196,Picker,ST016,Evening,45,7
EMP01616,Picker,ST011,Night,37,8
EMP01582,Store Associate,ST008,Evening,70,3
EMP02006,Picker,ST066,Night,45,9
EMP01263,Packer,ST065,Evening,30,6
EMP00468,Picker,ST046,Night,49,6
EMP01214,Picker,ST078,Evening,47,8
EMP02002,Packer,ST066,Night,33,3
EMP01763,Picker,ST076,Evening,36,5
EMP00633,Store Associate,ST077,Morning,55,6
EMP01995,Supervisor,ST024,Evening,47,6
EMP00249,Picker,ST086,Evening,36,7
EMP00461,Supervisor,ST067,Evening,46,11
EMP00286,Packer,ST049,Evening,48,3
EMP02084,Supervisor,ST049,Evening,50,5
EMP02089,Store Associate,ST039,Morning,47,7
EMP00808,Picker,ST035,Morning,40,9
EMP02042,Picker,ST098,Afternoon,49,4
EMP01147,Rider Coordinator,ST059,Afternoon,55,6
EMP01128,Picker,ST049,Evening,52,4
EMP00144,Rider Coordinator,ST085,Afternoon,40,8
EMP01526,Packer,ST069,Afternoon,35,4
EMP00296,Rider Coordinator,ST005,Afternoon,54,2
EMP00459,Rider Coordinator,ST086,Morning,51,7
EMP01032,Picker,ST039,Afternoon,52,5
EMP02245,Picker,ST019,Morning,37,8
EMP00949,Picker,ST049,Afternoon,58,5
EMP01464,Picker,ST012,Morning,57,5
EMP00755,Store Associate,ST097,Evening,43,7
EMP00617,Packer,ST020,Afternoon,53,3
EMP01654,Rider Coordinator,ST058,Morning,49,6
EMP02456,Packer,ST100,Morning,59,6
EMP00803,Store Associate,ST094,Evening,53,6
EMP00916,Packer,ST055,Afternoon,50,6
EMP00929,Picker,ST098,Morning,53,5
EMP01459,Rider Coordinator,ST092,Night,53,4
EMP01282,Rider Coordinator,ST015,Afternoon,49,10
EMP00539,Picker,ST031,Night,51,11
EMP00077,Picker,ST051,Evening,46,8
EMP00008,Rider Coordinator,ST014,Morning,52,6
EMP00661,Store Associate,ST024,Evening,36,4
EMP01851,Picker,ST058,Morning,46,1
EMP00196,Supervisor,ST059,Evening,49,5
EMP01221,Store Associate,ST049,Evening,52,2
EMP02225,Picker,ST062,Afternoon,56,8
EMP00602,Picker,ST012,Evening,36,6
EMP00274,Rider Coordinator,ST002,Morning,50,6
EMP01560,Rider Coordinator,ST022,Afternoon,46,6
EMP02320,Picker,ST001,Afternoon,42,6
EMP02485,Store Associate,ST021,Evening,62,3
EMP01183,Store Associate,ST097,Evening,48,5
EMP00296,Packer,ST023,Evening,45,9
EMP00988,Rider Coordinator,ST045,Evening,36,5
EMP01684,Packer,ST037,Night,46,6
EMP00441,Store Associate,ST055,Evening,52,8
EMP00384,Supervisor,ST058,Morning,49,6
EMP01694,Picker,ST024,Morning,42,7
EMP02054,Store Associate,ST077,Night,44,7
EMP01185,Packer,ST089,Evening,74,3
EMP01615,Packer,ST043,Afternoon,39,5
EMP00008,Store Associate,ST038,Afternoon,42,5
EMP00426,Packer,ST079,Evening,59,9
EMP00112,Picker,ST048,Evening,59,2
EMP00326,Store Associate,ST044,Evening,44,8
EMP00928,Picker,ST035,Night,35,3
EMP01366,Store Associate,ST093,Evening,45,4
EMP01213,Store Associate,ST029,Evening,50,5
EMP00290,Rider Coordinator,ST066,Night,56,12
EMP02281,Store Associate,ST027,Night,58,5
EMP01696,Rider Coordinator,ST088,Night,46,6
EMP01214,Packer,ST001,Morning,45,6
EMP00015,Picker,ST030,Evening,46,6
EMP00838,Supervisor,ST075,Evening,37,10
EMP01850,Packer,ST090,Night,39,9
EMP00739,Store Associate,ST083,Evening,41,8
EMP00088,Packer,ST019,Evening,48,4
EMP02266,Store Associate,ST050,Evening,46,7
EMP00839,Picker,ST036,Afternoon,67,2
EMP01059,Store Associate,ST041,Evening,44,11
EMP01454,Store Associate,ST029,Afternoon,45,7
EMP01474,Picker,ST010,Morning,58,5
EMP00625,Packer,ST030,Afternoon,46,10
EMP00472,Picker,ST082,Evening,48,4
EMP00942,Store Associate,ST058,Morning,42,0
EMP00718,Supervisor,ST026,Morning,53,7
EMP00820,Picker,ST037,Evening,42,7
EMP01024,Picker,ST054,Night,43,6
EMP00233,Store Associate,ST098,Afternoon,57,6
EMP01120,Picker,ST064,Evening,51,8
EMP00373,Picker,ST058,Morning,50,8
EMP01925,Rider Coordinator,ST087,Afternoon,60,5
EMP02453,Store Associate,ST097,Afternoon,41,7
EMP00141,Picker,ST001,Evening,48,7
EMP00890,Picker,ST055,Afternoon,57,6
EMP02496,Store Associate,ST055,Evening,49,8
EMP00882,Store Associate,ST036,Afternoon,49,2
EMP00528,Rider Coordinator,ST036,Evening,41,3
EMP00659,Store Associate,ST009,Morning,44,5
EMP01907,Rider Coordinator,ST047,Morning,42,7
EMP01969,Store Associate,ST023,Afternoon,42,6
EMP02092,Packer,ST069,Afternoon,43,5
EMP02372,Packer,ST078,Evening,60,4
EMP00883,Packer,ST099,Afternoon,53,7
EMP00528,Store Associate,ST019,Morning,41,9
EMP01393,Supervisor,ST099,Evening,63,8
EMP01793,Packer,ST065,Afternoon,67,10
EMP00728,Rider Coordinator,ST059,Night,47,3
EMP00641,Picker,ST092,Afternoon,51,11
EMP00370,Rider Coordinator,ST076,Evening,51,7
EMP00579,Picker,ST005,Evening,53,5
EMP02187,Packer,ST013,Afternoon,41,9
EMP01530,Picker,ST063,Afternoon,36,3
EMP01210,Packer,ST011,Afternoon,44,7
EMP01193,Packer,ST044,Morning,51,8
EMP02471,Picker,ST045,Afternoon,36,6
EMP02208,Packer,ST086,Evening,47,5
EMP01951,Rider Coordinator,ST096,Morning,53,5
EMP00722,Store Associate,ST082,Afternoon,48,6
EMP02038,Picker,ST014,Night,66,4
EMP00937,Store Associate,ST065,Afternoon,45,6
EMP02462,Store Associate,ST087,Evening,44,5
EMP01937,Packer,ST081,Afternoon,58,8
EMP01867,Rider Coordinator,ST016,Evening,57,5
EMP01328,Supervisor,ST020,Morning,41,7
EMP02388,Supervisor,ST038,Morning,45,2
EMP00592,Store Associate,ST022,Evening,47,8
EMP02390,Store Associate,ST066,Evening,50,4
EMP00827,Picker,ST095,Night,39,4
EMP01566,Picker,ST024,Morning,50,1
EMP01139,Picker,ST044,Morning,43,4
EMP01443,Picker,ST069,Afternoon,52,4
EMP00927,Store Associate,ST044,Evening,40,5
EMP00834,Packer,ST089,Evening,60,5
EMP01416,Packer,ST025,Morning,54,3
EMP00636,Packer,ST008,Evening,58,8
EMP01062,Packer,ST016,Morning,49,6
EMP00113,Store Associate,ST011,Evening,38,4
EMP01944,Packer,ST058,Afternoon,52,8
EMP01409,Store Associate,ST072,Night,48,2
EMP00775,Supervisor,ST063,Evening,41,6
EMP01939,Store Associate,ST068,Evening,46,7
EMP00549,Store Associate,ST031,Evening,64,8
EMP02412,Store Associate,ST088,Afternoon,55,8
EMP01904,Store Associate,ST091,Night,49,8
EMP01338,Packer,ST023,Night,44,3
EMP00475,Packer,ST086,Evening,43,7
EMP00961,Picker,ST085,Evening,46,3
EMP00552,Packer,ST087,Morning,42,3
EMP01184,Picker,ST062,Afternoon,42,8
EMP01067,Picker,ST012,Afternoon,49,4
EMP01498,Store Associate,ST084,Evening,45,2
EMP01566,Picker,ST064,Night,49,13
EMP02334,Picker,ST078,Evening,48,5
EMP00654,Packer,ST073,Evening,39,8
EMP02316,Packer,ST031,Morning,53,9
EMP00848,Store Associate,ST025,Evening,46,3
EMP00622,Picker,ST061,Evening,56,6
EMP02362,Supervisor,ST037,Evening,43,4
EMP00760,Store Associate,ST034,Afternoon,49,9
EMP02451,Store Associate,ST040,Evening,47,4
EMP02301,Store Associate,ST086,Morning,61,2
EMP01791,Packer,ST054,Afternoon,50,5
EMP02104,Picker,ST028,Evening,38,5
EMP01550,Store Associate,ST052,Evening,54,4
EMP00811,Picker,ST055,Morning,52,4
EMP01581,Packer,ST039,Afternoon,54,5
EMP00417,Store Associate,ST069,Afternoon,49,5
EMP00377,Picker,ST040,Afternoon,53,4
EMP00078,Packer,ST092,Night,39,7
EMP01750,Supervisor,ST025,Morning,53,6
EMP01229,Store Associate,ST098,Afternoon,42,6
EMP00059,Picker,ST023,Morning,52,13
EMP00136,Packer,ST008,Evening,52,2
EMP00333,Store Associate,ST043,Night,48,5
EMP00065,Packer,ST058,Evening,50,8
EMP01688,Picker,ST045,Evening,43,3
EMP01992,Supervisor,ST032,Afternoon,54,5
EMP02081,Store Associate,ST072,Evening,41,6
EMP01190,Rider Coordinator,ST065,Evening,41,2
EMP01310,Packer,ST056,Evening,42,5
EMP02091,Packer,ST011,Evening,36,6
EMP01279,Rider Coordinator,ST024,Afternoon,52,6
EMP00739,Store Associate,ST090,Evening,43,3
EMP00796,Packer,ST038,Morning,52,9
EMP02183,Store Associate,ST050,Evening,46,9
EMP01810,Packer,ST051,Afternoon,42,5
EMP01066,Store Associate,ST006,Morning,60,8
EMP01407,Picker,ST051,Evening,56,5
EMP02092,Supervisor,ST059,Evening,46,7
EMP01233,Rider Coordinator,ST033,Afternoon,60,5
EMP00605,Packer,ST057,Afternoon,47,8
EMP00615,Packer,ST008,Evening,34,1
EMP00797,Store Associate,ST069,Night,45,3
EMP00110,Supervisor,ST008,Morning,63,7
EMP02267,Packer,ST010,Night,43,11
EMP01965,Picker,ST030,Evening,50,10
EMP00080,Store Associate,ST085,Afternoon,49,10
EMP01351,Store Associate,ST027,Evening,49,8
EMP01960,Supervisor,ST055,Morning,39,4
EMP01656,Packer,ST072,Evening,44,4
EMP00408,Packer,ST069,Evening,37,9
EMP02164,Store Associate,ST027,Night,48,3
EMP00102,Store Associate,ST049,Evening,44,9
EMP01939,Picker,ST076,Afternoon,50,5
EMP00364,Packer,ST090,Night,55,9
EMP00111,Packer,ST011,Morning,48,6
EMP00150,Store Associate,ST048,Evening,60,13
EMP01084,Picker,ST013,Evening,45,7
EMP02338,Packer,ST034,Morning,47,2
EMP02032,Store Associate,ST078,Evening,52,5
EMP01008,Picker,ST046,Morning,41,4
EMP00931,Packer,ST050,Afternoon,51,6
EMP00512,Picker,ST094,Night,59,8
EMP01859,Picker,ST026,Evening,48,4
EMP00245,Store Associate,ST029,Afternoon,53,6
EMP00220,Supervisor,ST083,Evening,32,6
EMP00400,Store Associate,ST032,Morning,42,4
EMP00728,Picker,ST091,Morning,53,10
EMP02155,Store Associate,ST022,Evening,57,7
EMP00438,Store Associate,ST017,Evening,46,4
EMP00423,Store Associate,ST010,Evening,49,5
EMP02304,Picker,ST078,Evening,53,6
EMP00800,Store Associate,ST083,Evening,44,3
EMP00403,Picker,ST050,Morning,42,8
EMP00984,Picker,ST076,Evening,40,5
EMP01229,Supervisor,ST055,Morning,41,5
EMP01698,Supervisor,ST060,Evening,44,3
EMP01719,Rider Coordinator,ST019,Evening,49,8
EMP01506,Picker,ST075,Morning,47,3
EMP00658,Packer,ST041,Night,41,5
EMP00120,Store Associate,ST065,Afternoon,47,4
EMP02147,Packer,ST092,Evening,46,7
EMP00206,Packer,ST052,Morning,51,6
EMP00918,Rider Coordinator,ST003,Morning,38,4
EMP02388,Store Associate,ST021,Evening,43,7
EMP00414,Store Associate,ST016,Morning,51,7
EMP00106,Picker,ST044,Evening,52,4
EMP00677,Store Associate,ST039,Night,49,3
EMP02248,Packer,ST014,Evening,64,5
EMP02277,Rider Coordinator,ST089,Morning,48,7
EMP01589,Store Associate,ST048,Afternoon,48,9
EMP01872,Store Associate,ST067,Morning,46,7
EMP01513,Store Associate,ST007,Afternoon,43,3
EMP01450,Packer,ST058,Morning,48,4
EMP01974,Supervisor,ST062,Afternoon,49,4
EMP01926,Store Associate,ST002,Morning,48,6
EMP01324,Picker,ST015,Afternoon,42,8
EMP02443,Packer,ST061,Afternoon,52,4
EMP00640,Picker,ST071,Evening,48,5
EMP02328,Store Associate,ST043,Evening,52,3
EMP02451,Packer,ST002,Afternoon,55,6
EMP00140,Store Associate,ST069,Evening,55,7
EMP01169,Picker,ST026,Afternoon,48,3
EMP02186,Supervisor,ST022,Morning,32,5
EMP00935,Picker,ST074,Evening,52,8
EMP02353,Picker,ST040,Evening,43,4
EMP00279,Picker,ST083,Afternoon,47,4
EMP00511,Store Associate,ST006,Night,54,7
EMP01698,Picker,ST001,Afternoon,55,12
EMP01701,Store Associate,ST046,Night,49,8
EMP02143,Store Associate,ST025,Evening,44,9
EMP01256,Store Associate,ST099,Afternoon,50,8
EMP00466,Picker,ST077,Evening,51,7
EMP00898,Picker,ST083,Evening,45,5
EMP00379,Picker,ST023,Afternoon,40,9
EMP00979,Picker,ST075,Evening,40,9
EMP01043,Picker,ST096,Afternoon,36,7
EMP01668,Picker,ST032,Afternoon,49,6
EMP00762,Store Associate,ST039,Morning,47,4
EMP02119,Packer,ST091,Morning,56,5
EMP00670,Packer,ST056,Evening,43,11
EMP00902,Store Associate,ST083,Evening,42,8
EMP02083,Picker,ST100,Evening,41,9
EMP01570,Picker,ST083,Afternoon,47,4
EMP00272,Store Associate,ST084,Evening,56,10
EMP00117,Rider Coordinator,ST098,Evening,51,11
EMP01876,Packer,ST039,Evening,52,9
EMP01842,Picker,ST100,Night,35,9
EMP01268,Store Associate,ST048,Afternoon,51,11
EMP01065,Rider Coordinator,ST019,Afternoon,54,3
EMP02426,Rider Coordinator,ST034,Morning,61,8
EMP00610,Store Associate,ST026,Evening,51,11
EMP00436,Packer,ST007,Evening,43,9
EMP00112,Store Associate,ST091,Evening,46,7
EMP00681,Supervisor,ST071,Evening,50,3
EMP00519,Store Associate,ST031,Morning,53,4
EMP00929,Store Associate,ST050,Morning,53,8
EMP00515,Supervisor,ST083,Afternoon,39,4
EMP00338,Packer,ST078,Night,48,5
EMP02086,Rider Coordinator,ST017,Night,46,8
EMP00133,Store Associate,ST032,Afternoon,46,10
EMP00696,Store Associate,ST061,Morning,46,5
EMP01265,Packer,ST066,Morning,42,3
EMP00560,Picker,ST019,Evening,56,9
EMP01027,Supervisor,ST053,Morning,48,9
EMP00626,Supervisor,ST062,Afternoon,42,8
EMP00581,Supervisor,ST046,Evening,42,4
EMP01020,Picker,ST061,Afternoon,51,8
EMP01068,Rider Coordinator,ST072,Evening,48,5
EMP01393,Store Associate,ST038,Evening,60,4
EMP00800,Packer,ST011,Night,50,7
EMP01691,Rider Coordinator,ST090,Evening,45,4
EMP01806,Store Associate,ST061,Afternoon,51,8
EMP02067,Picker,ST011,Evening,38,13
EMP02396,Picker,ST072,Evening,49,4
EMP01364,Picker,ST071,Afternoon,46,10
EMP01868,Picker,ST080,Evening,51,5
EMP01143,Picker,ST026,Afternoon,56,8
EMP01768,Picker,ST086,Evening,55,6
EMP02272,Store Associate,ST012,Evening,47,6
EMP01263,Supervisor,ST088,Evening,48,6
EMP00266,Packer,ST051,Morning,55,3
EMP00003,Picker,ST012,Afternoon,54,2
EMP01219,Store Associate,ST060,Evening,41,4
EMP02246,Picker,ST038,Afternoon,44,9
EMP01322,Store Associate,ST060,Morning,50,5
EMP00624,Packer,ST071,Evening,41,7
EMP01210,Store Associate,ST048,Morning,55,1
EMP01060,Packer,ST099,Afternoon,50,6
EMP02074,Store Associate,ST014,Afternoon,44,10
EMP00885,Packer,ST093,Afternoon,47,4
EMP00976,Rider Coordinator,ST049,Afternoon,54,7
EMP01036,Rider Coordinator,ST043,Evening,47,5
EMP01528,Packer,ST059,Evening,44,5
EMP00937,Picker,ST066,Morning,51,7
EMP01048,Packer,ST021,Afternoon,45,2
EMP01819,Store Associate,ST008,Morning,47,6
EMP01655,Picker,ST061,Afternoon,53,9
EMP02097,Store Associate,ST045,Evening,39,2
EMP00669,Picker,ST052,Night,46,9
EMP00047,Picker,ST037,Afternoon,33,10
EMP01425,Packer,ST003,Afternoon,44,6
EMP00825,Supervisor,ST053,Evening,45,6
EMP02389,Picker,ST082,Afternoon,40,4
EMP01109,Store Associate,ST033,Night,45,9
EMP00496,Picker,ST010,Afternoon,47,7
EMP00165,Picker,ST086,Evening,52,2
EMP00673,Store Associate,ST081,Morning,45,6
EMP00746,Picker,ST004,Evening,44,10
EMP01681,Picker,ST007,Afternoon,48,8
EMP00461,Store Associate,ST019,Evening,47,4
EMP01011,Picker,ST076,Evening,41,8
EMP00259,Packer,ST032,Afternoon,55,5
EMP01881,Packer,ST042,Afternoon,36,3
EMP02326,Packer,ST024,Evening,49,6
EMP00993,Packer,ST057,Night,45,3
EMP01078,Store Associate,ST048,Evening,52,7
EMP00506,Supervisor,ST072,Night,53,7
EMP01628,Packer,ST043,Night,57,5
EMP01651,Store Associate,ST078,Night,57,5
EMP01791,Rider Coordinator,ST091,Morning,50,4
EMP01742,Packer,ST044,Morning,46,2
EMP00309,Packer,ST099,Evening,40,6
EMP00211,Store Associate,ST021,Morning,53,5
EMP02139,Picker,ST043,Morning,43,11
EMP02040,Packer,ST031,Evening,42,7
EMP00474,Rider Coordinator,ST087,Evening,48,5
EMP01714,Packer,ST077,Evening,44,8
EMP02079,Packer,ST037,Evening,42,3
EMP00420,Rider Coordinator,ST035,Night,51,7
EMP02114,Picker,ST060,Evening,50,6
EMP02200,Rider Coordinator,ST025,Morning,46,6
EMP01003,Store Associate,ST096,Afternoon,51,7
EMP00748,Store Associate,ST006,Morning,65,9
EMP00978,Picker,ST010,Afternoon,58,5
EMP01732,Packer,ST004,Afternoon,46,9
EMP00414,Packer,ST005,Afternoon,51,11
EMP01488,Store Associate,ST056,Night,74,6
EMP01551,Picker,ST005,Afternoon,45,8
EMP02381,Store Associate,ST014,Evening,56,5
EMP02456,Packer,ST072,Evening,55,3
EMP00845,Store Associate,ST026,Evening,44,10
EMP02121,Picker,ST081,Morning,45,7
EMP01279,Store Associate,ST078,Afternoon,49,11
EMP01908,Picker,ST079,Afternoon,44,7
EMP02012,Store Associate,ST001,Night,36,5
EMP02234,Picker,ST073,Evening,48,3
EMP00246,Picker,ST004,Evening,49,4
EMP02184,Packer,ST080,Afternoon,58,2
EMP02327,Supervisor,ST091,Evening,43,7
EMP01271,Store Associate,ST088,Afternoon,37,9
EMP02003,Picker,ST060,Night,42,3
EMP01641,Packer,ST044,Morning,63,8
EMP00841,Packer,ST027,Night,45,7
EMP02318,Picker,ST003,Evening,64,7
EMP00383,Rider Coordinator,ST052,Evening,51,7
EMP00314,Picker,ST037,Morning,59,7
EMP00569,Packer,ST026,Afternoon,53,5
EMP01623,Store Associate,ST011,Afternoon,48,4
EMP00796,Store Associate,ST053,Evening,47,4
EMP01402,Store Associate,ST060,Evening,52,4
EMP00143,Picker,ST008,Evening,46,9
EMP01972,Rider Coordinator,ST063,Evening,39,5
EMP00164,Picker,ST026,Afternoon,45,4
EMP01480,Packer,ST051,Afternoon,46,9
EMP01587,Picker,ST020,Evening,40,4
EMP02250,Picker,ST045,Night,51,5
EMP00582,Store Associate,ST011,Night,47,7
EMP02000,Packer,ST058,Evening,39,7
EMP02201,Picker,ST092,Evening,52,1
EMP01123,Store Associate,ST024,Afternoon,35,6
EMP00767,Rider Coordinator,ST067,Evening,45,8
EMP00196,Store Associate,ST060,Morning,41,9
EMP01929,Store Associate,ST026,Evening,41,2
EMP00118,Picker,ST050,Afternoon,48,2
EMP02474,Rider Coordinator,ST012,Afternoon,50,3
EMP00294,Picker,ST038,Afternoon,47,8
EMP01388,Packer,ST003,Evening,43,3
EMP00454,Rider Coordinator,ST022,Afternoon,48,4
EMP01089,Store Associate,ST034,Morning,48,7
EMP02149,Picker,ST074,Evening,58,1
EMP00030,Rider Coordinator,ST011,Evening,48,7
EMP02284,Store Associate,ST060,Night,51,7
EMP00898,Picker,ST013,Evening,47,2
EMP01444,Packer,ST022,Morning,48,3
EMP01481,Picker,ST077,Afternoon,49,10
EMP00717,Store Associate,ST043,Afternoon,46,8
EMP01129,Picker,ST023,Evening,48,7
EMP00407,Rider Coordinator,ST082,Evening,33,7
EMP01365,Packer,ST067,Evening,48,6
EMP00952,Picker,ST014,Evening,53,4
EMP00748,Store Associate,ST073,Afternoon,44,6
EMP02237,Picker,ST071,Afternoon,46,5
EMP01435,Store Associate,ST019,Morning,44,7
EMP01222,Store Associate,ST056,Evening,56,9
EMP00342,Store Associate,ST004,Night,52,4
EMP01583,Picker,ST053,Evening,61,4
EMP01066,Rider Coordinator,ST018,Afternoon,62,5
EMP00237,Picker,ST029,Evening,44,3
EMP00048,Store Associate,ST094,Evening,54,3
EMP02212,Picker,ST053,Afternoon,41,5
EMP02276,Picker,ST043,Morning,59,6
EMP00282,Packer,ST074,Evening,55,2
EMP00023,Picker,ST009,Morning,49,6
EMP00078,Store Associate,ST046,Evening,56,5
EMP02397,Store Associate,ST007,Afternoon,51,8
EMP00391,Supervisor,ST023,Afternoon,49,5
EMP00703,Store Associate,ST089,Afternoon,50,4
EMP02218,Picker,ST059,Evening,44,9
EMP01550,Rider Coordinator,ST012,Night,43,4
EMP01671,Picker,ST092,Morning,44,7
EMP01767,Picker,ST075,Evening,42,6
EMP01180,Store Associate,ST093,Afternoon,51,8
EMP00359,Picker,ST050,Afternoon,48,5
EMP00778,Store Associate,ST084,Evening,47,8
EMP00820,Picker,ST036,Morning,43,7
EMP01802,Picker,ST075,Morning,58,5
EMP00729,Rider Coordinator,ST089,Evening,56,6
EMP02290,Picker,ST073,Morning,57,6
EMP01737,Store Associate,ST054,Morning,48,5
EMP02001,Packer,ST005,Night,48,5
EMP00988,Supervisor,ST082,Afternoon,64,4
EMP01942,Picker,ST091,Afternoon,51,4
EMP02116,Picker,ST050,Afternoon,32,4
EMP01260,Picker,ST038,Afternoon,45,9
EMP00024,Store Associate,ST034,Afternoon,42,3
EMP01174,Picker,ST018,Evening,56,5
EMP02225,Rider Coordinator,ST001,Evening,33,4
EMP01460,Store Associate,ST040,Evening,48,8
EMP01944,Packer,ST100,Evening,52,6
EMP02125,Store Associate,ST062,Morning,56,5
EMP01282,Packer,ST045,Evening,39,10
EMP00996,Picker,ST001,Afternoon,47,4
EMP01537,Packer,ST031,Evening,49,5
EMP00590,Supervisor,ST066,Night,50,7
EMP01879,Store Associate,ST067,Night,60,12
EMP02136,Store Associate,ST063,Afternoon,50,3
EMP01567,Rider Coordinator,ST058,Morning,50,4
EMP01424,Store Associate,ST094,Evening,40,6
EMP01692,Rider Coordinator,ST078,Morning,50,5
EMP02160,Packer,ST084,Afternoon,34,8
EMP00770,Store Associate,ST091,Night,53,10
EMP01208,Picker,ST019,Evening,45,3
EMP01483,Store Associate,ST013,Evening,42,6
EMP01911,Store Associate,ST039,Morning,48,4
EMP00143,Picker,ST004,Afternoon,49,6
EMP02239,Picker,ST005,Morning,48,11
EMP02248,Store Associate,ST057,Afternoon,46,6
EMP02442,Packer,ST092,Evening,55,5
EMP00883,Packer,ST076,Evening,50,6
EMP01486,Picker,ST041,Evening,61,5
EMP01507,Picker,ST010,Evening,53,12
EMP01796,Picker,ST076,Evening,48,11
EMP01133,Store Associate,ST047,Morning,53,6
EMP00932,Packer,ST029,Afternoon,37,4
EMP00514,Packer,ST071,Morning,31,4
EMP00101,Picker,ST035,Afternoon,60,4
EMP01991,Store Associate,ST026,Morning,65,8
EMP00640,Store Associate,ST006,Evening,48,5
EMP01983,Store Associate,ST074,Evening,52,5
EMP01935,Packer,ST036,Evening,35,3
EMP01365,Supervisor,ST090,Afternoon,36,6
EMP01569,Store Associate,ST071,Morning,56,9
EMP02001,Picker,ST031,Evening,57,7
EMP00585,Packer,ST044,Evening,48,1
EMP02326,Supervisor,ST020,Evening,56,5
EMP01339,Packer,ST068,Evening,47,7
EMP00674,Picker,ST003,Afternoon,38,4
EMP00795,Store Associate,ST095,Evening,46,7
EMP00567,Rider Coordinator,ST082,Afternoon,46,5
EMP02192,Store Associate,ST012,Afternoon,49,6
EMP00801,Picker,ST066,Morning,43,7
EMP02364,Picker,ST027,Night,36,9
EMP01435,Store Associate,ST031,Afternoon,44,5
EMP00385,Packer,ST093,Afternoon,54,10
EMP00906,Picker,ST071,Evening,53,6
EMP01171,Rider Coordinator,ST028,Afternoon,45,5
EMP00899,Picker,ST097,Morning,39,4
EMP00558,Picker,ST044,Morning,54,5
EMP01872,Rider Coordinator,ST047,Night,40,8
EMP00749,Packer,ST053,Morning,38,8
EMP00311,Picker,ST044,Afternoon,63,4
EMP00118,Rider Coordinator,ST080,Afternoon,42,6
EMP01399,Picker,ST053,Afternoon,60,6
EMP02208,Picker,ST052,Evening,58,8
EMP02015,Supervisor,ST040,Morning,51,12
EMP01599,Picker,ST048,Evening,46,9
EMP00937,Packer,ST038,Evening,45,3
EMP02330,Store Associate,ST075,Morning,61,7
EMP01977,Picker,ST061,Evening,41,5
EMP00306,Picker,ST031,Morning,47,12
EMP00710,Store Associate,ST025,Afternoon,46,6
EMP00696,Picker,ST045,Morning,60,6
EMP00704,Rider Coordinator,ST032,Afternoon,51,4
EMP01275,Supervisor,ST034,Evening,46,3
EMP01867,Picker,ST013,Afternoon,45,9
EMP00529,Picker,ST019,Evening,45,16
EMP00656,Packer,ST066,Afternoon,35,3
EMP00166,Picker,ST073,Evening,51,5
EMP02302,Picker,ST002,Evening,45,9
EMP00611,Picker,ST085,Morning,58,5
EMP00950,Picker,ST017,Morning,38,6
EMP01875,Picker,ST038,Evening,47,7
EMP01719,Store Associate,ST032,Evening,47,4
EMP01638,Picker,ST061,Morning,45,4
EMP01098,Picker,ST042,Evening,41,6
EMP01655,Picker,ST001,Morning,44,5
EMP01063,Picker,ST073,Evening,33,6
EMP00225,Picker,ST008,Evening,35,6
EMP00647,Store Associate,ST059,Afternoon,56,6
EMP00569,Supervisor,ST034,Evening,59,9
EMP00861,Packer,ST100,Afternoon,43,3
EMP00750,Store Associate,ST029,Afternoon,51,7
EMP02446,Packer,ST014,Afternoon,57,4
EMP00564,Packer,ST065,Evening,37,6
EMP00482,Picker,ST016,Morning,47,4
EMP01762,Picker,ST082,Afternoon,52,7
EMP01582,Store Associate,ST028,Afternoon,33,6
EMP00834,Store Associate,ST070,Morning,52,1
EMP01840,Store Associate,ST034,Evening,63,7
EMP00672,Picker,ST003,Afternoon,68,5
EMP01446,Rider Coordinator,ST077,Afternoon,55,2
EMP02226,Supervisor,ST029,Evening,48,5
EMP01818,Store Associate,ST028,Afternoon,51,4
EMP01582,Picker,ST036,Morning,41,1
EMP00365,Store Associate,ST082,Evening,48,7
EMP01858,Rider Coordinator,ST020,Morning,53,6
EMP01764,Picker,ST094,Afternoon,52,8
EMP01548,Packer,ST045,Afternoon,48,11
EMP01056,Picker,ST080,Morning,46,5
EMP01137,Rider Coordinator,ST003,Evening,45,7
EMP01919,Picker,ST017,Afternoon,34,7
EMP01112,Store Associate,ST035,Evening,46,3
EMP01490,Picker,ST013,Morning,52,8
EMP01473,Packer,ST011,Evening,48,8
EMP01069,Packer,ST003,Morning,42,3
EMP01558,Picker,ST083,Afternoon,51,6
EMP00329,Picker,ST044,Afternoon,50,9
EMP00439,Packer,ST013,Evening,57,10
EMP00064,Picker,ST084,Evening,42,10
EMP02278,Rider Coordinator,ST057,Morning,46,6
EMP02351,Picker,ST058,Afternoon,48,7
EMP01871,Rider Coordinator,ST032,Afternoon,62,3
EMP01487,Picker,ST002,Morning,54,5
EMP01774,Picker,ST100,Morning,42,11
EMP01507,Picker,ST016,Evening,56,8
EMP01743,Packer,ST093,Evening,45,7
EMP01225,Supervisor,ST007,Evening,44,4
EMP01003,Store Associate,ST052,Evening,39,6
EMP02055,Rider Coordinator,ST013,Evening,55,5
EMP02144,Rider Coordinator,ST100,Morning,46,6
EMP01986,Store Associate,ST076,Evening,59,4
EMP01024,Store Associate,ST042,Afternoon,56,6
EMP02315,Store Associate,ST056,Afternoon,45,8
EMP02295,Packer,ST047,Night,49,8
EMP00517,Store Associate,ST040,Night,47,3
EMP00054,Supervisor,ST031,Afternoon,64,4
EMP00135,Store Associate,ST087,Night,42,4
EMP00727,Store Associate,ST024,Night,57,5
EMP01153,Store Associate,ST064,Morning,50,3
EMP01771,Picker,ST080,Night,31,4
EMP00281,Packer,ST094,Evening,63,6
EMP00166,Picker,ST071,Evening,55,7
EMP01172,Supervisor,ST042,Afternoon,34,3
EMP02412,Picker,ST015,Afternoon,51,6
EMP01475,Rider Coordinator,ST046,Afternoon,43,11
EMP01443,Rider Coordinator,ST026,Evening,53,10
EMP00648,Picker,ST092,Night,46,6
EMP00790,Store Associate,ST020,Afternoon,51,5
EMP00154,Packer,ST100,Evening,46,5
EMP01620,Packer,ST055,Afternoon,57,4
EMP00868,Picker,ST077,Evening,45,3
EMP01731,Store Associate,ST043,Morning,53,8
EMP02436,Picker,ST042,Evening,47,6
EMP00610,Store Associate,ST052,Evening,61,14
EMP00496,Supervisor,ST099,Evening,33,2
EMP02009,Packer,ST024,Morning,46,11
EMP02078,Picker,ST013,Afternoon,46,7
EMP00063,Store Associate,ST022,Evening,48,9
EMP00873,Store Associate,ST054,Night,41,9
EMP00072,Supervisor,ST051,Morning,61,7
EMP00932,Packer,ST034,Afternoon,34,5
EMP01485,Picker,ST093,Night,60,6
EMP00575,Store Associate,ST014,Morning,43,7
EMP01038,Picker,ST057,Morning,46,7
EMP00732,Store Associate,ST081,Afternoon,37,7
EMP01971,Picker,ST094,Afternoon,55,8
EMP01405,Picker,ST043,Afternoon,51,7
EMP00005,Packer,ST093,Morning,41,9
EMP01780,Picker,ST056,Evening,51,8
EMP01394,Packer,ST008,Night,47,6
EMP01499,Store Associate,ST092,Evening,39,4
EMP01314,Packer,ST043,Morning,45,4
EMP01794,Picker,ST084,Afternoon,40,3
EMP00186,Packer,ST052,Night,43,5
EMP00620,Store Associate,ST006,Morning,57,6
EMP00011,Rider Coordinator,ST030,Night,48,8
EMP01436,Picker,ST061,Morning,46,3
EMP01379,Picker,ST019,Afternoon,51,6
EMP02465,Rider Coordinator,ST016,Morning,44,4
EMP00933,Store Associate,ST094,Afternoon,53,4
EMP01393,Supervisor,ST095,Evening,39,0
EMP00998,Store Associate,ST033,Evening,51,1
EMP02454,Picker,ST069,Afternoon,61,7
EMP00005,Rider Coordinator,ST058,Afternoon,48,11
EMP02294,Picker,ST001,Morning,49,7
EMP00508,Picker,ST056,Morning,48,6
EMP01115,Picker,ST072,Afternoon,45,9
EMP00888,Packer,ST094,Afternoon,59,5
EMP02075,Store Associate,ST075,Evening,35,10
EMP00537,Store Associate,ST051,Afternoon,46,11
EMP01949,Store Associate,ST099,Evening,43,3
EMP02070,Rider Coordinator,ST080,Afternoon,44,9
EMP01102,Picker,ST066,Night,51,8
EMP01811,Picker,ST049,Morning,44,6
EMP01317,Picker,ST082,Evening,51,7
EMP01209,Picker,ST045,Evening,58,1
EMP00484,Store Associate,ST044,Evening,37,7
EMP00983,Picker,ST081,Afternoon,51,8
EMP01572,Store Associate,ST077,Evening,53,7
EMP00300,Rider Coordinator,ST032,Afternoon,48,5
EMP00274,Picker,ST002,Night,43,1
EMP00923,Supervisor,ST063,Afternoon,56,7
EMP00658,Picker,ST002,Morning,59,4
EMP01955,Supervisor,ST002,Afternoon,49,6
EMP01382,Picker,ST065,Afternoon,48,6
EMP00420,Packer,ST024,Morning,41,8
EMP01284,Store Associate,ST057,Evening,51,7
EMP02187,Store Associate,ST001,Night,49,8
EMP01185,Packer,ST013,Evening,46,5
EMP01401,Packer,ST067,Night,45,6
EMP01643,Supervisor,ST009,Afternoon,63,12
EMP01202,Store Associate,ST053,Afternoon,46,6
EMP00178,Picker,ST094,Afternoon,38,11
EMP01092,Store Associate,ST015,Afternoon,48,6
EMP00127,Picker,ST051,Morning,53,13
EMP01242,Picker,ST055,Afternoon,48,8
EMP01543,Store Associate,ST090,Morning,48,9
EMP00536,Picker,ST032,Afternoon,49,4
EMP00886,Store Associate,ST079,Evening,49,4
EMP01168,Store Associate,ST081,Night,44,6
EMP02017,Picker,ST098,Morning,52,7
EMP00438,Store Associate,ST066,Evening,59,5
EMP00279,Store Associate,ST057,Evening,47,7
EMP00006,Store Associate,ST021,Morning,30,8
EMP01166,Picker,ST035,Afternoon,47,8
EMP00754,Packer,ST040,Afternoon,48,2
EMP01312,Picker,ST069,Night,54,11
EMP00022,Store Associate,ST065,Evening,57,2
EMP01320,Rider Coordinator,ST014,Evening,61,8
EMP01932,Packer,ST044,Morning,49,10
EMP01785,Rider Coordinator,ST091,Evening,39,1
EMP00717,Store Associate,ST090,Evening,53,4
EMP02400,Picker,ST061,Evening,49,3
EMP02251,Picker,ST077,Morning,56,6
EMP02433,Picker,ST029,Afternoon,48,13
EMP00804,Picker,ST066,Morning,47,3
EMP01084,Picker,ST026,Evening,57,8
EMP01714,Packer,ST015,Morning,63,9
EMP01120,Store Associate,ST050,Evening,56,5
EMP00511,Store Associate,ST093,Afternoon,48,4
EMP00270,Supervisor,ST013,Night,58,4
EMP00966,Packer,ST089,Afternoon,50,9
EMP00944,Store Associate,ST092,Afternoon,49,5
EMP02058,Packer,ST020,Evening,37,7
EMP01090,Supervisor,ST007,Evening,49,8
EMP01339,Picker,ST068,Evening,50,6
EMP01637,Supervisor,ST099,Morning,56,4
EMP00053,Store Associate,ST003,Evening,56,8
EMP00660,Store Associate,ST068,Evening,51,5
EMP00600,Picker,ST052,Morning,51,6
EMP01935,Picker,ST098,Night,47,11
EMP00173,Store Associate,ST013,Afternoon,51,9
EMP01663,Picker,ST060,Afternoon,50,6
EMP01678,Store Associate,ST071,Night,58,3
EMP01441,Packer,ST050,Afternoon,51,2
EMP00847,Rider Coordinator,ST089,Evening,48,9
EMP00315,Picker,ST041,Evening,46,3
EMP01616,Rider Coordinator,ST081,Afternoon,51,5
EMP00408,Store Associate,ST071,Night,49,4
EMP00478,Store Associate,ST021,Afternoon,47,8
EMP00619,Rider Coordinator,ST035,Morning,49,1
EMP01917,Store Associate,ST050,Afternoon,40,9
EMP00170,Picker,ST035,Evening,52,4
EMP02275,Picker,ST075,Night,53,4
EMP02196,Rider Coordinator,ST081,Evening,40,7
EMP02424,Picker,ST090,Evening,52,6
EMP00725,Packer,ST063,Evening,56,6
EMP00060,Packer,ST037,Afternoon,36,2
EMP02234,Store Associate,ST067,Afternoon,48,4
EMP01105,Packer,ST093,Afternoon,42,5
EMP01187,Store Associate,ST070,Afternoon,44,10
EMP00166,Store Associate,ST062,Night,53,6
EMP00598,Store Associate,ST011,Morning,54,2
EMP00758,Picker,ST011,Afternoon,56,9
EMP00149,Picker,ST023,Evening,54,4
EMP00999,Picker,ST094,Morning,53,5
EMP01751,Packer,ST003,Morning,46,1
EMP02161,Supervisor,ST039,Evening,46,7
EMP00671,Store Associate,ST043,Afternoon,43,4
EMP02339,Store Associate,ST051,Morning,46,6
EMP00681,Store Associate,ST007,Afternoon,46,5
EMP01691,Store Associate,ST063,Afternoon,49,3
EMP01308,Store Associate,ST075,Afternoon,52,10
EMP01440,Packer,ST054,Afternoon,43,3
EMP01034,Picker,ST018,Evening,34,9
EMP00630,Rider Coordinator,ST093,Evening,47,5
EMP02302,Packer,ST032,Evening,39,5
EMP00087,Picker,ST042,Evening,47,6
EMP00645,Picker,ST074,Morning,50,10
EMP01091,Picker,ST062,Morning,59,7
EMP01481,Rider Coordinator,ST039,Evening,62,3
EMP00982,Store Associate,ST051,Evening,60,7
EMP00064,Store Associate,ST043,Afternoon,43,4
EMP00698,Picker,ST039,Morning,59,7
EMP00705,Picker,ST048,Morning,51,5
EMP00916,Store Associate,ST019,Afternoon,33,10
EMP01219,Store Associate,ST030,Evening,53,6
EMP00902,Picker,ST021,Evening,57,8
EMP02299,Picker,ST021,Evening,49,6
EMP01771,Picker,ST025,Afternoon,47,8
EMP00612,Packer,ST039,Night,44,5
EMP01039,Store Associate,ST051,Morning,58,9
EMP01401,Packer,ST008,Afternoon,36,6
EMP01690,Store Associate,ST038,Evening,58,3
EMP00393,Rider Coordinator,ST021,Evening,43,5
EMP01901,Store Associate,ST073,Evening,38,2
EMP02142,Supervisor,ST025,Evening,51,8
EMP00495,Packer,ST045,Morning,59,6
EMP00427,Picker,ST092,Morning,46,7
EMP02214,Supervisor,ST024,Evening,44,6
EMP00575,Packer,ST089,Evening,63,4
EMP01134,Picker,ST074,Evening,49,3
EMP00572,Packer,ST043,Night,56,5
EMP00029,Picker,ST073,Afternoon,60,8
EMP00800,Supervisor,ST051,Morning,51,6
EMP02200,Packer,ST097,Afternoon,48,4
EMP00850,Packer,ST069,Morning,55,3
EMP00969,Packer,ST065,Afternoon,42,5
EMP02140,Packer,ST003,Morning,43,7
EMP00691,Packer,ST020,Evening,48,6
EMP00271,Supervisor,ST020,Afternoon,47,12
EMP01892,Store Associate,ST027,Morning,43,6
EMP00559,Store Associate,ST026,Evening,55,2
EMP00761,Rider Coordinator,ST030,Night,47,2
EMP01806,Picker,ST002,Morning,49,12
EMP01135,Store Associate,ST046,Evening,50,10
EMP00866,Supervisor,ST081,Morning,50,5
EMP02057,Picker,ST059,Evening,57,6
EMP00302,Picker,ST035,Afternoon,51,5
EMP01196,Picker,ST095,Afternoon,52,7
EMP01671,Store Associate,ST089,Evening,50,6
EMP01297,Picker,ST049,Evening,56,7
EMP02330,Picker,ST068,Evening,57,7
EMP01759,Store Associate,ST095,Evening,42,7
EMP01257,Picker,ST022,Morning,45,7
EMP01439,Rider Coordinator,ST014,Afternoon,43,8
EMP01226,Store Associate,ST006,Morning,46,5
EMP01905,Supervisor,ST018,Morning,46,4
EMP00920,Packer,ST009,Evening,40,9
EMP00116,Store Associate,ST032,Night,54,5
EMP01222,Packer,ST019,Afternoon,47,6
EMP00131,Packer,ST065,Evening,52,6
EMP00257,Packer,ST087,Afternoon,52,5
EMP02073,Store Associate,ST022,Evening,55,5
EMP01011,Store Associate,ST080,Morning,60,5
EMP00558,Store Associate,ST053,Afternoon,46,4
EMP02400,Store Associate,ST089,Morning,55,6
EMP01092,Packer,ST049,Night,42,6
EMP01130,Store Associate,ST068,Night,43,3
EMP01620,Store Associate,ST079,Evening,32,4
EMP00446,Picker,ST095,Night,36,5
EMP00272,Supervisor,ST014,Morning,44,8
EMP00821,Supervisor,ST048,Afternoon,42,5
EMP00392,Rider Coordinator,ST019,Evening,48,3
EMP02206,Supervisor,ST009,Evening,51,13
EMP01637,Store Associate,ST056,Morning,47,6
EMP01391,Packer,ST016,Afternoon,55,7
EMP00946,Store Associate,ST004,Evening,55,8
EMP00013,Supervisor,ST070,Evening,53,12
EMP00775,Picker,ST048,Afternoon,46,8
EMP02229,Packer,ST048,Evening,50,2
EMP01186,Store Associate,ST004,Evening,45,10
EMP00828,Packer,ST082,Evening,43,5
EMP01035,Picker,ST015,Night,55,7
EMP00266,Store Associate,ST054,Night,42,4
EMP00606,Picker,ST022,Afternoon,56,7
EMP00680,Packer,ST033,Afternoon,35,6
EMP01552,Store Associate,ST094,Afternoon,29,6
EMP01607,Picker,ST032,Morning,55,8
EMP01750,Picker,ST029,Evening,51,3
EMP01859,Picker,ST018,Afternoon,46,5
EMP00907,Store Associate,ST063,Morning,46,5
EMP01797,Picker,ST041,Morning,38,5
EMP00609,Picker,ST064,Night,41,7
EMP02406,Rider Coordinator,ST006,Morning,43,4
EMP01759,Picker,ST060,Evening,64,5
EMP00321,Packer,ST006,Morning,60,8
EMP00772,Store Associate,ST048,Evening,46,8
EMP01407,Supervisor,ST045,Evening,49,5
EMP00869,Picker,ST045,Afternoon,37,5
EMP00067,Supervisor,ST097,Morning,56,7
EMP01613,Store Associate,ST098,Morning,35,5
EMP02001,Rider Coordinator,ST088,Morning,45,7
EMP00323,Picker,ST013,Night,44,5
EMP00674,Picker,ST051,Morning,50,10
EMP00638,Packer,ST080,Evening,42,7
EMP01484,Store Associate,ST063,Afternoon,52,3
EMP02001,Picker,ST075,Evening,63,6
EMP00099,Picker,ST019,Night,53,7
EMP00737,Supervisor,ST038,Afternoon,47,7
EMP00986,Packer,ST073,Night,47,8
EMP01237,Packer,ST007,Evening,39,0
EMP02458,Packer,ST030,Night,37,2
EMP00249,Picker,ST069,Night,45,7
EMP01319,Packer,ST058,Evening,41,5
EMP00561,Supervisor,ST088,Evening,43,2
EMP00188,Supervisor,ST071,Night,49,10
EMP01482,Packer,ST040,Morning,45,4
EMP02352,Packer,ST064,Afternoon,54,3
EMP01075,Store Associate,ST099,Afternoon,50,8
EMP00280,Supervisor,ST027,Night,52,6
EMP00197,Packer,ST096,Evening,51,7
EMP01421,Packer,ST007,Afternoon,63,5
EMP02459,Picker,ST086,Evening,49,5
EMP00165,Store Associate,ST017,Afternoon,47,4
EMP01616,Store Associate,ST020,Afternoon,51,5
EMP00515,Picker,ST052,Morning,54,8
EMP01832,Supervisor,ST048,Evening,44,11
EMP01815,Packer,ST007,Evening,58,5
EMP02435,Picker,ST100,Afternoon,35,4
EMP01109,Packer,ST052,Morning,45,4
EMP01910,Store Associate,ST050,Afternoon,46,3
EMP01275,Rider Coordinator,ST069,Morning,58,5
EMP01200,Picker,ST026,Morning,49,11
EMP01304,Store Associate,ST048,Morning,46,6
EMP01513,Packer,ST010,Afternoon,46,7
EMP02288,Picker,ST018,Afternoon,42,4
EMP01918,Picker,ST099,Night,48,6
EMP02492,Picker,ST065,Morning,55,3
EMP01061,Packer,ST096,Evening,44,7
EMP02229,Packer,ST030,Evening,42,5
EMP00379,Packer,ST043,Night,53,8
EMP00713,Packer,ST024,Night,39,7
EMP00469,Packer,ST090,Evening,50,7
EMP00975,Store Associate,ST056,Evening,60,2
EMP02193,Picker,ST072,Morning,47,3
EMP01741,Packer,ST012,Evening,42,5
EMP01560,Supervisor,ST014,Afternoon,44,5
EMP00568,Picker,ST065,Afternoon,46,7
EMP02365,Picker,ST078,Afternoon,45,7
EMP02336,Picker,ST046,Afternoon,44,8
EMP00742,Packer,ST079,Morning,48,8
EMP01535,Packer,ST081,Afternoon,48,6
EMP01972,Supervisor,ST020,Evening,49,5
EMP01090,Packer,ST047,Evening,47,3
EMP00237,Rider Coordinator,ST087,Evening,47,5
EMP01638,Store Associate,ST042,Morning,37,6
EMP02364,Store Associate,ST008,Evening,41,5
EMP00596,Picker,ST065,Afternoon,60,5
EMP01818,Rider Coordinator,ST004,Morning,56,6
EMP02153,Picker,ST066,Evening,40,6
EMP01834,Store Associate,ST037,Evening,52,9
EMP02377,Picker,ST025,Afternoon,41,7
EMP00602,Picker,ST045,Night,50,5
EMP02133,Rider Coordinator,ST094,Evening,50,4
EMP01051,Packer,ST073,Evening,43,13
EMP02323,Store Associate,ST027,Afternoon,48,5
EMP01083,Store Associate,ST044,Evening,48,4
EMP01177,Picker,ST079,Evening,42,10
EMP01959,Picker,ST095,Night,55,4
EMP00756,Rider Coordinator,ST007,Evening,48,6
EMP00020,Store Associate,ST094,Afternoon,36,1
EMP00758,Picker,ST099,Afternoon,55,8
EMP01392,Packer,ST018,Evening,44,10
EMP02026,Picker,ST099,Morning,44,8
EMP00225,Supervisor,ST027,Afternoon,46,7
EMP00008,Picker,ST069,Morning,44,6
EMP02152,Supervisor,ST091,Afternoon,58,5
EMP00630,Store Associate,ST047,Morning,55,8
EMP00190,Packer,ST084,Evening,40,6
EMP00281,Picker,ST003,Afternoon,38,1
EMP01416,Packer,ST046,Evening,49,3
EMP01062,Picker,ST050,Evening,37,4
EMP00035,Picker,ST054,Evening,56,5
EMP01386,Packer,ST013,Afternoon,59,2
EMP00048,Packer,ST055,Afternoon,56,1
EMP00926,Picker,ST057,Morning,51,8
EMP01324,Supervisor,ST005,Night,56,6
EMP02199,Store Associate,ST036,Evening,48,4
EMP01130,Store Associate,ST007,Evening,42,5
EMP01091,Picker,ST061,Night,49,6
EMP00261,Supervisor,ST074,Evening,39,7
EMP01729,Packer,ST082,Morning,43,8
EMP00980,Rider Coordinator,ST004,Afternoon,43,7
EMP01425,Store Associate,ST068,Evening,49,5
EMP01003,Store Associate,ST012,Morning,50,6
EMP02452,Packer,ST011,Evening,54,6
EMP01048,Picker,ST034,Evening,48,5
EMP02167,Store Associate,ST070,Evening,48,3
EMP00456,Picker,ST041,Evening,45,5
EMP00689,Picker,ST058,Afternoon,47,10
EMP00505,Store Associate,ST034,Afternoon,43,2
EMP02152,Store Associate,ST081,Evening,42,9
EMP00382,Packer,ST039,Evening,56,8
EMP00565,Store Associate,ST078,Morning,44,6
EMP02265,Store Associate,ST068,Evening,50,8
EMP00058,Store Associate,ST091,Morning,53,5
EMP02390,Picker,ST074,Afternoon,41,8
EMP01030,Picker,ST032,Morning,32,3
EMP00326,Picker,ST059,Night,51,9
EMP00232,Packer,ST020,Night,30,6
EMP00027,Packer,ST029,Evening,42,2
EMP01066,Picker,ST087,Afternoon,44,10
EMP02146,Store Associate,ST038,Night,52,7
EMP01135,Picker,ST044,Evening,52,5
EMP00530,Store Associate,ST041,Afternoon,62,5
EMP02038,Store Associate,ST065,Evening,52,8
EMP00112,Picker,ST062,Evening,40,5
EMP02213,Packer,ST025,Afternoon,54,5
EMP01519,Picker,ST077,Evening,45,5
EMP01318,Packer,ST018,Evening,42,6
EMP02261,Store Associate,ST053,Evening,43,8
EMP02207,Picker,ST043,Afternoon,50,1
EMP00418,Picker,ST016,Afternoon,45,8
EMP00308,Store Associate,ST037,Afternoon,40,10
EMP01389,Picker,ST003,Afternoon,44,7
EMP01508,Store Associate,ST076,Evening,37,10
EMP01569,Store Associate,ST016,Evening,51,6
EMP00163,Store Associate,ST060,Morning,36,5
EMP00271,Store Associate,ST046,Evening,37,5
EMP00130,Rider Coordinator,ST006,Night,55,4
EMP00816,Packer,ST070,Afternoon,45,7
EMP00711,Store Associate,ST095,Morning,43,6
EMP00996,Packer,ST059,Evening,53,5
EMP00395,Store Associate,ST035,Afternoon,46,2
EMP00336,Picker,ST014,Afternoon,42,5
EMP00411,Packer,ST032,Night,48,6
EMP00675,Store Associate,ST014,Morning,47,6
EMP02464,Store Associate,ST088,Afternoon,38,8
EMP01356,Packer,ST054,Evening,38,3
EMP00013,Picker,ST036,Morning,67,8
EMP01865,Picker,ST042,Night,49,12
EMP01965,Supervisor,ST042,Evening,59,5
EMP02150,Supervisor,ST032,Evening,51,6
EMP00519,Picker,ST018,Afternoon,43,6
EMP01758,Store Associate,ST060,Morning,57,3
EMP01152,Store Associate,ST043,Evening,43,8
EMP01684,Supervisor,ST029,Afternoon,47,9
EMP01597,Picker,ST006,Afternoon,43,7
EMP00439,Store Associate,ST037,Night,29,6
EMP01878,Picker,ST029,Evening,44,6
EMP02378,Store Associate,ST027,Evening,44,4
EMP00335,Store Associate,ST049,Afternoon,52,7
EMP02333,Picker,ST032,Morning,45,4
EMP01783,Store Associate,ST088,Night,49,4
EMP01321,Packer,ST099,Afternoon,52,5
EMP02070,Rider Coordinator,ST027,Night,50,5
EMP01795,Rider Coordinator,ST015,Evening,40,11
EMP01182,Store Associate,ST080,Night,46,12
EMP00101,Store Associate,ST009,Afternoon,55,13
EMP00774,Picker,ST032,Morning,48,4
EMP02149,Picker,ST072,Afternoon,38,8
EMP02241,Picker,ST040,Morning,48,9
EMP00951,Picker,ST086,Evening,46,3
EMP00983,Packer,ST099,Evening,42,8
EMP00203,Rider Coordinator,ST073,Evening,34,3
EMP00089,Picker,ST071,Evening,47,8
EMP01583,Packer,ST062,Evening,53,5
EMP02434,Rider Coordinator,ST081,Afternoon,33,3
EMP01828,Packer,ST060,Afternoon,52,5
EMP01304,Picker,ST093,Morning,43,4
EMP00325,Packer,ST062,Evening,40,2
EMP02066,Store Associate,ST097,Morning,50,9
EMP01850,Store Associate,ST004,Afternoon,61,8
EMP01223,Store Associate,ST080,Afternoon,55,1
EMP00691,Store Associate,ST071,Morning,46,9
EMP00496,Picker,ST043,Afternoon,53,2
EMP01356,Supervisor,ST022,Morning,49,5
EMP02488,Store Associate,ST009,Afternoon,47,6
EMP01740,Picker,ST027,Afternoon,49,4
EMP00305,Packer,ST038,Evening,50,1
EMP02182,Picker,ST100,Evening,46,6
EMP00377,Supervisor,ST014,Afternoon,51,3
EMP02024,Store Associate,ST079,Afternoon,51,7
EMP00312,Supervisor,ST046,Afternoon,43,6
EMP00593,Store Associate,ST080,Afternoon,41,8
EMP00193,Picker,ST042,Afternoon,36,5
EMP01561,Rider Coordinator,ST090,Afternoon,53,3
EMP00870,Picker,ST063,Morning,49,4
EMP02353,Picker,ST094,Evening,51,3
EMP00813,Picker,ST074,Night,47,8
EMP00962,Store Associate,ST081,Afternoon,39,6
EMP00033,Picker,ST075,Evening,53,5
EMP01367,Rider Coordinator,ST062,Morning,53,6
EMP02111,Store Associate,ST003,Night,65,5
EMP00471,Packer,ST012,Night,44,3
EMP00134,Rider Coordinator,ST025,Morning,46,5
EMP02059,Store Associate,ST062,Night,49,6
EMP00385,Rider Coordinator,ST010,Evening,42,3
EMP01959,Picker,ST046,Evening,48,2
EMP00737,Picker,ST063,Afternoon,62,4
EMP01010,Store Associate,ST057,Afternoon,50,10
EMP00962,Supervisor,ST023,Evening,52,6
EMP01958,Store Associate,ST029,Evening,55,4
EMP01802,Store Associate,ST025,Afternoon,47,8
EMP00084,Picker,ST027,Morning,49,4
EMP01841,Picker,ST068,Evening,43,10
EMP00152,Rider Coordinator,ST060,Morning,60,6
EMP01112,Picker,ST047,Morning,44,5
EMP00828,Packer,ST047,Morning,72,6
EMP01931,Picker,ST078,Evening,53,6
EMP00247,Packer,ST005,Afternoon,43,4
EMP02128,Picker,ST023,Night,56,5
EMP01982,Picker,ST028,Afternoon,62,3
EMP01285,Packer,ST069,Evening,43,5
EMP00313,Packer,ST035,Morning,53,10
EMP00745,Packer,ST081,Evening,49,6
EMP01398,Picker,ST063,Morning,62,5
EMP01820,Rider Coordinator,ST036,Evening,61,7
EMP00426,Picker,ST091,Afternoon,48,8
EMP01736,Picker,ST049,Evening,42,2
EMP00406,Store Associate,ST089,Evening,46,9
EMP01245,Rider Coordinator,ST084,Evening,55,6
EMP01459,Rider Coordinator,ST084,Night,53,10
EMP00248,Picker,ST053,Afternoon,49,5
EMP01150,Store Associate,ST020,Evening,57,4
EMP00584,Picker,ST018,Afternoon,55,4
EMP00946,Picker,ST048,Evening,60,4
EMP02195,Store Associate,ST068,Afternoon,58,8
EMP01495,Store Associate,ST055,Evening,42,9
EMP01628,Picker,ST038,Evening,56,5
EMP01399,Packer,ST042,Afternoon,43,6
EMP00340,Store Associate,ST098,Morning,33,1
EMP01674,Packer,ST025,Afternoon,52,7
EMP00979,Rider Coordinator,ST064,Evening,32,13
EMP00197,Picker,ST054,Afternoon,47,10
EMP01842,Picker,ST031,Afternoon,49,5
EMP01672,Store Associate,ST035,Afternoon,43,6
EMP01799,Store Associate,ST073,Evening,47,9
EMP02122,Packer,ST028,Morning,49,7
EMP00382,Rider Coordinator,ST083,Evening,40,4
EMP02184,Supervisor,ST094,Evening,40,10
EMP00510,Packer,ST078,Evening,43,4
EMP00504,Picker,ST062,Afternoon,52,5
EMP02411,Packer,ST094,Night,52,4
EMP00750,Store Associate,ST016,Afternoon,38,6
EMP02315,Store Associate,ST080,Afternoon,45,4
EMP01551,Picker,ST050,Evening,50,5
EMP00549,Store Associate,ST091,Afternoon,51,6
EMP00311,Store Associate,ST002,Evening,45,6
EMP01827,Store Associate,ST078,Evening,47,6
EMP02254,Store Associate,ST042,Afternoon,55,5
EMP01025,Store Associate,ST002,Morning,43,5
EMP00366,Supervisor,ST046,Afternoon,43,12
EMP02279,Rider Coordinator,ST085,Afternoon,37,8
EMP00503,Rider Coordinator,ST079,Afternoon,63,3
EMP02025,Supervisor,ST073,Morning,38,2
EMP00802,Store Associate,ST032,Night,57,10
EMP02098,Packer,ST010,Evening,52,5
EMP01877,Packer,ST097,Evening,54,4
EMP01570,Store Associate,ST085,Morning,49,1
EMP01590,Rider Coordinator,ST031,Morning,58,10
EMP00224,Picker,ST039,Evening,45,4
EMP00344,Picker,ST041,Evening,44,6
EMP01708,Store Associate,ST035,Evening,52,10
EMP01877,Picker,ST055,Evening,57,8
EMP01872,Picker,ST006,Morning,50,7
EMP02381,Picker,ST030,Afternoon,52,8
EMP02157,Picker,ST022,Morning,46,4
EMP01145,Supervisor,ST055,Morning,52,4
EMP01578,Packer,ST048,Evening,37,7
EMP01698,Packer,ST093,Evening,55,6
EMP01563,Picker,ST039,Evening,48,9
EMP02198,Rider Coordinator,ST084,Night,44,5
EMP02430,Picker,ST073,Afternoon,38,12
EMP00631,Supervisor,ST030,Night,61,5
EMP00488,Picker,ST051,Night,45,3
EMP00880,Supervisor,ST092,Evening,48,2
EMP00320,Supervisor,ST082,Afternoon,57,4
EMP02221,Packer,ST050,Afternoon,45,9
EMP00150,Picker,ST062,Morning,56,9
EMP01395,Packer,ST028,Afternoon,41,3
EMP01432,Supervisor,ST018,Morning,42,5
EMP02355,Picker,ST004,Afternoon,48,6
EMP01810,Store Associate,ST028,Evening,48,10
EMP00415,Store Associate,ST094,Evening,50,7
EMP00629,Packer,ST068,Evening,47,8
EMP00540,Rider Coordinator,ST096,Evening,49,8
EMP01762,Store Associate,ST011,Night,31,1
EMP01197,Picker,ST021,Afternoon,37,5
EMP02339,Packer,ST069,Evening,43,7
EMP01695,Rider Coordinator,ST056,Morning,50,0
EMP01569,Packer,ST053,Morning,56,10
EMP00286,Supervisor,ST023,Morning,46,8
EMP02432,Rider Coordinator,ST076,Morning,55,8
EMP01244,Picker,ST010,Afternoon,51,4
EMP00839,Packer,ST078,Night,44,7
EMP00556,Picker,ST096,Evening,45,3
EMP00908,Packer,ST050,Evening,49,8
EMP02113,Picker,ST060,Morning,52,9
EMP00296,Store Associate,ST025,Afternoon,56,7
EMP01043,Picker,ST091,Afternoon,58,5
EMP00696,Rider Coordinator,ST046,Evening,53,1
EMP01522,Store Associate,ST063,Morning,50,7
EMP01076,Supervisor,ST086,Evening,46,5
EMP00063,Picker,ST022,Evening,46,5
EMP00182,Packer,ST098,Afternoon,32,3
EMP02080,Rider Coordinator,ST041,Morning,47,10
EMP00014,Picker,ST096,Afternoon,48,6
EMP00464,Store Associate,ST027,Evening,41,8
EMP01065,Picker,ST027,Morning,40,2
EMP01240,Picker,ST043,Morning,37,4
EMP01979,Store Associate,ST064,Evening,53,6
EMP01468,Picker,ST018,Evening,63,9
EMP01034,Store Associate,ST093,Afternoon,46,9
EMP02144,Picker,ST021,Evening,53,4
EMP01667,Rider Coordinator,ST054,Evening,47,5
EMP00681,Rider Coordinator,ST023,Evening,49,6
EMP01433,Supervisor,ST089,Evening,56,8
EMP02354,Packer,ST074,Afternoon,50,2
EMP01468,Rider Coordinator,ST010,Afternoon,48,5
EMP01724,Picker,ST069,Evening,39,9
EMP00490,Rider Coordinator,ST018,Morning,53,11
EMP00971,Packer,ST023,Evening,40,2
EMP01996,Picker,ST092,Evening,44,9
EMP02267,Rider Coordinator,ST070,Afternoon,42,3
EMP02006,Rider Coordinator,ST028,Morning,47,10
EMP00514,Packer,ST043,Evening,35,5
EMP00192,Picker,ST075,Night,43,9
EMP01013,Packer,ST044,Evening,37,5
EMP00057,Picker,ST091,Afternoon,30,3
EMP02061,Picker,ST086,Evening,42,3
EMP00874,Supervisor,ST041,Afternoon,47,6
EMP00633,Store Associate,ST036,Evening,52,6
EMP02209,Rider Coordinator,ST069,Evening,53,4
EMP01320,Packer,ST084,Morning,69,12
EMP00696,Picker,ST052,Afternoon,46,9
EMP00409,Packer,ST023,Night,38,6
EMP01589,Picker,ST053,Night,51,6
EMP01071,Packer,ST052,Morning,39,6
EMP01841,Packer,ST015,Evening,43,4
EMP02330,Packer,ST084,Afternoon,43,11
EMP02183,Picker,ST077,Morning,48,1
EMP00460,Store Associate,ST055,Evening,44,4
EMP01807,Store Associate,ST006,Evening,40,8
EMP01139,Packer,ST017,Evening,51,9
EMP00550,Store Associate,ST067,Afternoon,54,8
EMP01819,Store Associate,ST026,Night,45,7
EMP01880,Store Associate,ST041,Morning,52,6
EMP02003,Rider Coordinator,ST064,Evening,44,4
EMP01998,Store Associate,ST081,Night,48,5
EMP01354,Store Associate,ST094,Evening,45,4
EMP01730,Packer,ST042,Evening,41,7
EMP00908,Packer,ST084,Evening,49,9
EMP01006,Store Associate,ST075,Afternoon,52,5
EMP00127,Store Associate,ST026,Afternoon,48,7
EMP02376,Picker,ST015,Morning,50,6
EMP00822,Packer,ST044,Evening,55,3
EMP00419,Picker,ST056,Evening,60,4
EMP01270,Store Associate,ST065,Evening,51,7
EMP02321,Packer,ST011,Afternoon,44,7
EMP00903,Store Associate,ST022,Evening,46,5
EMP01072,Rider Coordinator,ST005,Evening,62,3
EMP00888,Supervisor,ST076,Evening,59,3
EMP02137,Store Associate,ST056,Afternoon,31,6
EMP01145,Store Associate,ST041,Evening,39,4
EMP02243,Store Associate,ST018,Night,46,11
EMP01539,Store Associate,ST059,Morning,48,6
EMP01002,Packer,ST010,Evening,48,6
EMP00814,Picker,ST025,Morning,47,4
EMP01281,Picker,ST074,Evening,44,4
EMP00446,Picker,ST016,Morning,48,7
EMP00111,Rider Coordinator,ST051,Night,56,9
EMP00332,Rider Coordinator,ST071,Morning,61,4
EMP00997,Picker,ST099,Evening,46,10
EMP01234,Store Associate,ST085,Evening,52,5
EMP00581,Store Associate,ST052,Afternoon,64,8
EMP01217,Rider Coordinator,ST090,Evening,46,3
EMP00277,Picker,ST082,Morning,45,6
EMP02060,Picker,ST044,Night,45,5
EMP00960,Store Associate,ST066,Evening,53,5
EMP01699,Supervisor,ST089,Afternoon,45,7
EMP00360,Picker,ST083,Morning,50,5
EMP01570,Store Associate,ST037,Afternoon,46,9
EMP00461,Supervisor,ST080,Evening,48,7
EMP01621,Supervisor,ST082,Afternoon,39,3
EMP01404,Picker,ST002,Morning,42,8
EMP00955,Picker,ST049,Evening,52,8
EMP02154,Picker,ST063,Evening,55,6
EMP01709,Packer,ST075,Night,50,5
EMP00470,Rider Coordinator,ST088,Morning,40,2
EMP01453,Picker,ST065,Night,38,8
EMP01307,Rider Coordinator,ST016,Night,47,1
EMP00253,Packer,ST085,Afternoon,45,3
EMP02224,Rider Coordinator,ST019,Evening,49,6
EMP01053,Store Associate,ST064,Evening,39,6
EMP00544,Supervisor,ST067,Morning,52,5
EMP02209,Packer,ST013,Evening,40,7
EMP00163,Picker,ST028,Afternoon,51,6
EMP01506,Picker,ST034,Evening,43,4
EMP00214,Picker,ST049,Evening,56,12
EMP01798,Rider Coordinator,ST007,Evening,53,5
EMP02452,Store Associate,ST042,Night,50,7
EMP02374,Picker,ST096,Evening,40,11
EMP02380,Picker,ST058,Afternoon,38,9
EMP01547,Picker,ST071,Night,64,7
EMP00142,Packer,ST017,Evening,53,4
EMP00603,Picker,ST065,Afternoon,54,5
EMP02387,Picker,ST087,Evening,52,3
EMP00843,Store Associate,ST053,Afternoon,56,2
EMP00200,Picker,ST003,Afternoon,43,3
EMP00505,Rider Coordinator,ST090,Night,51,4
EMP01717,Picker,ST064,Evening,45,6
EMP01885,Supervisor,ST066,Evening,49,4
EMP01812,Packer,ST056,Afternoon,42,12
EMP00596,Store Associate,ST001,Morning,45,10
EMP02290,Packer,ST020,Afternoon,49,8
EMP02434,Packer,ST049,Night,45,5
EMP02265,Picker,ST037,Evening,47,9
EMP01752,Picker,ST031,Afternoon,46,5
EMP00906,Store Associate,ST015,Night,53,5
EMP02331,Picker,ST070,Afternoon,51,3
EMP02010,Picker,ST016,Morning,50,5
EMP01600,Rider Coordinator,ST007,Afternoon,48,11
EMP02415,Store Associate,ST094,Morning,58,5
EMP00428,Picker,ST094,Night,53,8
EMP00630,Packer,ST069,Evening,51,7
EMP00095,Store Associate,ST020,Afternoon,58,8
EMP01170,Store Associate,ST031,Evening,46,10
EMP01928,Picker,ST044,Afternoon,48,11
EMP00669,Store Associate,ST087,Evening,42,6
EMP02224,Picker,ST064,Evening,48,11
EMP01954,Picker,ST020,Afternoon,55,5
EMP01796,Store Associate,ST003,Morning,48,4
EMP01271,Supervisor,ST047,Morning,45,5
EMP01072,Store Associate,ST088,Morning,47,4
EMP02078,Picker,ST028,Afternoon,35,7
EMP01098,Packer,ST065,Morning,32,3
EMP00679,Packer,ST082,Morning,49,11
EMP01076,Supervisor,ST048,Evening,43,6
EMP01220,Store Associate,ST098,Evening,40,2
EMP00255,Packer,ST083,Afternoon,59,7
EMP02267,Rider Coordinator,ST059,Evening,41,7
EMP00847,Packer,ST032,Evening,45,5
EMP00051,Supervisor,ST074,Afternoon,41,5
EMP00539,Packer,ST046,Morning,59,9
EMP02111,Store Associate,ST014,Evening,48,1
EMP02338,Store Associate,ST045,Morning,44,5
EMP00724,Picker,ST054,Night,40,4
EMP00990,Store Associate,ST059,Evening,55,11
EMP01012,Store Associate,ST018,Evening,43,8
EMP02164,Picker,ST093,Afternoon,48,0
EMP00628,Picker,ST012,Evening,44,6
EMP01668,Store Associate,ST080,Evening,47,4
EMP00272,Picker,ST093,Afternoon,46,5
EMP00741,Rider Coordinator,ST077,Evening,44,6
EMP01386,Picker,ST006,Evening,55,8
EMP00842,Picker,ST044,Evening,60,3
EMP00355,Store Associate,ST048,Evening,41,10
EMP00500,Packer,ST025,Evening,48,3
EMP00367,Picker,ST062,Evening,53,5
EMP02381,Rider Coordinator,ST082,Night,56,4
EMP01998,Picker,ST049,Evening,47,4
EMP02019,Store Associate,ST071,Afternoon,40,3
EMP02270,Picker,ST088,Night,58,7
EMP00077,Picker,ST062,Night,60,10
EMP02022,Picker,ST060,Night,42,6
EMP01256,Rider Coordinator,ST020,Evening,43,7
EMP01703,Picker,ST057,Night,64,6
EMP00199,Packer,ST077,Evening,54,8
EMP00530,Packer,ST080,Evening,37,9
EMP01572,Picker,ST022,Evening,44,3
EMP01533,Store Associate,ST049,Afternoon,45,6
EMP01159,Picker,ST068,Afternoon,50,4
EMP00215,Picker,ST044,Evening,46,5
EMP00447,Store Associate,ST045,Night,49,3
EMP01255,Picker,ST074,Afternoon,48,5
EMP01097,Picker,ST077,Night,48,6
EMP00973,Packer,ST041,Evening,56,6
EMP01329,Picker,ST094,Evening,43,6
EMP02281,Packer,ST073,Evening,40,9
EMP02002,Supervisor,ST007,Afternoon,44,4
EMP02417,Store Associate,ST093,Morning,53,7
EMP00809,Packer,ST044,Afternoon,49,6
EMP00818,Store Associate,ST098,Afternoon,52,3
EMP00788,Store Associate,ST052,Morning,35,3
EMP00964,Rider Coordinator,ST027,Evening,46,2
EMP02060,Store Associate,ST071,Morning,54,6
EMP01258,Picker,ST074,Afternoon,52,6
EMP00237,Picker,ST049,Evening,41,9
EMP00816,Packer,ST084,Morning,55,10
EMP00450,Picker,ST036,Evening,46,3
EMP00519,Picker,ST090,Afternoon,50,5
EMP01776,Store Associate,ST033,Morning,45,7
EMP01173,Picker,ST050,Night,54,5
EMP00597,Picker,ST057,Night,53,8
EMP00679,Picker,ST007,Evening,43,3
EMP00355,Picker,ST008,Evening,51,4
EMP00353,Picker,ST097,Evening,57,4
EMP00046,Picker,ST073,Morning,43,8
EMP01009,Store Associate,ST061,Evening,54,13
EMP02364,Store Associate,ST040,Afternoon,50,8
EMP00562,Picker,ST032,Morning,41,6
EMP01292,Rider Coordinator,ST080,Morning,56,9
EMP02148,Picker,ST097,Morning,48,3
EMP00359,Store Associate,ST074,Evening,52,2
EMP00185,Picker,ST038,Night,48,7
EMP01266,Store Associate,ST085,Evening,43,7
EMP02011,Rider Coordinator,ST028,Night,55,13
EMP01443,Store Associate,ST043,Morning,55,6
EMP00708,Store Associate,ST057,Evening,40,4
EMP00762,Store Associate,ST002,Afternoon,52,4
EMP02076,Supervisor,ST003,Afternoon,48,8
EMP02364,Packer,ST085,Afternoon,50,5
EMP01434,Supervisor,ST084,Morning,54,9
EMP01617,Packer,ST008,Morning,46,7
EMP02300,Picker,ST094,Afternoon,52,6
EMP01214,Store Associate,ST043,Afternoon,48,3
EMP00555,Picker,ST053,Evening,44,5
EMP01495,Packer,ST089,Evening,55,8
EMP02437,Store Associate,ST087,Night,50,7
EMP02437,Picker,ST047,Night,45,5
EMP01828,Picker,ST062,Afternoon,49,4
EMP01736,Packer,ST044,Night,43,4
EMP02003,Picker,ST099,Morning,44,3
EMP02283,Store Associate,ST069,Afternoon,61,3
EMP00332,Packer,ST018,Evening,55,7
EMP00683,Picker,ST085,Evening,56,7
EMP02403,Store Associate,ST086,Morning,50,4
EMP00774,Picker,ST082,Morning,36,9
EMP02381,Picker,ST005,Morning,38,6
EMP00757,Picker,ST051,Evening,43,8
EMP01973,Picker,ST006,Evening,50,9
EMP00687,Rider Coordinator,ST055,Evening,44,2
EMP01019,Picker,ST093,Evening,53,5
EMP00865,Picker,ST016,Morning,56,12
EMP00399,Rider Coordinator,ST079,Afternoon,48,5
EMP00708,Picker,ST078,Morning,50,4
EMP00005,Supervisor,ST082,Evening,46,6
EMP01668,Store Associate,ST093,Evening,36,10
EMP00828,Store Associate,ST017,Afternoon,37,7
EMP00234,Packer,ST044,Evening,48,7
EMP01789,Picker,ST094,Afternoon,43,5
EMP02161,Store Associate,ST009,Afternoon,50,7
EMP01308,Store Associate,ST020,Afternoon,45,8
EMP00300,Rider Coordinator,ST064,Evening,53,8
EMP00917,Packer,ST003,Afternoon,44,8
EMP02383,Packer,ST022,Morning,44,7
EMP00428,Picker,ST093,Morning,40,4
EMP02371,Rider Coordinator,ST099,Evening,43,9
EMP00661,Picker,ST044,Morning,51,7
EMP00992,Picker,ST065,Afternoon,46,4
EMP01203,Picker,ST099,Evening,49,6
EMP00925,Packer,ST061,Evening,56,7
EMP01887,Store Associate,ST025,Morning,52,7
EMP01403,Store Associate,ST071,Night,46,4
EMP01191,Supervisor,ST006,Night,53,6
EMP00632,Packer,ST089,Afternoon,49,4
EMP01631,Supervisor,ST090,Afternoon,55,8
EMP01158,Rider Coordinator,ST059,Evening,37,9
EMP01410,Packer,ST006,Afternoon,42,7
EMP01560,Picker,ST019,Morning,47,8
EMP01675,Picker,ST052,Evening,62,5
EMP00220,Picker,ST012,Night,43,14
EMP00453,Store Associate,ST015,Afternoon,40,7
EMP00865,Store Associate,ST005,Morning,54,7
EMP02009,Picker,ST015,Evening,55,4
EMP00301,Picker,ST074,Evening,54,1
EMP01931,Picker,ST059,Morning,43,5
EMP02309,Store Associate,ST082,Evening,50,5
EMP02448,Picker,ST071,Morning,54,10
EMP00253,Store Associate,ST064,Morning,48,6
EMP01389,Store Associate,ST040,Night,44,9
EMP00112,Store Associate,ST075,Morning,37,8
EMP00100,Supervisor,ST089,Night,40,6
EMP01422,Rider Coordinator,ST065,Morning,48,10
EMP01988,Picker,ST056,Evening,54,1
EMP01464,Rider Coordinator,ST099,Morning,38,8
EMP01449,Picker,ST008,Evening,48,3
EMP00352,Picker,ST036,Afternoon,57,4
EMP01450,Store Associate,ST045,Morning,68,10
EMP00715,Packer,ST029,Evening,56,9
EMP01546,Packer,ST041,Afternoon,43,7
EMP01692,Supervisor,ST059,Evening,41,3
EMP01562,Store Associate,ST076,Afternoon,47,6
EMP02154,Supervisor,ST054,Afternoon,47,4
EMP01852,Packer,ST083,Evening,49,5
EMP02072,Rider Coordinator,ST007,Afternoon,49,8
EMP00490,Store Associate,ST093,Evening,44,7
EMP02061,Picker,ST078,Evening,47,7
EMP00148,Picker,ST029,Morning,57,9
EMP00526,Store Associate,ST018,Evening,52,5
EMP01348,Packer,ST030,Morning,44,8
EMP01250,Picker,ST058,Morning,51,3
EMP01565,Packer,ST025,Night,39,2
EMP00266,Picker,ST068,Night,49,7
EMP00831,Packer,ST025,Evening,44,5
EMP02157,Picker,ST089,Afternoon,55,3
EMP01814,Rider Coordinator,ST057,Afternoon,55,5
EMP01614,Store Associate,ST024,Afternoon,52,9
EMP00531,Store Associate,ST072,Evening,59,4
EMP00249,Packer,ST068,Evening,44,4
EMP01694,Picker,ST077,Evening,40,4
EMP00473,Store Associate,ST004,Evening,51,7
EMP00626,Packer,ST061,Evening,41,6
EMP02405,Rider Coordinator,ST095,Evening,49,14
EMP02013,Packer,ST042,Afternoon,55,6
EMP01903,Store Associate,ST065,Evening,53,9
EMP01198,Packer,ST071,Night,54,4
EMP00892,Store Associate,ST048,Morning,59,11
EMP01428,Store Associate,ST043,Afternoon,48,3
EMP01117,Picker,ST062,Morning,53,3
EMP01059,Store Associate,ST006,Morning,65,10
EMP00314,Picker,ST075,Evening,48,7
EMP01523,Rider Coordinator,ST025,Morning,30,9
EMP00931,Picker,ST060,Afternoon,34,7
EMP01282,Store Associate,ST088,Afternoon,50,4
EMP02388,Store Associate,ST076,Evening,42,10
EMP00176,Rider Coordinator,ST006,Evening,53,7
EMP01135,Store Associate,ST016,Night,40,3
EMP00931,Store Associate,ST009,Afternoon,47,3
EMP00819,Picker,ST022,Morning,38,3
EMP01252,Picker,ST006,Evening,46,7
EMP00278,Picker,ST039,Evening,52,6
EMP02134,Store Associate,ST047,Morning,49,8
EMP00939,Picker,ST004,Afternoon,40,5
EMP01969,Store Associate,ST003,Evening,40,6
EMP00263,Store Associate,ST007,Evening,54,7
EMP01907,Packer,ST027,Evening,49,3
EMP00608,Picker,ST043,Night,46,8
EMP02224,Picker,ST011,Afternoon,54,9
EMP02185,Store Associate,ST047,Morning,45,2
EMP01318,Rider Coordinator,ST005,Afternoon,56,3
EMP01860,Picker,ST069,Evening,51,8
EMP01308,Picker,ST011,Afternoon,52,3
EMP01408,Supervisor,ST066,Evening,61,7
EMP01143,Packer,ST001,Night,44,7
EMP01162,Packer,ST021,Evening,50,5
EMP02126,Picker,ST076,Evening,56,7
EMP01194,Picker,ST086,Evening,52,6
EMP02146,Store Associate,ST054,Evening,58,6
EMP02237,Picker,ST027,Morning,43,4
EMP02183,Store Associate,ST022,Night,46,10
EMP01720,Packer,ST100,Night,38,7
EMP01422,Packer,ST079,Morning,51,5
EMP01147,Store Associate,ST082,Night,42,5
EMP00916,Store Associate,ST031,Evening,53,6
EMP00476,Rider Coordinator,ST034,Night,43,5
EMP02001,Picker,ST019,Evening,47,8
EMP00017,Packer,ST015,Evening,40,3
EMP00016,Packer,ST065,Evening,40,7
EMP00974,Store Associate,ST053,Evening,47,6
EMP01077,Picker,ST079,Evening,39,3
EMP00304,Picker,ST081,Afternoon,44,8
EMP00403,Picker,ST006,Evening,52,5
EMP00552,Picker,ST099,Morning,53,4
EMP00080,Picker,ST024,Evening,55,9
EMP02306,Picker,ST044,Afternoon,38,8
EMP00926,Picker,ST027,Evening,50,5
EMP01576,Picker,ST098,Afternoon,49,8
EMP01234,Store Associate,ST030,Evening,44,10
EMP00102,Picker,ST005,Night,55,4
EMP00395,Picker,ST004,Afternoon,43,2
EMP01262,Picker,ST084,Evening,49,6
EMP01573,Picker,ST026,Morning,45,6
EMP00321,Picker,ST065,Evening,48,2
EMP01883,Store Associate,ST058,Afternoon,46,7
EMP01963,Store Associate,ST059,Evening,39,4
EMP01238,Store Associate,ST030,Morning,48,6
EMP02073,Store Associate,ST020,Night,38,6
EMP00856,Store Associate,ST054,Evening,59,4
EMP02429,Picker,ST080,Night,46,5
EMP01412,Store Associate,ST012,Night,50,3
EMP02449,Packer,ST034,Afternoon,45,2
EMP00250,Store Associate,ST059,Morning,47,2
EMP01574,Picker,ST057,Afternoon,47,7
EMP01011,Rider Coordinator,ST044,Morning,55,10
EMP00172,Packer,ST071,Evening,53,8
EMP01462,Picker,ST087,Evening,38,4
EMP01054,Packer,ST007,Evening,49,9
EMP00470,Supervisor,ST079,Morning,52,7
EMP02139,Store Associate,ST023,Afternoon,54,4
EMP01109,Store Associate,ST025,Morning,47,7
EMP01072,Picker,ST049,Evening,49,8
EMP00940,Picker,ST006,Evening,44,8
EMP01568,Packer,ST068,Morning,53,4
EMP01124,Packer,ST088,Evening,46,7
EMP01567,Picker,ST080,Afternoon,59,6
EMP00983,Picker,ST085,Evening,46,7
EMP00413,Rider Coordinator,ST092,Evening,54,9
EMP00111,Packer,ST025,Night,40,3
EMP01063,Store Associate,ST065,Afternoon,46,6
EMP00860,Picker,ST032,Morning,47,4
EMP00525,Supervisor,ST086,Afternoon,50,4
EMP00575,Store Associate,ST017,Evening,47,1
EMP02344,Packer,ST043,Evening,47,9
EMP02338,Picker,ST010,Afternoon,46,4
EMP00877,Rider Coordinator,ST076,Night,51,5
EMP02480,Picker,ST024,Afternoon,42,9
EMP02401,Rider Coordinator,ST011,Morning,56,4
EMP00175,Picker,ST094,Morning,44,5
EMP01513,Picker,ST046,Evening,50,6
EMP01744,Packer,ST051,Morning,50,9
EMP01598,Packer,ST072,Afternoon,55,6
EMP00012,Picker,ST048,Evening,54,12
EMP01408,Store Associate,ST020,Morning,57,3
EMP02109,Picker,ST096,Evening,49,8
EMP00292,Store Associate,ST023,Afternoon,52,7
EMP01197,Picker,ST099,Evening,43,8
EMP00327,Rider Coordinator,ST041,Afternoon,58,9
EMP00568,Rider Coordinator,ST020,Evening,63,3
EMP00613,Store Associate,ST084,Afternoon,48,6
EMP01180,Store Associate,ST099,Morning,56,2
EMP01035,Store Associate,ST039,Morning,44,3
EMP00025,Packer,ST092,Afternoon,47,10
EMP00899,Store Associate,ST039,Afternoon,45,8
EMP01084,Packer,ST026,Afternoon,43,6
EMP01675,Supervisor,ST086,Evening,59,7
EMP02455,Supervisor,ST060,Afternoon,48,10
EMP00163,Packer,ST055,Evening,56,9
EMP01947,Store Associate,ST005,Afternoon,43,4
EMP00214,Picker,ST017,Afternoon,46,8
EMP00582,Store Associate,ST018,Afternoon,51,7
EMP00880,Packer,ST082,Evening,52,9
EMP00072,Packer,ST034,Night,32,5
EMP01936,Packer,ST035,Morning,47,2
EMP01807,Picker,ST018,Morning,46,5
EMP02071,Packer,ST003,Evening,51,3
EMP01029,Packer,ST091,Evening,53,6
EMP01677,Store Associate,ST068,Evening,46,5
EMP01833,Rider Coordinator,ST001,Morning,48,6
EMP00199,Supervisor,ST100,Evening,57,10
EMP02365,Picker,ST097,Evening,46,5
EMP01422,Store Associate,ST060,Morning,47,4
EMP02239,Store Associate,ST047,Morning,54,8
EMP02303,Store Associate,ST070,Evening,45,5
EMP00462,Packer,ST054,Evening,44,4
EMP00490,Store Associate,ST076,Afternoon,55,6
EMP00718,Picker,ST058,Morning,50,6
EMP01880,Rider Coordinator,ST025,Evening,40,6
EMP01128,Picker,ST003,Night,47,3
EMP02145,Picker,ST095,Morning,45,4
EMP00570,Picker,ST007,Evening,42,4
EMP01122,Packer,ST064,Afternoon,49,6
EMP01572,Rider Coordinator,ST010,Evening,41,7
EMP00202,Packer,ST087,Evening,53,8
EMP00589,Rider Coordinator,ST006,Evening,50,3
EMP01504,Picker,ST088,Evening,40,8
EMP01875,Picker,ST034,Morning,48,6
EMP00477,Picker,ST051,Evening,48,9
EMP00880,Rider Coordinator,ST009,Evening,47,6
EMP01824,Picker,ST005,Morning,37,9
EMP00303,Rider Coordinator,ST014,Evening,57,4
EMP00185,Picker,ST036,Afternoon,33,8
EMP00606,Store Associate,ST055,Morning,51,8
EMP00596,Packer,ST076,Evening,33,5
EMP02121,Picker,ST056,Morning,46,9
EMP01139,Picker,ST078,Afternoon,43,2
EMP01890,Packer,ST073,Evening,41,7
EMP02436,Rider Coordinator,ST040,Evening,48,6
EMP01585,Packer,ST023,Evening,45,7
EMP00475,Store Associate,ST028,Evening,46,8
EMP00278,Store Associate,ST019,Evening,45,5
EMP00872,Store Associate,ST012,Night,53,8
EMP01548,Store Associate,ST089,Evening,51,13
EMP00565,Picker,ST089,Evening,55,8
EMP00949,Store Associate,ST054,Evening,54,4
EMP00575,Packer,ST072,Afternoon,51,9
EMP01777,Rider Coordinator,ST043,Afternoon,47,6
EMP02207,Rider Coordinator,ST075,Evening,43,5
EMP00916,Store Associate,ST023,Morning,49,5
EMP02170,Picker,ST052,Morning,53,3
EMP02461,Supervisor,ST055,Evening,33,6
EMP02348,Packer,ST020,Morning,40,7
EMP00114,Store Associate,ST097,Morning,39,3
EMP00994,Rider Coordinator,ST046,Afternoon,51,9
EMP01589,Rider Coordinator,ST092,Evening,68,9
EMP00506,Picker,ST092,Afternoon,56,2
EMP00979,Supervisor,ST095,Night,55,9
EMP00932,Picker,ST091,Night,43,6
EMP00482,Rider Coordinator,ST080,Evening,49,7
EMP01709,Packer,ST085,Morning,42,11
EMP01575,Rider Coordinator,ST076,Evening,58,8
EMP01434,Store Associate,ST075,Evening,49,3
EMP00197,Picker,ST047,Night,52,5
EMP00348,Picker,ST077,Afternoon,49,9
EMP00985,Packer,ST020,Night,45,5
EMP01327,Picker,ST071,Afternoon,44,7
EMP00779,Picker,ST005,Afternoon,37,6
EMP00306,Store Associate,ST017,Morning,45,1
EMP01251,Picker,ST070,Afternoon,61,8
EMP00027,Packer,ST084,Evening,52,6
EMP02011,Store Associate,ST011,Evening,52,4
EMP01167,Store Associate,ST050,Night,45,5
EMP00767,Packer,ST052,Afternoon,54,6
EMP00704,Store Associate,ST085,Morning,45,6
EMP00413,Store Associate,ST072,Afternoon,38,8
EMP00669,Packer,ST033,Afternoon,51,2
EMP02387,Rider Coordinator,ST036,Morning,39,4
EMP00203,Packer,ST030,Afternoon,57,4
EMP02188,Store Associate,ST087,Morning,55,1
EMP01864,Packer,ST031,Afternoon,47,14
EMP02169,Store Associate,ST057,Afternoon,44,11
EMP00440,Supervisor,ST042,Afternoon,56,5
EMP01089,Packer,ST008,Night,53,6
EMP01760,Store Associate,ST032,Evening,66,6
EMP00208,Picker,ST052,Morning,36,4
EMP02049,Store Associate,ST011,Night,49,5
EMP00970,Store Associate,ST016,Afternoon,45,7
EMP02002,Store Associate,ST061,Evening,42,5
EMP02206,Supervisor,ST027,Morning,45,8
EMP02228,Picker,ST023,Morning,57,7
EMP00151,Packer,ST073,Evening,42,5
EMP02290,Picker,ST020,Night,48,5
EMP01473,Rider Coordinator,ST088,Afternoon,38,6
EMP00387,Picker,ST031,Afternoon,44,7
EMP02411,Picker,ST019,Morning,40,6
EMP00222,Supervisor,ST081,Evening,42,6
EMP00215,Packer,ST051,Morning,42,3
EMP00108,Store Associate,ST051,Evening,59,8
EMP02071,Store Associate,ST016,Evening,46,7
EMP00267,Store Associate,ST098,Morning,32,3
EMP00240,Picker,ST099,Evening,41,7
EMP02025,Picker,ST018,Afternoon,47,4
EMP00561,Picker,ST026,Morning,50,8
EMP01522,Packer,ST037,Afternoon,49,8
EMP02205,Packer,ST068,Evening,45,7
EMP00310,Rider Coordinator,ST087,Night,54,5
EMP02303,Packer,ST016,Evening,57,6
EMP00732,Supervisor,ST088,Afternoon,47,6
EMP00851,Store Associate,ST060,Night,58,3
EMP00848,Picker,ST003,Night,51,5
EMP02227,Picker,ST031,Night,44,4
EMP00847,Rider Coordinator,ST046,Night,43,5
EMP01013,Picker,ST079,Afternoon,56,4
EMP00423,Picker,ST032,Night,57,3
EMP01386,Store Associate,ST076,Afternoon,55,5
EMP00874,Picker,ST049,Afternoon,48,7
EMP00931,Packer,ST089,Morning,45,3
EMP01178,Rider Coordinator,ST062,Evening,43,7
EMP00887,Picker,ST076,Afternoon,44,8
EMP00990,Packer,ST026,Night,47,5
EMP02415,Picker,ST011,Morning,48,8
EMP00173,Picker,ST068,Evening,64,9
EMP00082,Rider Coordinator,ST081,Morning,41,3
EMP00189,Picker,ST008,Evening,59,0
EMP00767,Packer,ST014,Afternoon,45,3
EMP01233,Picker,ST075,Evening,38,8
EMP01472,Picker,ST040,Morning,43,6
EMP01564,Picker,ST027,Night,53,6
EMP02090,Store Associate,ST022,Evening,48,6
EMP01526,Picker,ST004,Afternoon,63,1
EMP01715,Store Associate,ST068,Evening,39,9
EMP02107,Picker,ST076,Afternoon,32,4
EMP01824,Rider Coordinator,ST062,Evening,46,7
EMP01881,Packer,ST011,Morning,44,6
EMP02023,Store Associate,ST025,Evening,55,9
EMP01360,Packer,ST032,Afternoon,40,5
EMP00476,Picker,ST039,Afternoon,47,11
EMP01122,Picker,ST050,Afternoon,47,6
EMP00484,Packer,ST005,Morning,43,7
EMP00595,Store Associate,ST008,Evening,42,2
EMP00610,Packer,ST041,Evening,41,5
EMP02011,Picker,ST062,Afternoon,49,9
EMP00584,Rider Coordinator,ST088,Evening,38,8
EMP02100,Store Associate,ST010,Night,59,9
EMP01592,Packer,ST075,Afternoon,44,10
EMP00446,Packer,ST089,Morning,45,8
EMP00979,Packer,ST019,Evening,32,8
EMP01841,Store Associate,ST029,Evening,47,4
EMP01364,Supervisor,ST100,Evening,46,10
EMP01528,Store Associate,ST070,Afternoon,41,8
EMP01120,Packer,ST036,Afternoon,54,9
EMP01224,Packer,ST068,Evening,43,7
EMP00087,Rider Coordinator,ST069,Afternoon,39,4
EMP02309,Picker,ST036,Evening,52,5
EMP01353,Picker,ST030,Evening,49,6
EMP01953,Store Associate,ST015,Morning,51,8
EMP01936,Store Associate,ST038,Morning,43,7
EMP01071,Packer,ST059,Evening,36,5
EMP00001,Picker,ST017,Evening,39,3
EMP00188,Packer,ST018,Night,43,4
EMP01795,Packer,ST010,Afternoon,47,5
EMP02320,Store Associate,ST037,Evening,52,5
EMP02147,Picker,ST039,Morning,48,4
EMP01371,Rider Coordinator,ST043,Morning,33,12
EMP01048,Rider Coordinator,ST100,Morning,64,6
EMP02394,Picker,ST090,Morning,47,6
EMP00138,Store Associate,ST099,Morning,61,4
EMP01415,Picker,ST058,Night,46,9
EMP00188,Store Associate,ST067,Morning,45,6
EMP00704,Packer,ST031,Evening,60,5
EMP01332,Store Associate,ST074,Afternoon,52,5
EMP01539,Picker,ST073,Night,43,4
EMP02434,Store Associate,ST047,Night,53,6
EMP00276,Packer,ST093,Afternoon,36,6
EMP02247,Store Associate,ST035,Evening,48,5
EMP01721,Picker,ST031,Night,40,8
EMP01842,Store Associate,ST081,Afternoon,58,5
EMP01408,Store Associate,ST042,Night,56,5
EMP00443,Store Associate,ST031,Afternoon,47,3
EMP00455,Packer,ST034,Evening,66,5
EMP00046,Picker,ST014,Morning,46,6
EMP01044,Picker,ST040,Night,44,10
EMP00513,Picker,ST044,Night,55,6
EMP01481,Picker,ST016,Morning,43,6
EMP02318,Supervisor,ST098,Evening,50,6
EMP01969,Packer,ST036,Morning,48,5
EMP00691,Picker,ST043,Morning,52,4
EMP00763,Picker,ST067,Evening,55,5
EMP02467,Store Associate,ST065,Morning,39,3
EMP00809,Store Associate,ST065,Evening,47,6
EMP01409,Store Associate,ST075,Night,51,4
EMP00527,Store Associate,ST067,Night,37,7
EMP00292,Store Associate,ST070,Morning,39,8
EMP01161,Store Associate,ST089,Afternoon,64,7
EMP01332,Packer,ST002,Morning,45,7
EMP00242,Picker,ST014,Morning,59,4
EMP00152,Picker,ST012,Evening,36,6
EMP01147,Supervisor,ST065,Afternoon,53,6
EMP00938,Store Associate,ST032,Evening,54,5
EMP02163,Picker,ST008,Evening,48,5
EMP00870,Picker,ST096,Afternoon,45,6
EMP00745,Picker,ST100,Night,65,10
EMP01030,Packer,ST034,Afternoon,49,6
EMP01577,Store Associate,ST006,Evening,51,9
EMP01208,Picker,ST094,Morning,46,5
EMP02170,Packer,ST046,Afternoon,47,3
EMP00228,Picker,ST036,Afternoon,39,3
EMP00607,Rider Coordinator,ST001,Afternoon,57,7
EMP00638,Picker,ST029,Morning,44,6
EMP01539,Rider Coordinator,ST046,Afternoon,47,4
EMP02153,Picker,ST030,Evening,49,6
EMP01905,Store Associate,ST036,Evening,50,7
EMP00683,Picker,ST084,Evening,53,10
EMP02050,Store Associate,ST092,Evening,52,6
EMP01869,Supervisor,ST083,Afternoon,44,3
EMP01242,Picker,ST022,Afternoon,50,8
EMP02379,Packer,ST099,Afternoon,42,8
EMP00480,Rider Coordinator,ST094,Evening,50,0
EMP02458,Rider Coordinator,ST020,Afternoon,48,7
EMP01410,Packer,ST039,Afternoon,48,2
EMP01673,Store Associate,ST028,Afternoon,49,6
EMP02142,Store Associate,ST047,Morning,42,3
EMP01770,Store Associate,ST001,Evening,55,5
EMP00222,Supervisor,ST058,Afternoon,42,9
EMP00311,Store Associate,ST021,Morning,38,8
EMP00133,Supervisor,ST064,Morning,44,4
EMP00117,Store Associate,ST044,Morning,48,7
EMP02119,Store Associate,ST063,Evening,46,6
EMP00835,Packer,ST034,Morning,40,11
EMP00039,Picker,ST020,Afternoon,50,3
EMP00619,Store Associate,ST094,Evening,43,11
EMP00935,Picker,ST078,Morning,47,4
EMP01948,Packer,ST077,Afternoon,47,6
EMP02196,Rider Coordinator,ST093,Evening,42,12
EMP00031,Picker,ST093,Evening,46,12
EMP02285,Picker,ST058,Afternoon,52,7
EMP00075,Supervisor,ST025,Night,43,7
EMP01600,Rider Coordinator,ST050,Afternoon,34,4
EMP01210,Packer,ST039,Afternoon,38,5
EMP00572,Picker,ST027,Morning,50,6
EMP01124,Picker,ST057,Afternoon,45,1
EMP01171,Packer,ST019,Evening,50,6
EMP00755,Store Associate,ST020,Afternoon,51,7
EMP00597,Picker,ST009,Afternoon,51,9
EMP02345,Rider Coordinator,ST051,Evening,43,5
EMP01195,Supervisor,ST027,Morning,40,5
EMP00708,Picker,ST091,Evening,49,7
EMP00891,Store Associate,ST022,Evening,48,2
EMP01587,Store Associate,ST022,Evening,46,3
EMP02184,Picker,ST093,Evening,48,6
EMP00551,Packer,ST010,Afternoon,56,6
EMP01935,Packer,ST081,Night,43,4
EMP00634,Picker,ST084,Night,51,5
EMP00942,Store Associate,ST071,Evening,47,6
EMP01341,Store Associate,ST092,Morning,47,7
EMP01667,Packer,ST063,Morning,49,3
EMP01938,Picker,ST092,Night,48,8
EMP00810,Picker,ST021,Evening,45,9
EMP00257,Store Associate,ST049,Evening,46,4
EMP01075,Packer,ST049,Afternoon,44,10
EMP00701,Store Associate,ST068,Evening,45,7
EMP00335,Packer,ST067,Evening,48,8
EMP00068,Packer,ST008,Morning,56,3
EMP01791,Packer,ST015,Afternoon,45,6
EMP00051,Packer,ST062,Evening,45,8
EMP00524,Rider Coordinator,ST056,Evening,57,3
EMP00799,Rider Coordinator,ST069,Morning,56,2
EMP00110,Packer,ST059,Morning,49,9
EMP00505,Picker,ST059,Afternoon,43,5
EMP02206,Picker,ST042,Evening,50,10
EMP00480,Picker,ST082,Afternoon,56,7
EMP01699,Store Associate,ST071,Morning,43,5
EMP02336,Store Associate,ST074,Morning,41,1
EMP00804,Packer,ST050,Evening,59,5
EMP01384,Picker,ST051,Morning,53,4
EMP02171,Picker,ST064,Morning,38,8
EMP01343,Picker,ST095,Evening,48,10
EMP01153,Picker,ST082,Morning,52,8
EMP01529,Packer,ST001,Morning,41,7
EMP00623,Store Associate,ST084,Evening,43,8
EMP01141,Picker,ST086,Morning,52,4
EMP01810,Store Associate,ST076,Afternoon,49,10
EMP01958,Store Associate,ST054,Afternoon,44,8
EMP02500,Store Associate,ST047,Evening,33,3
EMP01788,Packer,ST048,Evening,38,8
EMP01088,Store Associate,ST016,Evening,62,6
EMP01026,Store Associate,ST026,Afternoon,47,8
EMP00664,Picker,ST098,Evening,41,3
EMP02416,Store Associate,ST010,Evening,63,12
EMP00703,Rider Coordinator,ST093,Afternoon,35,6
EMP01335,Supervisor,ST004,Evening,36,10
EMP02214,Supervisor,ST081,Afternoon,43,8
EMP02024,Picker,ST003,Morning,66,5
EMP00660,Supervisor,ST081,Afternoon,60,6
EMP01676,Picker,ST016,Morning,38,11
EMP00750,Store Associate,ST070,Evening,46,6
EMP00787,Store Associate,ST056,Evening,38,7
EMP00527,Store Associate,ST017,Morning,38,2
EMP02035,Packer,ST011,Afternoon,47,9
EMP02322,Rider Coordinator,ST090,Evening,44,7
EMP02251,Store Associate,ST020,Evening,38,6
EMP01451,Store Associate,ST014,Morning,55,5
EMP00962,Rider Coordinator,ST068,Night,50,7
EMP01426,Rider Coordinator,ST084,Evening,35,6
EMP00021,Picker,ST067,Evening,47,5
EMP01103,Packer,ST050,Evening,53,5
EMP01830,Picker,ST057,Evening,44,4
EMP00045,Rider Coordinator,ST051,Evening,38,7
EMP02173,Store Associate,ST085,Morning,46,3
EMP00516,Supervisor,ST062,Evening,50,4
EMP01823,Picker,ST064,Afternoon,49,7
EMP01228,Picker,ST001,Afternoon,42,5
EMP01454,Rider Coordinator,ST023,Afternoon,48,9
EMP01432,Picker,ST038,Evening,51,6
EMP01159,Rider Coordinator,ST093,Evening,40,4
EMP01367,Picker,ST038,Night,35,7
EMP01057,Packer,ST043,Morning,53,3
EMP00126,Picker,ST035,Night,39,7
EMP01010,Store Associate,ST093,Morning,56,3
EMP01160,Picker,ST027,Morning,41,3
EMP01899,Picker,ST066,Night,34,4
EMP01412,Store Associate,ST018,Morning,47,5
EMP02031,Picker,ST003,Evening,43,5
EMP00925,Store Associate,ST069,Evening,52,7
EMP01662,Packer,ST034,Morning,44,5
EMP01860,Picker,ST039,Evening,43,3
EMP01475,Store Associate,ST097,Night,36,7
EMP00421,Picker,ST031,Evening,38,10
EMP02333,Store Associate,ST027,Morning,57,6
EMP01961,Picker,ST077,Evening,31,4
EMP01703,Store Associate,ST038,Afternoon,48,8
EMP00463,Store Associate,ST026,Afternoon,40,4
EMP02304,Store Associate,ST040,Morning,45,3
EMP02246,Rider Coordinator,ST025,Morning,60,6
EMP01626,Picker,ST008,Afternoon,48,6
EMP00680,Rider Coordinator,ST006,Evening,44,6
EMP02426,Packer,ST063,Evening,47,7
EMP01478,Store Associate,ST013,Evening,44,9
EMP02297,Packer,ST029,Evening,61,7
EMP00467,Store Associate,ST063,Evening,58,4
EMP02270,Store Associate,ST020,Afternoon,54,1
EMP02357,Packer,ST093,Evening,48,0
EMP01848,Store Associate,ST093,Morning,48,4
EMP02000,Picker,ST006,Afternoon,47,5
EMP00207,Picker,ST071,Evening,55,1
EMP01679,Picker,ST058,Evening,46,7
EMP02274,Packer,ST064,Evening,57,2
EMP00887,Picker,ST060,Afternoon,46,4
EMP00989,Picker,ST065,Night,50,6
EMP01243,Packer,ST010,Morning,45,7
EMP00811,Store Associate,ST059,Afternoon,53,4
EMP00449,Picker,ST056,Morning,43,4
EMP01671,Rider Coordinator,ST085,Evening,63,9
EMP01519,Packer,ST016,Night,47,5
EMP01577,Store Associate,ST037,Afternoon,51,8
EMP01965,Store Associate,ST050,Evening,54,6
EMP01426,Picker,ST099,Morning,56,8
EMP00205,Picker,ST059,Afternoon,59,2
EMP02076,Packer,ST072,Evening,50,5
EMP01675,Store Associate,ST021,Afternoon,51,6
EMP02427,Packer,ST051,Afternoon,52,4
EMP01845,Packer,ST056,Morning,40,2
EMP01307,Picker,ST004,Morning,44,5
EMP00569,Picker,ST002,Morning,41,9
EMP00603,Packer,ST019,Evening,49,7
EMP01986,Picker,ST096,Evening,38,5
EMP02141,Store Associate,ST033,Evening,51,3
EMP02193,Rider Coordinator,ST027,Night,47,3
EMP01488,Packer,ST057,Morning,48,6
EMP02346,Picker,ST092,Evening,50,5
EMP01980,Picker,ST060,Evening,39,7
EMP01019,Store Associate,ST029,Morning,51,9
EMP01410,Packer,ST066,Morning,38,4
EMP02351,Picker,ST045,Afternoon,49,5
EMP00785,Store Associate,ST066,Night,50,5
EMP00156,Picker,ST051,Evening,53,4
EMP00370,Rider Coordinator,ST040,Night,52,4
EMP02480,Picker,ST061,Afternoon,56,7
EMP00270,Store Associate,ST004,Afternoon,43,3
EMP00398,Rider Coordinator,ST029,Afternoon,43,4
EMP00560,Store Associate,ST038,Afternoon,62,7
EMP00322,Packer,ST100,Morning,47,9
EMP00829,Store Associate,ST066,Afternoon,43,3
EMP01163,Packer,ST091,Afternoon,40,7
EMP00498,Packer,ST096,Night,50,5
EMP01310,Rider Coordinator,ST095,Afternoon,59,7
EMP01953,Supervisor,ST046,Afternoon,44,9
EMP01086,Store Associate,ST075,Morning,54,4
EMP01567,Store Associate,ST048,Afternoon,37,11
EMP00937,Picker,ST018,Afternoon,47,8
EMP00766,Packer,ST055,Morning,49,6
EMP02178,Packer,ST064,Morning,27,4
EMP00332,Rider Coordinator,ST091,Evening,46,5
EMP01423,Store Associate,ST004,Afternoon,55,9
EMP01205,Picker,ST049,Evening,65,6
EMP01837,Picker,ST072,Evening,55,5
EMP01874,Picker,ST037,Morning,37,6
EMP00462,Store Associate,ST037,Afternoon,58,6
EMP01313,Picker,ST098,Afternoon,58,7
EMP00518,Store Associate,ST009,Night,44,5
EMP00585,Picker,ST063,Evening,47,7
EMP01757,Rider Coordinator,ST065,Morning,45,1
EMP01718,Store Associate,ST030,Night,52,8
EMP00335,Packer,ST090,Morning,60,5
EMP01826,Picker,ST061,Afternoon,45,2
EMP00078,Rider Coordinator,ST045,Evening,44,4
EMP01450,Store Associate,ST041,Morning,44,9
EMP00691,Store Associate,ST059,Afternoon,53,8
EMP00677,Store Associate,ST001,Afternoon,49,2
EMP00031,Picker,ST038,Afternoon,47,4
EMP01370,Packer,ST089,Evening,44,5
EMP01027,Packer,ST047,Afternoon,63,8
EMP02266,Store Associate,ST078,Afternoon,53,6
EMP02458,Picker,ST067,Morning,43,2
EMP00765,Supervisor,ST088,Morning,44,8
EMP01187,Supervisor,ST076,Morning,42,8
EMP02022,Packer,ST074,Night,55,3
EMP02457,Packer,ST100,Evening,44,8
EMP02202,Store Associate,ST035,Night,55,8
EMP00099,Packer,ST001,Night,42,6
EMP00828,Picker,ST010,Morning,41,9
EMP01628,Picker,ST030,Evening,34,3
EMP01394,Picker,ST017,Morning,45,6
EMP01209,Store Associate,ST046,Evening,41,7
EMP00534,Packer,ST037,Afternoon,47,4
EMP01842,Store Associate,ST022,Evening,40,8
EMP00346,Packer,ST068,Afternoon,60,4
EMP02414,Store Associate,ST080,Morning,57,10
EMP00741,Packer,ST037,Afternoon,51,10
EMP01020,Picker,ST058,Evening,55,7
EMP00879,Supervisor,ST099,Afternoon,67,6
EMP01890,Store Associate,ST010,Morning,56,7
EMP01499,Rider Coordinator,ST035,Afternoon,54,5
EMP00375,Packer,ST002,Evening,48,3
EMP01521,Picker,ST082,Evening,40,5
EMP01395,Rider Coordinator,ST025,Evening,65,8
EMP01189,Picker,ST027,Morning,58,4
EMP01581,Picker,ST087,Evening,36,6
EMP02330,Packer,ST048,Evening,50,5
EMP02418,Rider Coordinator,ST031,Morning,46,8
EMP00281,Picker,ST040,Morning,46,3
EMP00063,Picker,ST020,Afternoon,44,7
EMP00198,Packer,ST028,Night,62,9
EMP00056,Picker,ST056,Night,48,8
EMP00797,Picker,ST094,Afternoon,48,7
EMP02129,Store Associate,ST063,Evening,58,8
EMP01353,Store Associate,ST033,Afternoon,30,8
EMP01412,Picker,ST047,Afternoon,43,4
EMP02055,Store Associate,ST040,Afternoon,50,6
EMP01583,Packer,ST025,Evening,33,4
EMP00872,Supervisor,ST026,Evening,47,6
EMP01237,Picker,ST026,Night,52,4
EMP00493,Store Associate,ST087,Night,58,7
EMP00592,Packer,ST047,Evening,56,6
EMP00253,Packer,ST079,Evening,49,6
EMP01630,Picker,ST088,Morning,42,6
EMP00859,Supervisor,ST019,Morning,64,4
EMP00691,Packer,ST055,Night,54,5
EMP00072,Picker,ST027,Night,49,8
EMP01887,Picker,ST089,Evening,50,3
EMP01435,Store Associate,ST072,Evening,49,5
EMP00139,Packer,ST037,Afternoon,45,5
EMP02168,Store Associate,ST099,Morning,51,4
EMP02362,Packer,ST038,Afternoon,45,3
EMP00643,Picker,ST030,Night,55,5
EMP01829,Store Associate,ST027,Afternoon,35,5
EMP00531,Packer,ST064,Morning,34,3
EMP00664,Store Associate,ST019,Evening,42,3
EMP01116,Store Associate,ST002,Morning,47,5
EMP01210,Packer,ST063,Morning,54,9
EMP01234,Rider Coordinator,ST095,Evening,41,3
EMP00798,Store Associate,ST095,Evening,50,8
EMP02462,Store Associate,ST016,Afternoon,54,5
EMP00708,Store Associate,ST036,Afternoon,36,8
EMP01536,Rider Coordinator,ST006,Afternoon,50,4
EMP01220,Store Associate,ST043,Afternoon,48,3
EMP00639,Store Associate,ST065,Morning,48,10
EMP00602,Packer,ST045,Evening,52,4
EMP01109,Rider Coordinator,ST045,Afternoon,50,7
EMP00497,Picker,ST046,Afternoon,41,4
EMP01979,Picker,ST068,Morning,43,10
EMP01336,Packer,ST066,Afternoon,40,10
EMP02145,Store Associate,ST099,Evening,37,5
EMP01732,Packer,ST001,Evening,49,3
EMP01070,Supervisor,ST051,Evening,40,6
EMP00483,Store Associate,ST089,Afternoon,55,4
EMP01920,Picker,ST010,Morning,58,8
EMP01698,Store Associate,ST062,Evening,48,13
EMP01810,Store Associate,ST034,Evening,52,6
EMP01128,Supervisor,ST025,Evening,47,3
EMP00776,Store Associate,ST022,Evening,49,8
EMP00171,Picker,ST029,Night,51,8
EMP01765,Packer,ST044,Morning,49,6
EMP01068,Picker,ST085,Evening,57,6
EMP00799,Store Associate,ST001,Afternoon,46,5
EMP00169,Picker,ST063,Afternoon,39,6
EMP02242,Picker,ST040,Evening,36,3
EMP00572,Picker,ST080,Night,43,6
EMP00374,Supervisor,ST018,Morning,67,9
EMP01005,Rider Coordinator,ST009,Evening,52,2
EMP01921,Store Associate,ST009,Evening,51,7
EMP00940,Store Associate,ST027,Evening,45,8
EMP00034,Packer,ST036,Afternoon,41,5
EMP01872,Store Associate,ST084,Afternoon,47,4
EMP01422,Supervisor,ST063,Morning,49,2
EMP01858,Picker,ST057,Evening,52,5
EMP00380,Store Associate,ST098,Night,40,7
EMP02476,Picker,ST069,Evening,43,8
EMP01083,Packer,ST099,Evening,46,7
EMP00557,Picker,ST015,Morning,47,3
EMP00635,Picker,ST030,Afternoon,38,3
EMP02063,Picker,ST003,Evening,56,5
EMP00394,Store Associate,ST054,Afternoon,48,11
EMP02042,Picker,ST059,Afternoon,39,8
EMP01519,Packer,ST057,Evening,35,1
EMP02417,Picker,ST094,Afternoon,49,3
EMP00355,Picker,ST055,Morning,52,4
EMP01205,Store Associate,ST016,Afternoon,43,5
EMP00311,Rider Coordinator,ST035,Morning,41,9
EMP00425,Picker,ST061,Afternoon,46,5
EMP01301,Rider Coordinator,ST088,Morning,43,6
EMP01169,Picker,ST098,Evening,57,2
EMP01998,Rider Coordinator,ST010,Morning,43,4
EMP01343,Packer,ST026,Evening,41,7
EMP00709,Picker,ST007,Evening,43,7
EMP02437,Store Associate,ST045,Afternoon,48,2
EMP02345,Store Associate,ST082,Afternoon,45,9
EMP00911,Store Associate,ST094,Evening,43,4
EMP02149,Packer,ST078,Evening,63,6
EMP01333,Supervisor,ST046,Evening,41,5
EMP02340,Store Associate,ST049,Evening,56,5
EMP01146,Picker,ST072,Evening,44,7
EMP01122,Picker,ST098,Afternoon,48,9
EMP01197,Packer,ST021,Evening,50,3
EMP02224,Store Associate,ST061,Night,55,6
EMP01896,Store Associate,ST055,Morning,33,4
EMP02328,Rider Coordinator,ST012,Afternoon,51,7
EMP00623,Store Associate,ST066,Night,52,8
EMP01431,Picker,ST050,Evening,52,8
EMP02065,Store Associate,ST003,Afternoon,31,10
EMP00362,Picker,ST052,Afternoon,55,1
EMP00083,Picker,ST010,Morning,51,3
EMP00565,Store Associate,ST091,Afternoon,31,4
EMP01110,Picker,ST066,Morning,57,10
EMP00674,Store Associate,ST017,Afternoon,47,5
EMP02213,Packer,ST056,Evening,57,4
EMP01675,Store Associate,ST001,Morning,47,4
EMP00071,Picker,ST067,Morning,41,7
EMP01107,Supervisor,ST001,Morning,55,11
EMP01157,Picker,ST069,Afternoon,49,6
EMP00797,Store Associate,ST071,Morning,50,6
EMP00659,Packer,ST048,Evening,51,3
EMP00123,Store Associate,ST029,Morning,37,8
EMP00989,Rider Coordinator,ST075,Evening,53,8
EMP02480,Store Associate,ST044,Afternoon,48,6
EMP01429,Store Associate,ST040,Morning,54,7
EMP01121,Store Associate,ST099,Evening,43,8
EMP00881,Rider Coordinator,ST078,Morning,54,4
EMP00634,Packer,ST085,Evening,45,6
EMP01233,Store Associate,ST027,Morning,61,5
EMP00870,Packer,ST093,Night,56,4
EMP00530,Packer,ST092,Morning,46,10
EMP02261,Rider Coordinator,ST078,Evening,30,12
EMP00502,Picker,ST004,Evening,55,3
EMP01425,Packer,ST025,Evening,46,5
EMP02232,Store Associate,ST044,Evening,59,2
EMP01300,Store Associate,ST073,Evening,59,5
EMP01662,Picker,ST096,Afternoon,52,2
EMP01508,Picker,ST050,Morning,49,6
EMP01690,Picker,ST012,Evening,43,7
EMP01786,Picker,ST005,Afternoon,47,2
EMP01874,Packer,ST054,Evening,42,8
EMP01445,Store Associate,ST063,Evening,49,13
EMP00572,Store Associate,ST016,Afternoon,41,4
EMP00022,Picker,ST078,Morning,52,7
EMP02110,Store Associate,ST098,Afternoon,52,3
EMP02075,Store Associate,ST016,Evening,43,5
EMP00840,Supervisor,ST010,Evening,53,2
EMP00726,Picker,ST009,Morning,63,8
EMP02019,Picker,ST014,Evening,60,5
EMP01990,Rider Coordinator,ST089,Night,44,15
EMP01065,Rider Coordinator,ST064,Evening,43,6
EMP02425,Picker,ST024,Afternoon,64,6
EMP01907,Packer,ST001,Night,40,4
EMP01662,Picker,ST029,Evening,48,5
EMP00399,Picker,ST017,Evening,38,7
EMP01831,Store Associate,ST035,Afternoon,48,6
EMP01580,Rider Coordinator,ST051,Night,47,3
EMP00583,Store Associate,ST033,Night,45,4
EMP00467,Picker,ST097,Evening,31,3
EMP00008,Picker,ST079,Evening,45,7
EMP01005,Picker,ST087,Evening,46,10
EMP00576,Store Associate,ST080,Evening,48,8
EMP00637,Supervisor,ST069,Evening,40,6
EMP00178,Rider Coordinator,ST038,Evening,44,8
EMP00725,Store Associate,ST008,Evening,55,5
EMP01419,Picker,ST002,Morning,45,6
EMP00953,Picker,ST098,Morning,41,2
EMP00212,Picker,ST098,Afternoon,45,6
EMP01408,Packer,ST006,Morning,49,6
EMP01513,Supervisor,ST010,Afternoon,55,7
EMP01763,Packer,ST073,Afternoon,56,1
EMP01809,Rider Coordinator,ST041,Night,59,5
EMP00293,Store Associate,ST045,Evening,30,3
EMP01139,Packer,ST029,Afternoon,47,6
EMP00689,Picker,ST042,Afternoon,45,3
EMP00439,Store Associate,ST095,Evening,51,8
EMP00223,Store Associate,ST075,Morning,47,6
EMP00904,Store Associate,ST055,Afternoon,43,3
EMP01739,Packer,ST003,Afternoon,49,5
EMP00097,Picker,ST057,Afternoon,59,5
EMP00006,Picker,ST053,Evening,57,5
EMP01014,Store Associate,ST095,Evening,58,6
EMP00247,Store Associate,ST074,Afternoon,45,2
EMP00725,Rider Coordinator,ST038,Night,39,8
EMP00608,Packer,ST019,Morning,48,1
EMP02135,Store Associate,ST085,Evening,41,8
EMP01355,Packer,ST019,Evening,41,6
EMP00589,Picker,ST002,Evening,48,3
EMP00799,Picker,ST085,Morning,43,7
EMP00290,Picker,ST063,Morning,42,6
EMP01609,Picker,ST023,Afternoon,57,4
EMP02462,Packer,ST085,Evening,48,8
EMP00265,Picker,ST058,Morning,47,3
EMP01837,Packer,ST009,Evening,52,2
EMP00459,Rider Coordinator,ST031,Afternoon,40,10
EMP00152,Picker,ST092,Evening,56,7
EMP00094,Picker,ST028,Morning,49,4
EMP01791,Supervisor,ST004,Morning,44,7
EMP01669,Packer,ST100,Afternoon,39,5
EMP01660,Picker,ST022,Morning,60,6
EMP00694,Picker,ST037,Evening,40,8
EMP00868,Rider Coordinator,ST033,Evening,55,4
EMP00150,Rider Coordinator,ST030,Evening,53,5
EMP00969,Packer,ST029,Evening,39,12
EMP01383,Picker,ST032,Afternoon,48,8
EMP01028,Picker,ST024,Morning,49,7
EMP01010,Picker,ST050,Evening,43,4
EMP00994,Picker,ST060,Night,42,8
EMP00500,Picker,ST006,Afternoon,43,4
EMP01953,Picker,ST048,Evening,50,1
EMP02485,Supervisor,ST023,Afternoon,56,7
EMP00774,Packer,ST086,Afternoon,37,5
EMP00590,Picker,ST074,Morning,56,4
EMP01340,Store Associate,ST023,Evening,41,9
EMP01855,Picker,ST033,Evening,39,3
EMP00649,Packer,ST033,Morning,55,7
EMP01699,Picker,ST079,Night,47,3
EMP00433,Store Associate,ST064,Night,47,5
EMP00080,Supervisor,ST073,Morning,49,8
EMP02469,Store Associate,ST057,Night,45,3
EMP02007,Rider Coordinator,ST069,Night,58,6
EMP02457,Packer,ST001,Night,42,7
EMP00147,Store Associate,ST004,Afternoon,41,7
EMP00649,Supervisor,ST039,Night,43,3
EMP02182,Store Associate,ST046,Night,54,9
EMP01988,Store Associate,ST098,Evening,51,7
EMP01185,Picker,ST016,Morning,56,11
EMP02097,Store Associate,ST071,Morning,53,7
EMP01014,Picker,ST079,Evening,54,4
EMP01527,Picker,ST016,Afternoon,50,4
EMP00407,Supervisor,ST100,Evening,35,11
EMP00178,Packer,ST044,Evening,41,8
EMP02436,Picker,ST083,Evening,59,7
EMP00892,Rider Coordinator,ST042,Morning,53,9
EMP01902,Picker,ST073,Evening,53,2
EMP01004,Packer,ST086,Morning,41,5
EMP02405,Picker,ST074,Morning,48,5
EMP00959,Picker,ST086,Morning,51,6
EMP01430,Rider Coordinator,ST005,Evening,44,8
EMP00824,Packer,ST100,Evening,45,10
EMP01243,Store Associate,ST053,Evening,38,8
EMP00921,Store Associate,ST067,Morning,39,9
EMP02051,Store Associate,ST059,Night,44,8
EMP02196,Packer,ST001,Morning,44,5
EMP01454,Picker,ST002,Morning,46,6
EMP00091,Packer,ST009,Evening,39,7
EMP01561,Store Associate,ST057,Afternoon,55,3
EMP00485,Store Associate,ST045,Morning,41,6
EMP00550,Store Associate,ST086,Evening,57,4
EMP00082,Store Associate,ST020,Afternoon,45,9
EMP02498,Store Associate,ST085,Afternoon,41,6
EMP00635,Store Associate,ST083,Evening,63,9
EMP02075,Store Associate,ST055,Afternoon,41,10
EMP00276,Picker,ST038,Afternoon,47,6
EMP01222,Store Associate,ST005,Morning,49,7
EMP00214,Packer,ST098,Evening,35,3
EMP00914,Picker,ST056,Evening,47,3
EMP02236,Picker,ST082,Morning,41,4
EMP00360,Picker,ST078,Night,48,4
EMP02034,Picker,ST026,Evening,55,6
EMP00054,Picker,ST084,Evening,48,6
EMP00205,Store Associate,ST067,Afternoon,41,3
EMP00694,Rider Coordinator,ST081,Evening,42,9
EMP01230,Store Associate,ST064,Evening,55,6
EMP00068,Picker,ST100,Evening,50,8
EMP01354,Picker,ST006,Evening,47,5
EMP00895,Supervisor,ST081,Night,55,5
EMP00589,Rider Coordinator,ST069,Evening,44,8
EMP02257,Supervisor,ST079,Night,50,8
EMP00956,Picker,ST069,Afternoon,44,2
EMP01899,Store Associate,ST058,Evening,51,8
EMP02464,Rider Coordinator,ST001,Morning,44,8
EMP00316,Supervisor,ST093,Evening,51,3
EMP00193,Supervisor,ST033,Evening,47,6
EMP00064,Picker,ST069,Night,48,6
EMP01966,Store Associate,ST087,Afternoon,40,5
EMP02438,Picker,ST001,Afternoon,31,6
EMP02119,Supervisor,ST025,Evening,45,5
EMP02209,Packer,ST004,Afternoon,41,5
EMP02138,Picker,ST063,Morning,43,9
EMP00910,Rider Coordinator,ST018,Evening,41,7
EMP00223,Store Associate,ST077,Night,55,13
EMP02410,Picker,ST076,Morning,45,2
EMP00978,Packer,ST011,Evening,44,5
EMP02166,Supervisor,ST022,Evening,37,4
EMP01567,Picker,ST066,Afternoon,31,10
EMP01105,Picker,ST063,Evening,67,3
EMP02033,Picker,ST034,Evening,44,5
EMP00696,Rider Coordinator,ST082,Evening,61,2
EMP00932,Store Associate,ST013,Afternoon,41,4
EMP01526,Packer,ST079,Evening,52,4
EMP02353,Store Associate,ST095,Evening,46,11
EMP01374,Store Associate,ST012,Afternoon,46,6
EMP00629,Supervisor,ST070,Morning,40,4
EMP02048,Packer,ST054,Afternoon,51,10
EMP01065,Picker,ST030,Afternoon,44,4
EMP02352,Packer,ST013,Evening,56,9
EMP00803,Picker,ST091,Evening,42,5
EMP00180,Store Associate,ST078,Afternoon,49,7
EMP00763,Store Associate,ST069,Morning,48,5
EMP01537,Picker,ST017,Evening,57,4
EMP01232,Picker,ST030,Evening,57,10
EMP00451,Packer,ST097,Morning,55,5
EMP01858,Packer,ST096,Night,42,8
EMP00740,Rider Coordinator,ST088,Afternoon,52,3
EMP01414,Picker,ST044,Evening,49,7
EMP01646,Store Associate,ST001,Morning,51,8
EMP00004,Supervisor,ST030,Night,48,3
EMP02214,Packer,ST002,Evening,59,8
EMP01920,Picker,ST014,Morning,56,5
EMP02455,Rider Coordinator,ST076,Night,44,4
EMP01216,Supervisor,ST069,Evening,50,9
EMP01636,Store Associate,ST085,Night,52,5
EMP00535,Picker,ST003,Afternoon,53,9
EMP00884,Packer,ST078,Morning,48,5
EMP01571,Store Associate,ST048,Afternoon,62,8
EMP02253,Supervisor,ST083,Morning,58,10
EMP00179,Rider Coordinator,ST054,Afternoon,38,8
EMP01801,Packer,ST082,Afternoon,47,5
EMP00026,Picker,ST036,Night,51,7
EMP00140,Store Associate,ST025,Evening,43,5
EMP00555,Store Associate,ST097,Night,52,2
EMP01459,Packer,ST098,Morning,46,7
EMP01939,Packer,ST030,Evening,62,9
EMP00774,Store Associate,ST054,Morning,50,6
EMP00680,Picker,ST097,Evening,47,4
EMP01885,Store Associate,ST013,Morning,52,7
EMP01658,Packer,ST083,Evening,52,8
EMP00771,Picker,ST085,Evening,48,4
EMP01142,Picker,ST070,Morning,46,5
EMP01532,Picker,ST098,Afternoon,39,7
EMP01943,Supervisor,ST065,Evening,46,5
EMP01813,Rider Coordinator,ST083,Evening,55,5
EMP01531,Picker,ST052,Morning,47,6
EMP00713,Picker,ST069,Night,53,4
EMP00525,Store Associate,ST054,Evening,42,6
EMP02134,Picker,ST073,Morning,51,9
EMP00508,Supervisor,ST014,Morning,49,10
EMP01775,Packer,ST042,Morning,47,7
EMP02225,Store Associate,ST099,Night,56,2
EMP00776,Store Associate,ST050,Morning,47,5
EMP00178,Rider Coordinator,ST088,Evening,50,3
EMP00670,Store Associate,ST062,Morning,52,5
EMP01785,Store Associate,ST001,Night,58,9
EMP01093,Store Associate,ST006,Afternoon,51,7
EMP00369,Rider Coordinator,ST025,Morning,46,2
EMP00429,Store Associate,ST067,Morning,56,4
EMP01257,Picker,ST068,Night,45,9
EMP01735,Packer,ST009,Afternoon,37,2
EMP01520,Store Associate,ST087,Evening,57,4
EMP00055,Picker,ST015,Evening,64,6
EMP02394,Rider Coordinator,ST026,Night,47,5
EMP00879,Store Associate,ST017,Afternoon,44,4
EMP00172,Store Associate,ST096,Morning,55,7
EMP01571,Picker,ST024,Afternoon,47,6
EMP01842,Picker,ST037,Evening,61,2
EMP02170,Rider Coordinator,ST029,Night,53,5
EMP01204,Packer,ST091,Evening,47,8
EMP00267,Picker,ST014,Morning,49,8
EMP00794,Rider Coordinator,ST001,Evening,47,7
EMP00472,Store Associate,ST075,Afternoon,46,5
EMP01127,Picker,ST048,Evening,40,1
EMP01166,Store Associate,ST024,Night,45,4
EMP02446,Store Associate,ST075,Evening,59,6
EMP01480,Picker,ST083,Evening,47,8
EMP01456,Packer,ST056,Afternoon,43,4
EMP00058,Store Associate,ST052,Afternoon,47,6
EMP02334,Picker,ST018,Afternoon,58,8
EMP00501,Store Associate,ST061,Afternoon,49,8
EMP02103,Picker,ST032,Evening,38,4
EMP01111,Supervisor,ST026,Evening,52,6
EMP01322,Store Associate,ST016,Night,47,7
EMP02492,Picker,ST074,Evening,52,3
EMP01251,Store Associate,ST083,Night,50,3
EMP01340,Picker,ST079,Evening,40,6
EMP00113,Supervisor,ST071,Evening,33,3
EMP01452,Store Associate,ST064,Afternoon,46,4
EMP01465,Store Associate,ST029,Evening,43,12
EMP01327,Packer,ST008,Evening,43,1
EMP00099,Packer,ST085,Evening,44,8
EMP00109,Store Associate,ST049,Afternoon,66,6
EMP01561,Store Associate,ST029,Evening,46,8
EMP00096,Picker,ST004,Afternoon,43,3
EMP00118,Store Associate,ST068,Evening,55,4
EMP02187,Rider Coordinator,ST051,Evening,44,2
EMP02299,Rider Coordinator,ST023,Afternoon,54,8
EMP01682,Store Associate,ST038,Evening,41,8
EMP00719,Packer,ST081,Afternoon,52,6
EMP01936,Packer,ST092,Afternoon,39,4
EMP00365,Picker,ST090,Evening,58,4
EMP01516,Store Associate,ST040,Morning,54,5
EMP01471,Rider Coordinator,ST083,Afternoon,53,7
EMP00134,Store Associate,ST044,Evening,58,4
EMP00774,Picker,ST025,Afternoon,60,3
EMP01921,Supervisor,ST069,Evening,61,11
EMP00805,Store Associate,ST076,Afternoon,45,2
EMP01538,Picker,ST085,Afternoon,45,6
EMP00652,Packer,ST072,Evening,46,7
EMP01467,Store Associate,ST039,Afternoon,47,6
EMP00051,Store Associate,ST077,Night,59,3
EMP00749,Store Associate,ST053,Morning,42,5
EMP01775,Store Associate,ST084,Evening,55,2
EMP01472,Picker,ST055,Afternoon,53,5
EMP00670,Supervisor,ST010,Evening,53,8
EMP00648,Supervisor,ST068,Morning,48,9
EMP02016,Packer,ST051,Evening,57,6
EMP01896,Supervisor,ST046,Afternoon,62,4
EMP00828,Packer,ST058,Afternoon,46,1
EMP02319,Picker,ST070,Morning,50,11
EMP00757,Picker,ST079,Night,57,5
EMP02442,Packer,ST004,Evening,48,8
EMP00192,Picker,ST072,Night,48,3
EMP02388,Picker,ST004,Afternoon,60,5
EMP01433,Store Associate,ST056,Afternoon,50,4
EMP00168,Store Associate,ST065,Afternoon,47,2
EMP02319,Packer,ST031,Evening,42,6
EMP00228,Picker,ST009,Morning,47,5
EMP01164,Packer,ST007,Morning,48,7
EMP01851,Picker,ST027,Evening,45,10
EMP02228,Packer,ST061,Morning,43,7
EMP01231,Picker,ST001,Evening,37,7
EMP02047,Rider Coordinator,ST089,Evening,53,4
EMP01747,Store Associate,ST003,Morning,43,3
EMP00556,Picker,ST075,Afternoon,50,6
EMP02403,Packer,ST063,Morning,45,9
EMP02230,Store Associate,ST076,Evening,45,6
EMP01672,Picker,ST054,Night,35,5
EMP01708,Packer,ST097,Evening,42,7
EMP00321,Packer,ST004,Afternoon,36,3
EMP00706,Picker,ST048,Morning,54,2
EMP01735,Picker,ST059,Evening,50,5
EMP01471,Rider Coordinator,ST082,Evening,46,4
EMP00358,Picker,ST095,Night,49,4
EMP01276,Packer,ST031,Afternoon,48,5
EMP01616,Rider Coordinator,ST081,Morning,53,5
EMP02406,Rider Coordinator,ST036,Morning,57,4
EMP01976,Picker,ST088,Evening,48,7
EMP00990,Store Associate,ST005,Morning,42,7
EMP00555,Rider Coordinator,ST026,Morning,52,5
EMP00118,Packer,ST015,Afternoon,54,4
EMP00963,Rider Coordinator,ST089,Afternoon,57,9
EMP01757,Store Associate,ST082,Evening,46,7
EMP00858,Store Associate,ST041,Afternoon,46,4
EMP00110,Picker,ST040,Afternoon,39,3
EMP00418,Picker,ST044,Afternoon,60,4
EMP02352,Store Associate,ST051,Evening,55,2
EMP01332,Rider Coordinator,ST074,Evening,51,8
EMP00101,Packer,ST070,Night,53,7
EMP01491,Picker,ST090,Night,53,8
EMP01223,Picker,ST008,Evening,37,5
EMP00556,Store Associate,ST012,Afternoon,49,7
EMP01384,Picker,ST044,Afternoon,45,4
EMP01275,Picker,ST022,Morning,42,5
EMP01826,Store Associate,ST038,Afternoon,43,5
EMP01629,Packer,ST011,Evening,49,4
EMP00883,Rider Coordinator,ST010,Morning,48,3
EMP02152,Store Associate,ST092,Night,49,5
EMP00055,Supervisor,ST098,Morning,49,8
EMP01285,Rider Coordinator,ST054,Evening,50,8
EMP00304,Picker,ST054,Evening,51,6
EMP02051,Rider Coordinator,ST042,Evening,39,6
EMP00433,Picker,ST047,Night,53,10
EMP00410,Packer,ST087,Afternoon,42,9
EMP00055,Packer,ST081,Afternoon,51,3
EMP00476,Supervisor,ST039,Morning,61,4
EMP00094,Store Associate,ST025,Morning,43,8
EMP02374,Packer,ST080,Evening,38,3
EMP00179,Store Associate,ST025,Evening,52,3
EMP00703,Store Associate,ST068,Evening,51,9
EMP01464,Rider Coordinator,ST029,Morning,42,10
EMP01335,Picker,ST078,Afternoon,47,8
EMP00006,Picker,ST072,Afternoon,53,3
EMP00094,Store Associate,ST059,Afternoon,54,8
EMP01071,Packer,ST011,Night,52,9
EMP01915,Store Associate,ST033,Evening,45,4
EMP00551,Packer,ST044,Afternoon,55,6
EMP00023,Store Associate,ST075,Evening,34,9
EMP01018,Store Associate,ST098,Evening,52,6
EMP00079,Picker,ST050,Morning,59,5
EMP01596,Store Associate,ST045,Evening,58,5
EMP00752,Picker,ST092,Morning,50,9
EMP00201,Picker,ST076,Morning,46,7
EMP01530,Supervisor,ST015,Evening,59,3
EMP01682,Store Associate,ST022,Evening,44,4
EMP00681,Picker,ST024,Evening,44,5
EMP02356,Supervisor,ST035,Afternoon,45,3
EMP01014,Picker,ST096,Night,48,3
EMP00239,Packer,ST026,Morning,47,9
EMP02476,Supervisor,ST030,Afternoon,35,6
EMP01905,Rider Coordinator,ST053,Evening,45,12
EMP00080,Picker,ST071,Afternoon,56,9
EMP00409,Store Associate,ST047,Evening,50,3
EMP00377,Packer,ST013,Afternoon,45,8
EMP00321,Picker,ST038,Afternoon,52,7
EMP02224,Rider Coordinator,ST029,Morning,57,5
EMP00446,Packer,ST036,Afternoon,60,6
EMP01797,Packer,ST041,Evening,39,8
EMP01579,Picker,ST018,Night,40,4
EMP00809,Rider Coordinator,ST057,Afternoon,46,10
EMP00104,Picker,ST048,Afternoon,51,8
EMP00688,Store Associate,ST100,Afternoon,49,7
EMP01424,Packer,ST018,Evening,45,8
EMP01103,Store Associate,ST053,Morning,45,7
EMP00151,Picker,ST063,Evening,51,3
EMP02463,Picker,ST017,Evening,46,14
EMP01590,Supervisor,ST010,Morning,60,2
EMP01960,Picker,ST081,Evening,48,6
EMP01924,Picker,ST007,Afternoon,43,2
EMP02097,Picker,ST037,Evening,48,6
EMP00378,Supervisor,ST057,Afternoon,43,8
EMP01941,Supervisor,ST084,Morning,55,10
EMP00389,Store Associate,ST050,Evening,40,7
EMP01536,Packer,ST073,Night,40,7
EMP00798,Picker,ST086,Evening,46,6
EMP02352,Rider Coordinator,ST064,Evening,50,5
EMP02267,Picker,ST027,Afternoon,40,9
EMP02212,Picker,ST033,Morning,51,11
EMP00108,Packer,ST071,Morning,58,5
EMP02365,Picker,ST082,Morning,55,5
EMP00569,Rider Coordinator,ST051,Evening,52,4
EMP02366,Store Associate,ST064,Afternoon,40,7
EMP01216,Supervisor,ST020,Night,39,6
EMP01417,Packer,ST029,Night,47,10
EMP01216,Picker,ST073,Afternoon,56,7
EMP00195,Store Associate,ST034,Evening,43,8
EMP01036,Rider Coordinator,ST045,Evening,58,3
EMP00551,Picker,ST014,Morning,40,8
EMP02372,Packer,ST002,Night,47,4
EMP02073,Packer,ST094,Morning,55,11
EMP00517,Store Associate,ST037,Afternoon,41,8
EMP01617,Store Associate,ST071,Morning,38,10
EMP00925,Store Associate,ST079,Morning,55,10
EMP01812,Packer,ST090,Night,32,3
EMP01507,Picker,ST096,Night,48,3
EMP01654,Rider Coordinator,ST037,Evening,47,7
EMP02484,Picker,ST042,Afternoon,44,6
EMP01830,Packer,ST093,Afternoon,42,5
EMP00117,Packer,ST036,Evening,40,6
EMP01842,Rider Coordinator,ST073,Afternoon,41,4
EMP00383,Store Associate,ST083,Morning,53,9
EMP01206,Packer,ST071,Evening,40,3
EMP01676,Rider Coordinator,ST075,Night,46,5
EMP00705,Store Associate,ST035,Afternoon,51,4
EMP01977,Picker,ST031,Evening,40,6
EMP01951,Store Associate,ST007,Night,42,8
EMP02232,Store Associate,ST022,Evening,50,6
EMP00844,Store Associate,ST031,Night,51,10
EMP00032,Rider Coordinator,ST027,Afternoon,43,9
EMP00826,Packer,ST052,Evening,53,5
EMP01317,Picker,ST069,Morning,46,3
EMP01677,Rider Coordinator,ST021,Evening,40,8
EMP02208,Picker,ST037,Night,39,5
EMP01561,Picker,ST068,Evening,43,3
EMP00298,Picker,ST072,Evening,51,9
EMP02431,Picker,ST037,Evening,46,2
EMP00466,Supervisor,ST099,Evening,38,5
EMP01249,Store Associate,ST034,Morning,54,6
EMP00770,Store Associate,ST038,Evening,42,10
EMP00105,Rider Coordinator,ST073,Night,48,4
EMP00106,Packer,ST037,Morning,41,8
EMP02187,Rider Coordinator,ST069,Night,52,7
EMP02271,Packer,ST013,Afternoon,43,5
EMP00781,Store Associate,ST007,Afternoon,41,7
EMP01921,Picker,ST072,Night,61,3
EMP01453,Picker,ST027,Morning,46,7
EMP02180,Store Associate,ST002,Night,60,10
EMP01528,Packer,ST038,Afternoon,54,6
EMP00519,Store Associate,ST028,Evening,48,9
EMP02378,Picker,ST057,Morning,43,5
EMP01278,Packer,ST007,Morning,41,10
EMP02281,Rider Coordinator,ST017,Night,39,9
EMP01459,Picker,ST082,Night,42,8
EMP02466,Picker,ST070,Morning,35,6
EMP02028,Picker,ST078,Evening,53,7
EMP00565,Store Associate,ST081,Evening,44,4
EMP00738,Store Associate,ST040,Night,40,5
EMP01372,Packer,ST084,Morning,55,5
EMP01630,Store Associate,ST031,Evening,44,5
EMP00047,Store Associate,ST017,Evening,39,4
EMP02246,Store Associate,ST021,Evening,49,6
EMP01733,Picker,ST004,Morning,54,6
EMP01551,Store Associate,ST074,Evening,28,5
EMP01868,Store Associate,ST001,Evening,46,3
EMP00048,Store Associate,ST045,Night,43,7
EMP02308,Store Associate,ST024,Morning,44,4
EMP01689,Rider Coordinator,ST086,Night,46,1
EMP00652,Store Associate,ST029,Evening,55,10
EMP01727,Picker,ST001,Morning,55,3
EMP00285,Picker,ST047,Night,42,7
EMP01434,Picker,ST007,Night,45,6
EMP02485,Store Associate,ST065,Night,42,3
EMP01583,Store Associate,ST069,Evening,35,8
EMP01967,Rider Coordinator,ST027,Evening,32,6
EMP00191,Picker,ST016,Morning,51,5
EMP00064,Store Associate,ST073,Morning,40,3
EMP00948,Store Associate,ST026,Afternoon,47,5
EMP01757,Picker,ST060,Morning,43,5
EMP02035,Picker,ST072,Evening,54,6
EMP00151,Store Associate,ST046,Morning,37,6
EMP02011,Packer,ST027,Evening,46,6
EMP00405,Supervisor,ST033,Morning,41,8
EMP01605,Packer,ST006,Morning,54,3
EMP02154,Picker,ST082,Evening,39,8
EMP00229,Store Associate,ST010,Afternoon,42,3
EMP00847,Supervisor,ST040,Evening,36,6
EMP00987,Picker,ST028,Afternoon,42,5
EMP00694,Supervisor,ST032,Evening,62,10
EMP01682,Rider Coordinator,ST085,Evening,58,9
EMP02160,Packer,ST040,Evening,50,3
EMP02345,Store Associate,ST011,Evening,55,5
EMP00242,Packer,ST017,Night,52,7
EMP01682,Packer,ST076,Evening,47,6
EMP01789,Packer,ST050,Morning,50,5
EMP01641,Store Associate,ST039,Afternoon,42,6
EMP01225,Picker,ST015,Afternoon,56,10
EMP00687,Picker,ST078,Evening,50,7
EMP01704,Picker,ST040,Morning,60,4
EMP00724,Store Associate,ST006,Afternoon,50,7
EMP02419,Packer,ST010,Afternoon,50,7
EMP01558,Picker,ST014,Evening,42,6
EMP02210,Supervisor,ST067,Evening,52,12
EMP02347,Picker,ST058,Evening,41,6
EMP02103,Packer,ST093,Afternoon,53,7
EMP00002,Packer,ST056,Night,51,3
EMP01907,Store Associate,ST088,Afternoon,57,6
EMP01068,Packer,ST077,Afternoon,62,3
EMP02434,Picker,ST083,Afternoon,59,8
EMP00481,Store Associate,ST042,Evening,51,3
EMP02292,Store Associate,ST070,Night,51,7
EMP01107,Packer,ST065,Afternoon,63,3
EMP01257,Picker,ST006,Night,58,4
EMP00993,Picker,ST087,Night,47,6
EMP00439,Picker,ST034,Evening,41,7
EMP01795,Picker,ST085,Morning,53,8
EMP00555,Store Associate,ST042,Evening,56,4
EMP01689,Store Associate,ST087,Evening,40,6
EMP00494,Packer,ST055,Night,62,4
EMP02025,Picker,ST028,Morning,48,8
EMP02463,Picker,ST028,Morning,41,8
EMP02267,Picker,ST020,Morning,46,8
EMP00488,Rider Coordinator,ST060,Afternoon,56,5
EMP01295,Packer,ST026,Night,42,3
EMP01740,Store Associate,ST094,Afternoon,43,8
EMP00371,Store Associate,ST043,Night,55,8
EMP00405,Picker,ST081,Morning,54,6
EMP00526,Store Associate,ST065,Morning,38,5
EMP00310,Rider Coordinator,ST087,Morning,51,7
EMP01254,Supervisor,ST054,Evening,45,8
EMP02422,Store Associate,ST028,Afternoon,46,9
EMP00018,Packer,ST090,Morning,50,5
EMP02326,Packer,ST087,Evening,43,6
EMP00974,Store Associate,ST019,Evening,52,6
EMP01997,Picker,ST087,Evening,48,8
EMP00309,Store Associate,ST070,Afternoon,43,4
EMP00508,Picker,ST018,Evening,58,2
EMP02489,Store Associate,ST099,Morning,34,1
EMP00457,Supervisor,ST035,Evening,66,6
EMP01250,Packer,ST086,Morning,48,3
EMP01541,Picker,ST085,Afternoon,38,3
EMP00928,Store Associate,ST008,Evening,50,7
EMP01663,Picker,ST082,Afternoon,54,6
EMP02222,Rider Coordinator,ST031,Evening,57,8
EMP00100,Store Associate,ST036,Morning,59,4
EMP01421,Packer,ST078,Afternoon,48,5
EMP01927,Packer,ST069,Morning,42,6
EMP01161,Picker,ST007,Night,50,4
EMP00447,Picker,ST041,Morning,50,6
EMP00642,Store Associate,ST054,Afternoon,49,3
EMP01891,Picker,ST063,Evening,64,5
EMP01791,Packer,ST036,Morning,50,2
EMP00462,Packer,ST016,Morning,43,5
EMP01520,Picker,ST090,Evening,38,6
EMP01990,Rider Coordinator,ST077,Night,45,11
EMP00684,Store Associate,ST055,Afternoon,39,6
EMP01323,Rider Coordinator,ST008,Morning,51,6
EMP01560,Store Associate,ST058,Evening,54,3
EMP00476,Picker,ST022,Afternoon,43,5
EMP02187,Picker,ST024,Evening,42,7
EMP00287,Rider Coordinator,ST008,Afternoon,40,7
EMP01429,Picker,ST016,Evening,55,6
EMP02280,Store Associate,ST010,Morning,50,7
EMP00800,Store Associate,ST066,Evening,56,7
EMP01338,Rider Coordinator,ST013,Morning,45,7
EMP01956,Store Associate,ST004,Morning,47,5
EMP01237,Picker,ST003,Afternoon,67,5
EMP02328,Picker,ST092,Night,47,16
EMP02054,Picker,ST087,Evening,52,5
EMP02212,Store Associate,ST048,Afternoon,46,6
EMP00117,Packer,ST066,Evening,45,3
EMP02323,Store Associate,ST021,Afternoon,50,4
EMP02376,Store Associate,ST029,Afternoon,52,5
EMP00721,Store Associate,ST073,Afternoon,53,8
EMP02354,Store Associate,ST078,Afternoon,41,5
EMP01724,Picker,ST022,Evening,49,6
EMP01146,Picker,ST072,Morning,50,4
EMP01793,Store Associate,ST050,Afternoon,59,5
EMP01014,Store Associate,ST046,Morning,41,2
EMP00388,Store Associate,ST019,Afternoon,46,6
EMP00357,Packer,ST032,Evening,36,8
EMP02087,Rider Coordinator,ST035,Afternoon,46,6
EMP02177,Store Associate,ST017,Morning,43,3
EMP00713,Packer,ST044,Night,46,5
EMP00904,Picker,ST047,Afternoon,42,5
EMP01450,Store Associate,ST045,Afternoon,53,9
EMP00026,Packer,ST015,Morning,46,4
EMP01874,Picker,ST075,Evening,58,7
EMP00665,Picker,ST094,Night,40,10
EMP01319,Picker,ST079,Morning,46,6
EMP01666,Picker,ST030,Afternoon,47,9
EMP00005,Supervisor,ST004,Night,43,8
EMP00293,Store Associate,ST044,Evening,53,9
EMP01058,Packer,ST099,Afternoon,53,4
EMP01467,Packer,ST096,Morning,51,6
EMP02285,Picker,ST015,Afternoon,46,7
EMP01305,Store Associate,ST055,Afternoon,39,8
EMP01786,Rider Coordinator,ST071,Afternoon,36,3
EMP00995,Store Associate,ST063,Evening,51,8
EMP01734,Store Associate,ST094,Morning,58,8
EMP02040,Store Associate,ST055,Evening,49,5
EMP01960,Rider Coordinator,ST033,Afternoon,66,9
EMP02105,Store Associate,ST017,Afternoon,50,4
EMP02017,Store Associate,ST049,Evening,49,6
EMP01696,Packer,ST029,Evening,55,3
EMP02095,Store Associate,ST002,Evening,41,11
EMP02247,Store Associate,ST090,Morning,49,7
EMP01025,Picker,ST043,Afternoon,48,5
EMP02416,Store Associate,ST090,Evening,47,8
EMP00032,Rider Coordinator,ST045,Evening,51,7
EMP02267,Picker,ST023,Afternoon,46,3
EMP00715,Store Associate,ST078,Evening,36,4
EMP01290,Store Associate,ST041,Evening,50,5
EMP00428,Store Associate,ST061,Morning,50,7
EMP01334,Supervisor,ST081,Afternoon,47,2
EMP02114,Packer,ST082,Night,44,6
EMP01465,Rider Coordinator,ST036,Night,44,3
EMP01500,Store Associate,ST040,Morning,52,6
EMP01527,Picker,ST020,Afternoon,53,6
EMP01743,Picker,ST017,Evening,46,10
EMP00193,Store Associate,ST060,Evening,58,9
EMP01111,Rider Coordinator,ST083,Evening,45,7
EMP02424,Store Associate,ST087,Night,47,11
EMP02069,Store Associate,ST020,Evening,59,2
EMP02138,Rider Coordinator,ST061,Afternoon,42,9
EMP02245,Picker,ST037,Morning,51,2
EMP00729,Rider Coordinator,ST088,Afternoon,34,6
EMP01788,Supervisor,ST022,Night,50,4
EMP01861,Rider Coordinator,ST045,Morning,53,4
EMP01025,Store Associate,ST079,Afternoon,45,9
EMP02399,Picker,ST002,Evening,60,7
EMP00507,Rider Coordinator,ST018,Morning,55,7
EMP00437,Packer,ST023,Evening,58,1
EMP00013,Store Associate,ST079,Evening,52,8
EMP00258,Packer,ST030,Afternoon,35,5
EMP00967,Store Associate,ST014,Afternoon,50,6
EMP02192,Store Associate,ST039,Afternoon,47,6
EMP01301,Picker,ST057,Afternoon,35,9
EMP01243,Picker,ST049,Night,52,10
EMP00133,Rider Coordinator,ST062,Afternoon,41,5
EMP00227,Picker,ST096,Night,52,6
EMP02240,Supervisor,ST048,Evening,48,7
EMP02133,Packer,ST060,Evening,48,5
EMP02275,Picker,ST027,Morning,47,2
EMP00349,Store Associate,ST044,Evening,51,4
EMP01712,Store Associate,ST082,Morning,56,4
EMP01711,Store Associate,ST018,Afternoon,40,7
EMP00021,Store Associate,ST026,Afternoon,43,10
EMP00407,Picker,ST073,Afternoon,49,8
EMP01337,Supervisor,ST029,Night,35,8
EMP00572,Packer,ST012,Evening,29,4
EMP00365,Packer,ST087,Evening,36,5
EMP00705,Supervisor,ST009,Morning,44,7
EMP01588,Store Associate,ST008,Morning,49,6
EMP00065,Packer,ST031,Afternoon,44,10
EMP01726,Packer,ST081,Evening,54,5
EMP00371,Store Associate,ST081,Afternoon,44,4
EMP00571,Store Associate,ST067,Morning,41,5
EMP01223,Picker,ST052,Evening,55,6
EMP02072,Packer,ST091,Afternoon,50,5
EMP00045,Rider Coordinator,ST036,Evening,48,10
EMP01692,Rider Coordinator,ST050,Afternoon,54,3
EMP02207,Packer,ST041,Afternoon,41,7
EMP00636,Rider Coordinator,ST023,Afternoon,48,7
EMP00950,Picker,ST072,Afternoon,38,8
EMP00757,Supervisor,ST068,Evening,55,6
EMP01082,Picker,ST035,Afternoon,38,6
EMP00710,Store Associate,ST008,Evening,31,8
EMP01261,Rider Coordinator,ST046,Night,44,5
EMP00291,Store Associate,ST051,Afternoon,39,4
EMP01355,Supervisor,ST041,Morning,44,10
EMP02184,Rider Coordinator,ST075,Evening,51,8
EMP02118,Picker,ST028,Afternoon,44,4
EMP02030,Packer,ST035,Evening,54,7
EMP00529,Packer,ST094,Evening,38,6
EMP01504,Picker,ST023,Evening,60,1
EMP00691,Store Associate,ST094,Morning,51,9
EMP01032,Store Associate,ST072,Afternoon,41,7
EMP02202,Rider Coordinator,ST046,Evening,57,1
EMP01852,Supervisor,ST080,Morning,53,6
EMP02221,Picker,ST065,Afternoon,52,4
EMP00115,Store Associate,ST008,Morning,46,3
EMP01957,Supervisor,ST046,Morning,42,8
EMP00029,Packer,ST078,Evening,49,9
EMP01286,Store Associate,ST059,Night,43,4
EMP00561,Picker,ST001,Afternoon,48,2
EMP02300,Supervisor,ST100,Evening,44,5
EMP00796,Store Associate,ST083,Evening,36,6
EMP00186,Store Associate,ST041,Evening,50,6
EMP00243,Store Associate,ST081,Morning,43,7
EMP00681,Picker,ST094,Evening,51,5
EMP01284,Store Associate,ST075,Afternoon,52,8
EMP00045,Picker,ST055,Evening,45,6
EMP02445,Supervisor,ST051,Evening,48,4
EMP00499,Packer,ST010,Afternoon,62,7
EMP01094,Packer,ST038,Afternoon,45,2
EMP00795,Packer,ST001,Morning,49,5
EMP01100,Picker,ST061,Evening,52,2
EMP00891,Picker,ST092,Evening,48,5
EMP01900,Store Associate,ST034,Evening,58,3
EMP02038,Packer,ST008,Evening,49,11
EMP00538,Rider Coordinator,ST056,Night,50,4
EMP02315,Packer,ST044,Night,40,3
EMP01791,Store Associate,ST053,Evening,42,10
EMP01844,Store Associate,ST081,Afternoon,36,3
EMP01399,Picker,ST031,Afternoon,50,7
EMP01268,Picker,ST022,Morning,33,7
EMP02064,Picker,ST062,Afternoon,50,6
EMP00540,Picker,ST026,Evening,41,9
EMP01046,Store Associate,ST022,Afternoon,56,12
EMP00414,Rider Coordinator,ST002,Afternoon,62,4
EMP01769,Rider Coordinator,ST081,Evening,43,4
EMP00720,Picker,ST019,Evening,59,5
EMP00983,Picker,ST058,Evening,44,8
EMP01680,Packer,ST014,Afternoon,64,2
EMP01173,Store Associate,ST084,Morning,47,4
EMP02233,Store Associate,ST095,Morning,66,5
EMP00151,Supervisor,ST067,Evening,54,11
EMP01622,Picker,ST012,Night,50,4
EMP01070,Store Associate,ST055,Evening,50,7
EMP02297,Packer,ST011,Evening,55,6
EMP00764,Supervisor,ST035,Afternoon,55,2
EMP00821,Picker,ST081,Morning,44,3
EMP01671,Supervisor,ST095,Morning,50,12
EMP02382,Picker,ST050,Night,57,2
EMP00353,Picker,ST033,Evening,54,5
EMP01947,Supervisor,ST007,Afternoon,49,11
EMP00102,Supervisor,ST081,Afternoon,53,5
EMP01097,Packer,ST092,Morning,51,5
EMP00565,Store Associate,ST003,Evening,50,3
EMP01007,Packer,ST062,Afternoon,56,10
EMP02121,Supervisor,ST065,Afternoon,47,10
EMP01198,Picker,ST086,Afternoon,46,5
EMP02283,Supervisor,ST089,Evening,51,5
EMP00217,Packer,ST074,Afternoon,51,6
EMP01183,Packer,ST027,Afternoon,52,6
EMP01340,Picker,ST001,Morning,40,8
EMP01071,Packer,ST080,Evening,50,7
EMP01263,Supervisor,ST042,Afternoon,40,10
EMP00017,Store Associate,ST080,Evening,46,13
EMP00516,Picker,ST025,Afternoon,53,7
EMP01935,Supervisor,ST032,Evening,42,6
EMP00460,Packer,ST005,Evening,37,8
EMP01237,Store Associate,ST059,Morning,39,6
EMP01634,Picker,ST007,Morning,56,6
EMP01723,Picker,ST074,Night,37,6
EMP00155,Store Associate,ST079,Night,53,5
EMP01171,Picker,ST091,Morning,60,6
EMP02237,Store Associate,ST076,Morning,40,4
EMP01938,Packer,ST097,Morning,52,3
EMP02304,Packer,ST063,Afternoon,33,6
EMP01283,Store Associate,ST031,Evening,49,1
EMP02205,Picker,ST004,Afternoon,45,6
EMP01697,Store Associate,ST074,Afternoon,47,5
EMP01222,Picker,ST037,Morning,56,2
EMP00193,Picker,ST028,Afternoon,35,4
EMP00301,Packer,ST080,Night,37,4
EMP02273,Packer,ST091,Night,43,8
EMP01605,Rider Coordinator,ST035,Evening,53,2
EMP00302,Store Associate,ST070,Evening,57,4
EMP00564,Picker,ST060,Night,39,4
EMP01205,Packer,ST080,Evening,38,7
EMP01522,Picker,ST007,Evening,45,10
EMP00912,Picker,ST055,Morning,48,7
EMP01069,Store Associate,ST068,Afternoon,42,5
EMP00848,Picker,ST065,Evening,39,3
EMP02457,Picker,ST009,Morning,35,4
EMP01469,Picker,ST075,Night,56,7
EMP01481,Picker,ST003,Night,43,8
EMP01893,Store Associate,ST072,Night,54,7
EMP00726,Supervisor,ST098,Evening,53,5
EMP00352,Picker,ST042,Night,48,7
EMP00514,Rider Coordinator,ST003,Afternoon,36,7
EMP01013,Packer,ST023,Night,57,7
EMP01479,Rider Coordinator,ST055,Evening,35,5
EMP00946,Store Associate,ST043,Afternoon,49,2
EMP01881,Store Associate,ST052,Morning,47,5
EMP00082,Packer,ST067,Evening,54,5
EMP02218,Picker,ST067,Evening,38,5
EMP00542,Packer,ST067,Morning,54,4
EMP00347,Store Associate,ST060,Morning,55,6
EMP01888,Picker,ST026,Night,57,6
EMP01097,Packer,ST077,Evening,53,8
EMP01593,Store Associate,ST035,Evening,48,5
EMP01894,Picker,ST018,Afternoon,45,8
EMP00102,Picker,ST043,Evening,45,8
EMP00341,Supervisor,ST044,Afternoon,50,8
EMP02318,Packer,ST080,Afternoon,50,7
EMP01312,Picker,ST066,Evening,48,4
EMP00994,Packer,ST044,Evening,44,6
EMP00592,Picker,ST051,Evening,51,6
EMP01491,Rider Coordinator,ST055,Evening,46,5
EMP00700,Store Associate,ST008,Evening,43,5
EMP00823,Store Associate,ST058,Evening,51,7
EMP01446,Store Associate,ST040,Afternoon,43,4
EMP01881,Packer,ST014,Evening,43,4
EMP00578,Picker,ST081,Afternoon,31,10
EMP02338,Store Associate,ST085,Morning,47,8
EMP00312,Picker,ST065,Afternoon,49,3
EMP00915,Store Associate,ST091,Morning,65,6
EMP00677,Packer,ST015,Night,52,4
EMP01278,Rider Coordinator,ST006,Night,51,5
EMP01031,Store Associate,ST032,Afternoon,52,6
EMP01003,Supervisor,ST017,Morning,52,9
EMP01026,Store Associate,ST062,Evening,48,6
EMP01431,Rider Coordinator,ST079,Evening,43,5
EMP00112,Supervisor,ST098,Morning,53,5
EMP00220,Packer,ST054,Morning,39,3
EMP00032,Packer,ST029,Evening,50,2
EMP00111,Store Associate,ST045,Afternoon,46,6
EMP01403,Store Associate,ST020,Evening,52,3
EMP02242,Packer,ST017,Night,54,11
EMP00290,Picker,ST086,Evening,59,5
EMP02299,Supervisor,ST018,Morning,52,14
EMP00321,Picker,ST063,Evening,49,6
EMP01051,Picker,ST050,Evening,53,5
EMP00040,Supervisor,ST042,Evening,41,8
EMP01373,Packer,ST098,Morning,38,9
EMP00767,Rider Coordinator,ST061,Morning,58,8
EMP01381,Picker,ST010,Afternoon,44,5
EMP00652,Packer,ST098,Evening,43,7
EMP02363,Rider Coordinator,ST097,Evening,44,11
EMP01227,Picker,ST019,Morning,47,5
EMP00573,Store Associate,ST053,Afternoon,51,6
EMP01012,Picker,ST058,Night,53,2
EMP01928,Packer,ST056,Morning,46,6
EMP01682,Packer,ST090,Afternoon,47,3
EMP01941,Picker,ST056,Afternoon,44,6
EMP00203,Picker,ST068,Evening,35,7
EMP02456,Picker,ST032,Afternoon,42,4
EMP02362,Store Associate,ST083,Evening,49,5
EMP01634,Packer,ST046,Evening,57,12
EMP01459,Supervisor,ST035,Morning,49,6
EMP02159,Packer,ST058,Evening,54,1
EMP02499,Rider Coordinator,ST097,Evening,43,5
EMP01711,Packer,ST048,Afternoon,43,6
EMP01609,Packer,ST066,Afternoon,47,12
EMP01159,Picker,ST024,Afternoon,38,6
EMP01534,Picker,ST069,Night,56,2
EMP00388,Picker,ST049,Afternoon,47,9
EMP02344,Picker,ST085,Evening,51,4
EMP00694,Packer,ST086,Evening,45,5
EMP01879,Store Associate,ST096,Morning,48,6
EMP01118,Picker,ST057,Morning,54,7
EMP01771,Store Associate,ST056,Evening,57,4
EMP01118,Picker,ST097,Morning,53,10
EMP01479,Store Associate,ST068,Afternoon,45,7
EMP02380,Packer,ST050,Morning,58,2
EMP00971,Picker,ST047,Night,45,7
EMP01210,Supervisor,ST069,Afternoon,45,10
EMP02238,Rider Coordinator,ST067,Evening,55,4
EMP00342,Picker,ST047,Afternoon,57,7
EMP01165,Rider Coordinator,ST031,Evening,55,8
EMP01539,Store Associate,ST037,Afternoon,40,3
EMP02389,Store Associate,ST020,Night,53,3
EMP01701,Picker,ST038,Morning,45,3
EMP00191,Picker,ST078,Night,44,7
EMP02101,Rider Coordinator,ST089,Evening,59,5
EMP01279,Picker,ST039,Morning,57,5
EMP00245,Store Associate,ST036,Night,48,2
EMP01174,Picker,ST058,Afternoon,36,8
EMP01458,Picker,ST011,Night,48,3
EMP01813,Rider Coordinator,ST025,Evening,60,6
EMP01417,Packer,ST077,Morning,41,7
EMP01213,Store Associate,ST089,Night,52,7
EMP01277,Picker,ST086,Evening,46,6
EMP01544,Picker,ST062,Afternoon,53,5
EMP00931,Store Associate,ST058,Evening,48,8
EMP01706,Picker,ST037,Night,42,6
EMP01363,Store Associate,ST073,Evening,45,6
EMP00075,Packer,ST057,Night,47,7
EMP02485,Picker,ST044,Morning,44,7
EMP02242,Packer,ST078,Afternoon,50,1
EMP02024,Picker,ST050,Night,44,4
EMP01503,Picker,ST004,Afternoon,40,11
EMP01773,Store Associate,ST096,Evening,42,5
EMP00991,Packer,ST013,Afternoon,51,7
EMP00308,Packer,ST054,Evening,28,7
EMP00564,Store Associate,ST078,Evening,45,8
EMP00227,Packer,ST077,Afternoon,49,6
EMP00726,Picker,ST016,Morning,48,3
EMP01494,Store Associate,ST083,Night,51,8
EMP01945,Rider Coordinator,ST015,Afternoon,50,3
EMP00479,Store Associate,ST092,Evening,37,1
EMP01791,Packer,ST100,Night,47,4
EMP01930,Store Associate,ST057,Afternoon,52,6
EMP00653,Store Associate,ST030,Night,39,7
EMP01015,Picker,ST048,Afternoon,41,3
EMP01726,Rider Coordinator,ST037,Afternoon,43,2
EMP00787,Store Associate,ST045,Evening,40,6
EMP00367,Rider Coordinator,ST009,Evening,60,7
EMP02231,Rider Coordinator,ST013,Morning,55,2
EMP00169,Picker,ST053,Evening,50,5
EMP02414,Packer,ST065,Afternoon,57,10
EMP00012,Packer,ST094,Morning,41,4
EMP01254,Store Associate,ST098,Evening,55,10
EMP00720,Picker,ST098,Afternoon,50,8
EMP00698,Packer,ST079,Evening,42,6
EMP01916,Store Associate,ST017,Morning,61,5
EMP00716,Picker,ST071,Evening,62,9
EMP00007,Packer,ST012,Morning,58,4
EMP01212,Store Associate,ST098,Afternoon,52,9
EMP00059,Supervisor,ST049,Evening,52,8
EMP00197,Packer,ST072,Morning,48,4
EMP00211,Store Associate,ST088,Night,37,5
EMP00525,Picker,ST045,Morning,54,7
EMP01482,Store Associate,ST079,Night,48,9
EMP00412,Rider Coordinator,ST075,Evening,56,3
EMP00093,Store Associate,ST056,Afternoon,41,8
EMP01461,Picker,ST033,Afternoon,45,7
EMP01200,Picker,ST034,Evening,38,6
EMP01078,Rider Coordinator,ST084,Morning,55,4
EMP00856,Packer,ST031,Morning,43,6
EMP02143,Picker,ST010,Afternoon,42,8
EMP02125,Store Associate,ST051,Evening,46,3
EMP00749,Store Associate,ST020,Night,57,4
EMP01322,Rider Coordinator,ST063,Evening,49,7
EMP00387,Supervisor,ST008,Afternoon,62,6
EMP00113,Supervisor,ST084,Morning,54,4
EMP01544,Rider Coordinator,ST081,Evening,51,1
EMP00174,Store Associate,ST066,Evening,36,5
EMP00467,Packer,ST012,Afternoon,41,10
EMP02285,Rider Coordinator,ST031,Evening,45,7
EMP01180,Rider Coordinator,ST085,Evening,43,8
EMP00103,Packer,ST098,Morning,45,6
EMP01577,Store Associate,ST004,Afternoon,49,7
EMP02163,Packer,ST055,Evening,48,3
EMP01010,Store Associate,ST030,Evening,41,5
EMP00577,Store Associate,ST075,Morning,38,5
EMP01777,Store Associate,ST096,Afternoon,50,7
EMP01163,Store Associate,ST061,Morning,43,8
EMP01103,Supervisor,ST100,Morning,62,5
EMP00426,Store Associate,ST068,Afternoon,46,4
EMP00108,Packer,ST065,Morning,50,6
EMP01305,Store Associate,ST029,Afternoon,56,3
EMP02383,Supervisor,ST078,Night,43,7
EMP00474,Packer,ST091,Evening,47,6
EMP01007,Picker,ST050,Afternoon,49,0
EMP01605,Picker,ST066,Evening,50,9
EMP02202,Store Associate,ST018,Evening,45,9
EMP01248,Picker,ST058,Morning,37,5
EMP01950,Rider Coordinator,ST070,Evening,47,5
EMP01770,Picker,ST068,Morning,39,8
EMP00479,Picker,ST080,Morning,56,4
EMP01483,Store Associate,ST036,Afternoon,47,7
EMP02377,Packer,ST079,Morning,48,7
EMP02437,Store Associate,ST070,Morning,45,5
EMP00785,Store Associate,ST020,Afternoon,52,7
EMP01602,Store Associate,ST022,Evening,45,6
EMP01311,Packer,ST037,Morning,53,3
EMP02486,Store Associate,ST052,Evening,59,2
EMP02471,Packer,ST067,Afternoon,43,5
EMP01473,Packer,ST090,Evening,34,4
EMP00893,Picker,ST053,Afternoon,44,7
EMP01572,Rider Coordinator,ST066,Morning,48,9
EMP00471,Picker,ST009,Night,40,6
EMP00012,Packer,ST046,Evening,43,7
EMP00911,Packer,ST021,Afternoon,47,7
EMP01796,Packer,ST011,Afternoon,39,4
EMP00937,Picker,ST082,Morning,46,6
EMP01343,Store Associate,ST004,Afternoon,45,4
EMP00041,Store Associate,ST037,Evening,42,7
EMP02167,Supervisor,ST050,Evening,41,4
EMP00831,Picker,ST072,Morning,65,5
EMP00158,Store Associate,ST072,Morning,51,9
EMP00797,Packer,ST094,Evening,46,5
EMP00602,Picker,ST063,Evening,55,6
EMP00623,Store Associate,ST019,Afternoon,42,7
EMP00198,Picker,ST005,Evening,53,4
EMP00416,Store Associate,ST040,Afternoon,50,6
EMP02351,Picker,ST071,Morning,48,3
EMP00809,Picker,ST083,Evening,53,6
EMP01678,Picker,ST007,Evening,54,7
EMP01722,Packer,ST021,Evening,47,6
EMP00619,Picker,ST016,Evening,52,10
EMP00166,Packer,ST073,Evening,46,11
EMP01531,Store Associate,ST027,Morning,45,5
EMP01868,Picker,ST041,Evening,62,5
EMP01353,Store Associate,ST095,Afternoon,56,7
EMP00392,Rider Coordinator,ST029,Afternoon,44,5
EMP01505,Store Associate,ST005,Night,46,7
EMP01924,Store Associate,ST066,Evening,49,5
EMP00069,Picker,ST024,Afternoon,44,4
EMP01242,Store Associate,ST099,Evening,53,5
EMP01241,Picker,ST073,Afternoon,60,3
EMP01356,Picker,ST076,Night,51,3
EMP00652,Supervisor,ST088,Afternoon,40,3
EMP00423,Picker,ST016,Evening,58,7
EMP00524,Rider Coordinator,ST046,Morning,53,6
EMP02132,Rider Coordinator,ST038,Evening,43,1
EMP01772,Store Associate,ST040,Afternoon,50,6
EMP01160,Picker,ST071,Evening,46,4
EMP01823,Rider Coordinator,ST012,Evening,44,7
EMP00655,Rider Coordinator,ST087,Morning,47,6
EMP01120,Picker,ST035,Afternoon,44,5
EMP01168,Picker,ST038,Evening,49,10
EMP00880,Store Associate,ST011,Evening,50,4
EMP02362,Store Associate,ST027,Afternoon,45,6
EMP00363,Store Associate,ST071,Morning,52,3
EMP01524,Picker,ST007,Afternoon,48,11
EMP00132,Supervisor,ST094,Night,42,10
EMP01363,Rider Coordinator,ST003,Morning,58,11
EMP02445,Packer,ST056,Evening,47,6
EMP01288,Store Associate,ST072,Afternoon,52,3
EMP02252,Store Associate,ST084,Evening,42,2
EMP02413,Store Associate,ST100,Morning,57,4
EMP01723,Store Associate,ST039,Evening,37,5
EMP00102,Picker,ST019,Evening,37,3
EMP01066,Picker,ST096,Morning,58,6
EMP00532,Store Associate,ST002,Afternoon,50,9
EMP00323,Rider Coordinator,ST060,Evening,57,3
EMP00841,Store Associate,ST047,Morning,42,10
EMP00603,Store Associate,ST092,Morning,65,7
EMP02423,Supervisor,ST059,Afternoon,39,11
EMP00820,Store Associate,ST059,Afternoon,43,8
EMP01893,Picker,ST053,Afternoon,51,9
EMP02188,Picker,ST060,Evening,49,7
EMP02301,Supervisor,ST079,Afternoon,36,11
EMP00250,Packer,ST036,Evening,40,4
EMP00282,Picker,ST006,Evening,43,7
EMP01490,Picker,ST036,Morning,46,3
EMP02351,Store Associate,ST096,Night,46,6
EMP00631,Rider Coordinator,ST037,Evening,51,6
EMP02141,Picker,ST044,Evening,50,5
EMP00836,Store Associate,ST077,Evening,57,4
EMP02397,Supervisor,ST045,Evening,45,3
EMP01534,Store Associate,ST083,Morning,32,5
EMP01201,Packer,ST018,Afternoon,74,4
EMP01790,Picker,ST019,Morning,45,7
EMP02432,Picker,ST100,Evening,56,6
EMP00574,Picker,ST093,Night,43,7
EMP00741,Rider Coordinator,ST089,Afternoon,43,2
EMP02218,Packer,ST006,Night,55,6
EMP01326,Supervisor,ST088,Evening,44,4
EMP02329,Supervisor,ST008,Evening,42,2
EMP01736,Picker,ST077,Night,54,6
EMP01983,Picker,ST032,Evening,45,10
EMP01190,Store Associate,ST007,Evening,40,4
EMP01724,Supervisor,ST060,Morning,51,3
EMP01885,Picker,ST064,Afternoon,53,9
EMP00264,Supervisor,ST031,Evening,41,5
EMP00860,Packer,ST044,Night,46,5
EMP02420,Rider Coordinator,ST050,Afternoon,40,3
EMP01020,Store Associate,ST092,Evening,38,6
EMP02398,Supervisor,ST052,Evening,56,2
EMP01183,Picker,ST030,Afternoon,50,5
EMP01356,Rider Coordinator,ST070,Evening,44,6
EMP02325,Packer,ST033,Afternoon,46,4
EMP01036,Store Associate,ST096,Evening,39,9
EMP00276,Store Associate,ST006,Night,45,7
EMP00823,Picker,ST009,Afternoon,47,8
EMP01231,Picker,ST087,Morning,55,3
EMP01665,Rider Coordinator,ST098,Night,51,2
EMP01276,Picker,ST024,Afternoon,62,9
EMP01780,Picker,ST062,Morning,37,7
EMP00382,Store Associate,ST018,Evening,57,8
EMP02419,Picker,ST036,Night,54,7
EMP00006,Picker,ST022,Night,52,3
EMP00874,Packer,ST064,Evening,50,7
EMP00778,Picker,ST017,Evening,41,6
EMP00735,Picker,ST049,Evening,53,4
EMP01056,Picker,ST091,Evening,60,5
EMP02358,Store Associate,ST080,Evening,48,8
EMP00618,Picker,ST086,Morning,54,5
EMP01718,Store Associate,ST042,Night,51,4
EMP01982,Rider Coordinator,ST095,Morning,55,2
EMP00257,Rider Coordinator,ST009,Afternoon,52,4
EMP01841,Packer,ST084,Morning,48,6
EMP02345,Store Associate,ST040,Morning,44,7
EMP01940,Packer,ST041,Evening,48,11
EMP01959,Store Associate,ST047,Afternoon,44,2
EMP00146,Store Associate,ST006,Evening,51,8
EMP01176,Rider Coordinator,ST020,Afternoon,44,7
EMP01004,Packer,ST010,Evening,47,5
EMP02217,Supervisor,ST087,Afternoon,52,3
EMP00065,Picker,ST036,Evening,48,5
EMP01706,Picker,ST030,Night,43,4
EMP00300,Store Associate,ST038,Morning,42,4
EMP00431,Store Associate,ST036,Morning,44,8
EMP00726,Supervisor,ST024,Afternoon,52,10
EMP00479,Supervisor,ST094,Evening,50,7
EMP00346,Supervisor,ST061,Evening,60,7
EMP00148,Picker,ST001,Evening,43,5
EMP01591,Picker,ST074,Evening,54,5
EMP01936,Packer,ST038,Afternoon,39,6
EMP00016,Picker,ST015,Afternoon,46,8
EMP01293,Store Associate,ST040,Evening,56,4
EMP01439,Packer,ST037,Morning,44,8
EMP00742,Picker,ST032,Evening,39,3
EMP00587,Picker,ST013,Evening,38,3
EMP01483,Picker,ST062,Night,35,9
EMP00649,Picker,ST019,Morning,46,4
EMP00090,Picker,ST054,Night,45,4
EMP02385,Picker,ST038,Morning,48,12
EMP00412,Store Associate,ST080,Evening,47,6
EMP00912,Packer,ST051,Evening,46,6
EMP02288,Picker,ST004,Afternoon,52,10
EMP00700,Packer,ST032,Evening,46,5
EMP01424,Picker,ST055,Afternoon,54,7
EMP01806,Picker,ST028,Afternoon,62,10
EMP02028,Packer,ST079,Morning,53,4
EMP01836,Store Associate,ST016,Evening,44,5
EMP00858,Picker,ST044,Evening,37,8
EMP02425,Store Associate,ST059,Evening,45,4
EMP01092,Packer,ST067,Morning,50,10
EMP01991,Picker,ST099,Evening,43,7
EMP01993,Store Associate,ST012,Morning,49,6
EMP02360,Store Associate,ST007,Morning,48,4
EMP01057,Picker,ST054,Evening,45,5
EMP01713,Packer,ST013,Afternoon,49,8
EMP02394,Picker,ST080,Night,43,6
EMP01215,Supervisor,ST098,Afternoon,49,6
EMP00905,Packer,ST048,Morning,52,10
EMP00185,Store Associate,ST012,Evening,68,4
EMP00051,Store Associate,ST036,Night,49,4
EMP00956,Packer,ST096,Morning,42,6
EMP01521,Packer,ST001,Evening,45,8
EMP02171,Supervisor,ST008,Afternoon,47,3
EMP00012,Store Associate,ST006,Evening,38,7
EMP00117,Picker,ST022,Evening,56,5
EMP01246,Picker,ST002,Afternoon,57,5
EMP01485,Store Associate,ST078,Evening,49,6
EMP01198,Rider Coordinator,ST078,Evening,52,5
EMP01087,Store Associate,ST074,Afternoon,44,7
EMP00520,Packer,ST099,Night,45,9
EMP01892,Picker,ST060,Evening,56,5
EMP00662,Picker,ST062,Morning,46,9
EMP01248,Store Associate,ST009,Afternoon,48,3
EMP00889,Rider Coordinator,ST091,Evening,44,6
EMP01166,Packer,ST048,Afternoon,59,10
EMP02227,Store Associate,ST068,Evening,46,8
EMP01825,Store Associate,ST070,Afternoon,31,6
EMP01714,Rider Coordinator,ST015,Afternoon,48,4
EMP02167,Packer,ST088,Evening,36,5
EMP00167,Store Associate,ST020,Morning,46,5
EMP00075,Picker,ST057,Afternoon,50,3
EMP02488,Supervisor,ST056,Night,46,8
EMP02470,Rider Coordinator,ST027,Morning,58,4
EMP01371,Picker,ST071,Evening,44,6
EMP01619,Picker,ST094,Afternoon,33,10
EMP00406,Picker,ST098,Afternoon,52,7
EMP00668,Picker,ST087,Afternoon,43,1
EMP01235,Picker,ST035,Evening,56,7
EMP01032,Picker,ST068,Evening,57,8
EMP02048,Picker,ST065,Afternoon,52,3
EMP00731,Packer,ST028,Morning,38,5
EMP00357,Picker,ST019,Morning,45,9
EMP00730,Store Associate,ST079,Afternoon,38,7
EMP02174,Store Associate,ST023,Evening,49,5
EMP01938,Picker,ST090,Afternoon,33,8
EMP00266,Rider Coordinator,ST087,Afternoon,58,8
EMP01806,Picker,ST057,Evening,50,4
EMP01352,Picker,ST074,Evening,46,6
EMP02210,Picker,ST091,Afternoon,38,8
EMP00022,Packer,ST076,Evening,45,7
EMP00908,Picker,ST011,Afternoon,47,6
EMP01974,Rider Coordinator,ST019,Afternoon,42,3
EMP00728,Packer,ST006,Afternoon,47,5
EMP02450,Picker,ST045,Evening,53,11
EMP00986,Store Associate,ST078,Evening,43,4
EMP02341,Store Associate,ST067,Night,49,6
EMP00829,Store Associate,ST072,Evening,49,4
EMP01722,Picker,ST083,Afternoon,38,6
EMP00605,Picker,ST052,Evening,27,5
EMP01941,Packer,ST091,Afternoon,50,4
EMP00523,Store Associate,ST091,Morning,46,9
EMP02076,Store Associate,ST028,Evening,42,5
EMP00638,Supervisor,ST001,Morning,47,5
EMP00492,Supervisor,ST081,Morning,43,9
EMP01198,Picker,ST082,Evening,51,9
EMP00754,Picker,ST092,Morning,39,5
EMP00623,Rider Coordinator,ST022,Afternoon,55,5
EMP01319,Store Associate,ST007,Evening,53,9
EMP02056,Picker,ST098,Evening,42,4
EMP01242,Packer,ST087,Afternoon,38,8
EMP02405,Packer,ST045,Evening,49,6
EMP00217,Picker,ST039,Afternoon,52,7
EMP00104,Packer,ST016,Morning,54,4
EMP02320,Packer,ST060,Evening,41,11
EMP00557,Picker,ST027,Evening,47,3
EMP00592,Picker,ST061,Afternoon,48,4
EMP01147,Supervisor,ST003,Night,58,3
EMP01527,Store Associate,ST010,Afternoon,42,8
EMP00653,Picker,ST002,Evening,52,3
EMP01200,Picker,ST090,Morning,43,4
EMP00354,Store Associate,ST055,Morning,42,5
EMP02321,Packer,ST029,Night,44,7
EMP00302,Store Associate,ST024,Evening,50,11
EMP02276,Packer,ST074,Night,42,12
EMP01132,Picker,ST027,Afternoon,37,7
EMP00027,Store Associate,ST026,Evening,50,10
EMP00649,Packer,ST053,Evening,45,3
EMP01091,Store Associate,ST041,Afternoon,44,3
EMP02188,Picker,ST078,Afternoon,44,6
EMP01835,Rider Coordinator,ST077,Evening,48,7
EMP01287,Store Associate,ST081,Morning,42,6
EMP01091,Store Associate,ST035,Afternoon,49,8
EMP00470,Rider Coordinator,ST023,Evening,53,9
EMP00968,Rider Coordinator,ST047,Morning,51,6
EMP01319,Picker,ST001,Afternoon,46,3
EMP02194,Supervisor,ST055,Morning,42,6
EMP01503,Packer,ST043,Evening,48,5
EMP01269,Rider Coordinator,ST017,Afternoon,55,7
EMP00114,Packer,ST076,Afternoon,47,3
EMP00989,Store Associate,ST013,Evening,55,7
EMP02174,Packer,ST032,Afternoon,46,2
EMP00731,Packer,ST100,Night,54,8
EMP01993,Store Associate,ST010,Morning,34,14
EMP02401,Supervisor,ST076,Afternoon,26,12
EMP01759,Packer,ST004,Afternoon,41,3
EMP01979,Store Associate,ST043,Afternoon,51,3
EMP00312,Packer,ST014,Morning,45,4
EMP01068,Rider Coordinator,ST056,Night,37,5
EMP01575,Picker,ST081,Afternoon,48,3
EMP00842,Store Associate,ST003,Evening,53,3
EMP01751,Store Associate,ST087,Evening,48,1
EMP01008,Store Associate,ST018,Afternoon,56,4
EMP01842,Picker,ST048,Afternoon,53,3
EMP02000,Store Associate,ST054,Evening,54,4
EMP01842,Store Associate,ST018,Evening,54,1
EMP02062,Picker,ST090,Night,51,1
EMP02184,Store Associate,ST006,Afternoon,44,4
EMP00091,Packer,ST016,Afternoon,36,2
EMP00700,Store Associate,ST074,Afternoon,52,12
EMP01493,Supervisor,ST002,Evening,40,3
EMP02300,Packer,ST084,Morning,46,4
EMP01766,Packer,ST063,Evening,54,8
EMP02324,Packer,ST055,Evening,51,7
EMP01768,Store Associate,ST063,Morning,53,7
EMP01867,Supervisor,ST027,Evening,36,5
EMP01419,Store Associate,ST079,Evening,43,6
EMP00834,Supervisor,ST060,Afternoon,38,7
EMP00640,Store Associate,ST047,Evening,47,6
EMP00866,Picker,ST041,Afternoon,55,9
EMP01644,Rider Coordinator,ST069,Afternoon,50,5
EMP02202,Store Associate,ST067,Night,46,3
EMP00427,Rider Coordinator,ST091,Afternoon,45,6
EMP01364,Picker,ST069,Afternoon,42,6
EMP00796,Picker,ST095,Evening,54,5
EMP00895,Packer,ST088,Afternoon,68,7
EMP02326,Store Associate,ST050,Evening,44,11
EMP02477,Store Associate,ST091,Night,44,9
EMP00669,Picker,ST030,Morning,50,7
EMP00900,Store Associate,ST061,Afternoon,52,3
EMP01384,Store Associate,ST046,Morning,44,7
EMP00522,Packer,ST084,Afternoon,47,5
EMP00762,Store Associate,ST071,Night,50,6
EMP00015,Store Associate,ST083,Evening,57,8
EMP02018,Supervisor,ST016,Evening,45,6
EMP02025,Packer,ST070,Evening,55,8
EMP00548,Supervisor,ST012,Night,53,3
EMP01925,Rider Coordinator,ST024,Morning,44,6
EMP02123,Picker,ST099,Afternoon,41,7
EMP02381,Store Associate,ST064,Evening,49,8
EMP01524,Packer,ST052,Evening,33,6
EMP01097,Packer,ST045,Night,42,5
EMP00691,Picker,ST001,Evening,41,2
EMP01247,Picker,ST056,Evening,42,5
EMP01974,Picker,ST038,Evening,48,6
EMP02364,Store Associate,ST100,Afternoon,44,8
EMP00190,Packer,ST093,Afternoon,45,6
EMP02443,Store Associate,ST015,Afternoon,51,3
EMP02342,Store Associate,ST100,Evening,50,6
EMP01306,Picker,ST057,Afternoon,52,9
EMP00170,Supervisor,ST044,Afternoon,66,7
EMP01104,Picker,ST077,Evening,61,9
EMP00958,Rider Coordinator,ST009,Evening,42,5
EMP01649,Picker,ST017,Night,50,8
EMP00844,Rider Coordinator,ST074,Evening,40,6
EMP00933,Picker,ST035,Evening,48,6
EMP00400,Store Associate,ST081,Evening,51,8
EMP01759,Picker,ST068,Evening,46,7
EMP00387,Store Associate,ST062,Evening,46,7
EMP00703,Store Associate,ST033,Evening,44,8
EMP01199,Picker,ST029,Night,49,8
EMP01404,Store Associate,ST011,Morning,46,5
EMP00086,Picker,ST060,Evening,49,7
EMP02309,Packer,ST008,Night,38,0
EMP00957,Store Associate,ST076,Night,39,5
EMP00887,Picker,ST003,Night,51,4
EMP01677,Picker,ST031,Night,47,6
EMP02255,Picker,ST007,Afternoon,37,5
EMP02194,Picker,ST086,Morning,40,6
EMP01150,Picker,ST040,Evening,46,9
EMP02406,Picker,ST020,Afternoon,53,8
EMP01233,Packer,ST058,Morning,52,6
EMP02490,Supervisor,ST012,Night,50,7
EMP01660,Store Associate,ST073,Afternoon,40,6
EMP01946,Store Associate,ST092,Morning,39,4
EMP00131,Rider Coordinator,ST079,Evening,34,4
EMP01185,Packer,ST013,Evening,44,8
EMP00223,Store Associate,ST052,Morning,43,4
EMP01019,Supervisor,ST021,Afternoon,47,4
EMP01692,Picker,ST006,Evening,52,6
EMP02063,Rider Coordinator,ST087,Afternoon,43,10
EMP02398,Picker,ST054,Afternoon,46,7
EMP00082,Packer,ST099,Evening,53,7
EMP00029,Picker,ST043,Morning,45,7
EMP02002,Picker,ST088,Morning,55,4
EMP01991,Rider Coordinator,ST058,Evening,57,3
EMP01146,Store Associate,ST083,Afternoon,44,5
EMP01720,Picker,ST040,Afternoon,41,3
EMP01933,Rider Coordinator,ST083,Evening,49,6
EMP02434,Picker,ST055,Morning,40,8
EMP01834,Packer,ST077,Morning,57,9
EMP01836,Store Associate,ST044,Night,33,5
EMP00728,Store Associate,ST056,Evening,42,8
EMP01207,Picker,ST063,Afternoon,40,4
EMP01525,Store Associate,ST040,Evening,44,4
EMP01946,Store Associate,ST043,Morning,46,8
EMP02044,Store Associate,ST044,Evening,37,4
EMP02406,Store Associate,ST031,Evening,51,6
EMP01506,Picker,ST055,Evening,48,9
EMP01359,Store Associate,ST012,Evening,50,8
EMP00413,Picker,ST017,Morning,47,12
EMP01103,Picker,ST013,Night,48,5
EMP02117,Store Associate,ST067,Morning,49,2
EMP02457,Picker,ST040,Evening,58,3
EMP00361,Packer,ST007,Evening,42,10
EMP01653,Supervisor,ST005,Morning,58,6
EMP01426,Packer,ST087,Afternoon,45,5
EMP01662,Packer,ST063,Afternoon,43,5
EMP00942,Picker,ST006,Evening,64,2
EMP00054,Store Associate,ST063,Afternoon,62,6
EMP00758,Picker,ST023,Night,54,3
EMP01646,Store Associate,ST086,Morning,53,3
EMP01021,Store Associate,ST073,Afternoon,54,2
EMP02251,Picker,ST036,Afternoon,49,5
EMP01170,Store Associate,ST081,Afternoon,56,8
EMP01304,Store Associate,ST024,Evening,49,7
EMP00022,Store Associate,ST075,Evening,39,4
EMP01359,Packer,ST087,Evening,49,5
EMP02147,Rider Coordinator,ST097,Afternoon,46,8
EMP01695,Store Associate,ST059,Evening,57,7
EMP00217,Packer,ST007,Evening,52,10
EMP01500,Packer,ST039,Evening,51,6
EMP02498,Store Associate,ST070,Evening,47,9
EMP01109,Picker,ST040,Afternoon,50,4
EMP01562,Store Associate,ST035,Night,35,3
EMP00901,Picker,ST094,Afternoon,44,5
EMP02313,Picker,ST040,Evening,44,8
EMP02010,Rider Coordinator,ST020,Morning,45,9
EMP02491,Packer,ST087,Afternoon,45,9
EMP00865,Packer,ST067,Evening,50,5
EMP01589,Packer,ST077,Afternoon,53,12
EMP01601,Supervisor,ST087,Evening,58,3
EMP00509,Picker,ST086,Night,49,5
EMP02164,Rider Coordinator,ST059,Afternoon,63,5
EMP01232,Store Associate,ST098,Night,44,7
EMP00323,Picker,ST031,Morning,49,8
EMP01975,Store Associate,ST029,Evening,50,4
EMP01046,Picker,ST054,Evening,35,5
EMP00590,Store Associate,ST071,Evening,47,11
EMP00979,Picker,ST055,Morning,63,10
EMP00197,Picker,ST011,Evening,40,4
EMP01933,Picker,ST062,Afternoon,39,6
EMP00230,Packer,ST027,Evening,66,7
EMP02470,Store Associate,ST046,Evening,42,7
EMP02053,Packer,ST001,Morning,47,6
EMP02259,Store Associate,ST048,Morning,55,8
EMP01637,Rider Coordinator,ST087,Evening,58,7
EMP01506,Picker,ST061,Evening,42,6
EMP00364,Store Associate,ST061,Night,32,5
EMP00861,Store Associate,ST081,Morning,40,5
EMP00560,Store Associate,ST041,Night,43,3
EMP01237,Picker,ST040,Evening,59,6
EMP02438,Store Associate,ST034,Evening,46,6
EMP02491,Rider Coordinator,ST006,Afternoon,43,8
EMP01934,Picker,ST070,Evening,59,8
EMP01774,Picker,ST071,Night,33,5
EMP00755,Store Associate,ST016,Evening,50,8
EMP00200,Picker,ST078,Afternoon,35,5
EMP00943,Store Associate,ST026,Morning,40,3
EMP00312,Picker,ST055,Morning,59,5
EMP01086,Picker,ST090,Morning,45,8
EMP01403,Store Associate,ST044,Evening,52,5
EMP01041,Picker,ST087,Afternoon,48,8
EMP00114,Picker,ST017,Afternoon,43,5
EMP00751,Picker,ST027,Afternoon,41,7
EMP02204,Packer,ST071,Morning,45,6
EMP02311,Store Associate,ST088,Night,52,6
EMP01437,Store Associate,ST079,Evening,50,5
EMP00370,Packer,ST081,Morning,43,3
EMP00671,Rider Coordinator,ST016,Afternoon,44,2
EMP00527,Picker,ST062,Night,45,6
EMP00652,Store Associate,ST043,Evening,52,7
EMP01969,Picker,ST016,Evening,50,4
EMP00037,Store Associate,ST087,Evening,48,6
EMP00184,Picker,ST097,Afternoon,49,8
EMP01676,Store Associate,ST074,Morning,43,7
EMP00839,Packer,ST027,Afternoon,50,7
EMP02228,Picker,ST066,Afternoon,56,8
EMP00708,Picker,ST074,Afternoon,51,9
EMP00021,Picker,ST077,Evening,51,4
EMP01221,Picker,ST070,Night,44,11
EMP02093,Packer,ST043,Evening,28,8
EMP01501,Picker,ST052,Evening,45,6
EMP01622,Supervisor,ST036,Afternoon,34,0
EMP02256,Picker,ST065,Evening,55,7
EMP00668,Rider Coordinator,ST025,Evening,49,6
EMP00686,Picker,ST063,Evening,41,7
EMP01706,Rider Coordinator,ST025,Evening,54,5
EMP01437,Packer,ST028,Evening,52,10
EMP01640,Store Associate,ST040,Afternoon,49,6
EMP00129,Picker,ST021,Evening,51,6
EMP01138,Picker,ST009,Afternoon,52,3
EMP02156,Store Associate,ST076,Evening,46,4
EMP00713,Picker,ST035,Afternoon,40,5
EMP01922,Rider Coordinator,ST076,Morning,40,7
EMP02103,Supervisor,ST041,Evening,49,5
EMP01645,Store Associate,ST020,Night,37,4
EMP02171,Rider Coordinator,ST095,Morning,42,8
EMP00742,Packer,ST079,Night,52,7
EMP00439,Picker,ST032,Night,49,9
EMP01516,Store Associate,ST022,Afternoon,49,4
EMP01650,Picker,ST072,Morning,55,4
EMP01220,Rider Coordinator,ST078,Evening,53,4
EMP01595,Picker,ST097,Evening,44,11
EMP02359,Store Associate,ST076,Evening,53,7
EMP00574,Store Associate,ST008,Night,53,5
EMP00459,Picker,ST074,Afternoon,43,5
EMP02286,Store Associate,ST060,Morning,47,4
EMP01535,Packer,ST083,Night,44,6
EMP02326,Store Associate,ST026,Evening,38,7
EMP00304,Supervisor,ST059,Evening,55,3
EMP02297,Rider Coordinator,ST076,Morning,57,4
EMP00142,Supervisor,ST069,Evening,44,3
EMP00949,Picker,ST026,Evening,55,9
EMP01415,Store Associate,ST052,Morning,47,4
EMP00676,Store Associate,ST085,Night,59,6
EMP00472,Picker,ST046,Evening,44,9
EMP00725,Picker,ST010,Evening,45,8
EMP00046,Supervisor,ST015,Evening,48,9
EMP00005,Packer,ST080,Afternoon,43,5
EMP00218,Packer,ST023,Morning,54,5
EMP01970,Picker,ST043,Evening,53,4
EMP00381,Store Associate,ST012,Evening,57,5
EMP02200,Picker,ST036,Afternoon,43,3
EMP01379,Rider Coordinator,ST037,Night,44,11
EMP00033,Supervisor,ST014,Afternoon,49,5
EMP02216,Store Associate,ST013,Night,41,7
EMP00085,Picker,ST001,Morning,42,6
EMP02376,Picker,ST088,Afternoon,50,9
EMP00611,Picker,ST076,Evening,52,9
EMP00838,Store Associate,ST055,Evening,45,5
EMP00666,Picker,ST012,Afternoon,55,4
EMP00161,Store Associate,ST080,Afternoon,45,5
EMP00142,Store Associate,ST071,Evening,50,5
EMP02023,Store Associate,ST005,Morning,51,10
EMP00390,Packer,ST002,Night,52,5
EMP01763,Picker,ST039,Afternoon,47,8
EMP01430,Supervisor,ST077,Evening,53,9
EMP01187,Picker,ST054,Night,50,7
EMP02418,Supervisor,ST093,Afternoon,52,8
EMP01679,Store Associate,ST062,Morning,56,12
EMP02496,Packer,ST060,Night,51,4
EMP01052,Store Associate,ST070,Afternoon,55,4
EMP01093,Store Associate,ST049,Morning,54,7
EMP00982,Picker,ST086,Evening,50,4
EMP01704,Packer,ST049,Afternoon,44,5
EMP00581,Picker,ST008,Evening,42,4
EMP02397,Store Associate,ST091,Evening,53,3
EMP01821,Packer,ST055,Afternoon,45,13
EMP01927,Picker,ST042,Evening,46,3
EMP01835,Picker,ST071,Morning,46,3
EMP01196,Rider Coordinator,ST073,Night,50,6
EMP02286,Rider Coordinator,ST033,Evening,51,9
EMP02060,Picker,ST031,Evening,45,6
EMP00379,Store Associate,ST022,Morning,51,6
EMP00543,Store Associate,ST029,Afternoon,59,12
EMP01877,Packer,ST039,Evening,37,7
EMP00792,Picker,ST093,Evening,58,7
EMP00808,Picker,ST014,Morning,42,4
EMP01777,Store Associate,ST064,Morning,52,8
EMP00353,Rider Coordinator,ST056,Evening,46,8
EMP00415,Store Associate,ST065,Night,50,5
EMP01916,Store Associate,ST083,Afternoon,51,5
EMP02265,Rider Coordinator,ST043,Afternoon,44,10
EMP00406,Picker,ST022,Night,48,7
EMP01488,Picker,ST024,Night,56,7
EMP00474,Packer,ST027,Evening,44,6
EMP00651,Store Associate,ST016,Evening,53,6
EMP00911,Store Associate,ST094,Evening,59,8
EMP00483,Packer,ST034,Afternoon,50,10
EMP02016,Picker,ST086,Evening,46,8
EMP00064,Picker,ST022,Morning,41,6
EMP01603,Packer,ST032,Afternoon,54,8
EMP02258,Picker,ST079,Evening,53,6
EMP02114,Picker,ST095,Evening,46,7
EMP01131,Picker,ST038,Evening,60,6
EMP01127,Store Associate,ST002,Morning,52,7
EMP02195,Rider Coordinator,ST065,Afternoon,56,2
EMP01023,Rider Coordinator,ST086,Evening,45,7
EMP01261,Picker,ST004,Afternoon,46,4
EMP00300,Picker,ST035,Evening,37,4
EMP01921,Picker,ST013,Evening,40,8
EMP02075,Store Associate,ST070,Evening,49,7
EMP00007,Picker,ST026,Morning,41,6
EMP00126,Picker,ST056,Morning,45,9
EMP00342,Store Associate,ST093,Afternoon,44,5
EMP01059,Store Associate,ST062,Afternoon,52,7
EMP00741,Rider Coordinator,ST039,Evening,61,2
EMP02214,Rider Coordinator,ST007,Morning,52,11
EMP00181,Store Associate,ST037,Afternoon,50,7
EMP01830,Supervisor,ST017,Afternoon,44,5
EMP02361,Store Associate,ST018,Morning,52,10
EMP00389,Picker,ST084,Afternoon,44,2
EMP02083,Store Associate,ST046,Morning,57,2
EMP02028,Picker,ST001,Morning,63,4
EMP00396,Picker,ST064,Morning,46,5
EMP00613,Store Associate,ST069,Afternoon,45,8
EMP01023,Store Associate,ST038,Evening,53,8
EMP00190,Packer,ST015,Morning,64,6
EMP01129,Picker,ST036,Morning,41,5
EMP00321,Picker,ST082,Night,49,8
EMP01864,Picker,ST019,Evening,45,8
EMP00121,Packer,ST079,Evening,53,10
EMP02382,Packer,ST070,Afternoon,41,4
EMP02500,Store Associate,ST023,Evening,49,7
EMP00629,Supervisor,ST097,Evening,34,14
EMP02126,Store Associate,ST053,Afternoon,44,8
EMP00610,Store Associate,ST025,Evening,46,5
EMP01198,Picker,ST016,Evening,54,7
EMP00821,Packer,ST083,Evening,39,5
EMP01499,Store Associate,ST050,Morning,59,7
EMP00568,Picker,ST023,Evening,45,7
EMP01179,Store Associate,ST052,Afternoon,35,12
EMP00221,Packer,ST068,Afternoon,47,4
EMP02385,Rider Coordinator,ST019,Morning,49,4
EMP01525,Picker,ST100,Evening,48,3
EMP02124,Picker,ST034,Morning,43,3
EMP01330,Store Associate,ST058,Night,60,8
EMP01022,Rider Coordinator,ST074,Evening,40,4
EMP02471,Picker,ST078,Afternoon,54,13
EMP00740,Packer,ST095,Morning,59,10
EMP02093,Supervisor,ST057,Afternoon,44,7
EMP01131,Picker,ST070,Evening,43,5
EMP00126,Picker,ST059,Evening,45,5
EMP00141,Picker,ST028,Evening,38,8
EMP01689,Store Associate,ST088,Evening,48,9
EMP02452,Packer,ST028,Night,43,8
EMP00532,Store Associate,ST004,Morning,56,9
EMP00307,Store Associate,ST067,Morning,49,5
EMP01623,Supervisor,ST006,Afternoon,47,6
EMP00788,Store Associate,ST061,Afternoon,41,9
EMP01810,Packer,ST024,Evening,46,8
EMP01823,Packer,ST082,Afternoon,48,7
EMP01394,Packer,ST039,Afternoon,41,8
EMP01833,Store Associate,ST080,Afternoon,41,5
EMP00472,Picker,ST041,Morning,46,8
EMP00239,Rider Coordinator,ST063,Afternoon,41,6
EMP00355,Rider Coordinator,ST040,Night,30,4
EMP00132,Picker,ST026,Evening,49,2
EMP02146,Picker,ST035,Morning,45,6
EMP02140,Supervisor,ST052,Afternoon,61,4
EMP00163,Packer,ST009,Evening,50,8
EMP00463,Packer,ST089,Afternoon,52,8
EMP00764,Supervisor,ST095,Morning,48,4
EMP01940,Packer,ST019,Morning,50,4
EMP02401,Packer,ST041,Evening,43,9
EMP01282,Supervisor,ST090,Afternoon,44,10
EMP01873,Store Associate,ST073,Evening,47,4
EMP01668,Picker,ST063,Evening,43,4
EMP00754,Picker,ST075,Morning,58,3
EMP01931,Store Associate,ST082,Evening,47,4
EMP02275,Supervisor,ST079,Afternoon,48,7
EMP00948,Packer,ST077,Evening,54,2
EMP02153,Picker,ST074,Afternoon,37,5
EMP01388,Picker,ST019,Evening,46,6
EMP01738,Picker,ST080,Morning,48,10
EMP00075,Store Associate,ST059,Morning,47,8
EMP00092,Store Associate,ST019,Morning,50,8
EMP01877,Packer,ST085,Afternoon,53,9
EMP00211,Rider Coordinator,ST017,Morning,62,1
EMP01262,Packer,ST094,Afternoon,47,4
EMP01796,Store Associate,ST012,Evening,46,4
EMP00021,Packer,ST086,Evening,37,7
EMP02485,Supervisor,ST086,Evening,45,8
EMP00162,Rider Coordinator,ST087,Afternoon,48,8
EMP00115,Store Associate,ST098,Evening,54,9
EMP00908,Store Associate,ST088,Afternoon,47,4
EMP00044,Packer,ST030,Afternoon,44,5
EMP00643,Picker,ST011,Afternoon,53,3
EMP02070,Packer,ST008,Evening,51,5
EMP01722,Picker,ST034,Evening,50,9
EMP01763,Rider Coordinator,ST063,Night,47,10
EMP00534,Packer,ST076,Evening,44,6
EMP02485,Picker,ST059,Afternoon,47,6
EMP01120,Packer,ST034,Night,44,8
EMP00896,Packer,ST098,Afternoon,46,5
EMP02312,Picker,ST090,Evening,42,12
EMP00675,Store Associate,ST001,Night,47,6
EMP02288,Picker,ST085,Afternoon,44,4
EMP01048,Supervisor,ST029,Evening,45,6
EMP01876,Store Associate,ST002,Night,43,9
EMP00086,Picker,ST094,Night,52,9
EMP01310,Picker,ST049,Morning,52,8
EMP01728,Store Associate,ST057,Evening,45,9
EMP00558,Picker,ST015,Morning,56,9
EMP02457,Store Associate,ST058,Evening,42,6
EMP02054,Supervisor,ST048,Afternoon,46,4
EMP01475,Store Associate,ST065,Evening,39,9
EMP00159,Picker,ST025,Afternoon,48,4
EMP02480,Rider Coordinator,ST046,Night,46,4
EMP01689,Packer,ST005,Afternoon,53,2
EMP01953,Picker,ST091,Evening,45,8
EMP02257,Store Associate,ST059,Afternoon,50,5
EMP01526,Rider Coordinator,ST058,Afternoon,54,4
EMP01885,Packer,ST066,Night,45,5
EMP01370,Store Associate,ST068,Morning,52,3
EMP02390,Store Associate,ST024,Afternoon,54,7
EMP01375,Store Associate,ST044,Evening,43,6
EMP02410,Supervisor,ST096,Evening,42,7
EMP00601,Rider Coordinator,ST005,Morning,43,3
EMP00082,Packer,ST005,Evening,62,5
EMP00699,Packer,ST083,Evening,46,7
EMP01122,Supervisor,ST074,Afternoon,47,1
EMP00807,Picker,ST056,Night,48,7
EMP00704,Packer,ST057,Morning,49,6
EMP01587,Packer,ST078,Morning,41,7
EMP01076,Store Associate,ST089,Evening,50,9
EMP02152,Packer,ST020,Evening,43,8
EMP01907,Picker,ST067,Morning,53,11
EMP00663,Picker,ST071,Morning,50,5
EMP01695,Store Associate,ST061,Afternoon,51,6
EMP01056,Packer,ST020,Afternoon,44,9
EMP02157,Store Associate,ST056,Afternoon,49,6
EMP01449,Rider Coordinator,ST031,Evening,46,5
EMP01233,Rider Coordinator,ST002,Evening,49,6
EMP01027,Packer,ST026,Evening,57,5
EMP01177,Picker,ST021,Afternoon,38,4
EMP02002,Picker,ST050,Morning,40,8
EMP01079,Packer,ST012,Morning,45,3
EMP02400,Picker,ST072,Evening,52,6
EMP00539,Picker,ST020,Morning,42,3
EMP01162,Supervisor,ST044,Night,42,4
EMP01272,Packer,ST033,Evening,40,2
EMP00933,Picker,ST040,Afternoon,39,4
EMP00105,Packer,ST098,Evening,56,6
EMP00063,Picker,ST064,Afternoon,48,2
EMP00999,Packer,ST040,Night,45,4
EMP02311,Supervisor,ST012,Evening,55,6
EMP00476,Supervisor,ST070,Evening,38,5
EMP00622,Packer,ST062,Afternoon,55,4
EMP00965,Store Associate,ST024,Morning,47,9
EMP01862,Picker,ST084,Morning,45,6
EMP01330,Packer,ST085,Evening,44,9
EMP00314,Picker,ST087,Afternoon,54,6
EMP00351,Picker,ST093,Evening,39,4
EMP01304,Rider Coordinator,ST066,Afternoon,60,4
EMP00471,Picker,ST068,Afternoon,55,5
EMP02010,Picker,ST005,Afternoon,38,11
EMP01771,Packer,ST081,Evening,45,6
EMP01500,Picker,ST083,Evening,44,3
EMP02498,Supervisor,ST094,Evening,44,6
EMP01045,Store Associate,ST009,Evening,46,7
EMP02305,Picker,ST035,Evening,35,3
EMP01765,Picker,ST072,Morning,40,5
EMP01220,Store Associate,ST058,Evening,58,5
EMP02070,Store Associate,ST065,Afternoon,40,2
EMP01903,Picker,ST029,Morning,60,11
EMP01168,Rider Coordinator,ST088,Evening,40,6
EMP00286,Packer,ST034,Night,45,9
EMP00382,Picker,ST010,Morning,42,4
EMP01897,Supervisor,ST005,Morning,41,6
EMP00122,Packer,ST083,Evening,46,5
EMP01399,Picker,ST071,Afternoon,39,5
EMP02138,Packer,ST091,Morning,55,4
EMP01963,Store Associate,ST041,Afternoon,52,6
EMP02247,Picker,ST046,Afternoon,38,7
EMP01519,Supervisor,ST064,Afternoon,52,8
EMP02049,Picker,ST074,Afternoon,48,5
EMP01477,Rider Coordinator,ST088,Afternoon,33,11
EMP01886,Packer,ST057,Evening,44,5
EMP00380,Picker,ST040,Afternoon,40,3
EMP00916,Packer,ST033,Afternoon,36,4
EMP02104,Picker,ST060,Night,43,5
EMP01985,Store Associate,ST035,Night,51,3
EMP00988,Packer,ST044,Afternoon,44,8
EMP01261,Packer,ST012,Evening,42,4
EMP01197,Store Associate,ST016,Evening,49,10
EMP01817,Packer,ST098,Morning,64,4
EMP02438,Store Associate,ST025,Afternoon,46,5
EMP01623,Store Associate,ST001,Afternoon,46,5
EMP00396,Rider Coordinator,ST092,Evening,51,5
EMP00847,Store Associate,ST066,Morning,44,3
EMP01944,Store Associate,ST026,Afternoon,39,5
EMP00729,Store Associate,ST011,Afternoon,47,6
EMP01159,Store Associate,ST077,Morning,41,9
EMP00024,Picker,ST073,Evening,29,5
EMP02330,Store Associate,ST088,Afternoon,58,4
EMP01679,Supervisor,ST053,Morning,62,3
EMP02058,Picker,ST047,Morning,39,9
EMP01155,Packer,ST011,Night,59,4
EMP01164,Picker,ST025,Afternoon,42,5
EMP01440,Store Associate,ST041,Evening,49,7
EMP01967,Packer,ST011,Evening,29,7
EMP02287,Packer,ST014,Afternoon,37,5
EMP01782,Picker,ST074,Morning,48,6
EMP02228,Store Associate,ST035,Morning,65,4
EMP00769,Supervisor,ST075,Evening,56,4
EMP00779,Supervisor,ST045,Night,43,5
EMP00144,Supervisor,ST074,Night,49,3
EMP02328,Store Associate,ST076,Evening,54,3
EMP01641,Packer,ST094,Evening,54,5
EMP00203,Store Associate,ST052,Evening,58,6
EMP00231,Rider Coordinator,ST019,Afternoon,44,12
EMP01861,Picker,ST075,Morning,46,4
EMP01786,Store Associate,ST089,Night,57,7
EMP01359,Rider Coordinator,ST095,Morning,53,5
EMP00088,Supervisor,ST076,Evening,58,10
EMP02110,Store Associate,ST031,Morning,39,6
EMP00245,Packer,ST092,Evening,43,8
EMP00225,Rider Coordinator,ST068,Night,52,7
EMP02054,Packer,ST027,Evening,58,5
EMP00727,Rider Coordinator,ST009,Night,49,10
EMP01976,Supervisor,ST039,Evening,52,9
EMP00834,Packer,ST057,Evening,58,7
EMP00625,Picker,ST097,Afternoon,49,4
EMP00837,Store Associate,ST081,Evening,44,7
EMP00341,Picker,ST034,Night,51,5
EMP00422,Rider Coordinator,ST023,Afternoon,56,4
EMP02178,Store Associate,ST060,Evening,50,8
EMP00729,Store Associate,ST045,Afternoon,50,4
EMP02301,Rider Coordinator,ST029,Evening,48,2
EMP01844,Store Associate,ST030,Evening,43,9
EMP01943,Store Associate,ST095,Morning,54,5
EMP00294,Store Associate,ST030,Afternoon,55,6
EMP02499,Picker,ST081,Morning,46,5
EMP00326,Store Associate,ST082,Evening,55,10
EMP00315,Store Associate,ST091,Night,40,6
EMP00665,Store Associate,ST038,Evening,44,5
EMP01798,Store Associate,ST071,Morning,51,3
EMP02339,Store Associate,ST069,Night,48,8
EMP01370,Picker,ST091,Night,48,5
EMP00578,Packer,ST049,Night,53,9
EMP01154,Rider Coordinator,ST059,Afternoon,65,6
EMP01645,Supervisor,ST050,Afternoon,52,2
EMP00092,Picker,ST081,Evening,62,8
EMP01378,Rider Coordinator,ST058,Evening,53,7
EMP00507,Picker,ST093,Night,42,6
EMP02265,Picker,ST016,Evening,50,8
EMP01863,Rider Coordinator,ST086,Afternoon,45,6
EMP01222,Picker,ST081,Evening,33,5
EMP00182,Packer,ST088,Evening,52,9
EMP02386,Picker,ST026,Night,48,5
EMP00282,Picker,ST005,Afternoon,43,6
EMP02355,Packer,ST068,Evening,52,8
EMP00718,Store Associate,ST012,Evening,52,9
EMP00127,Rider Coordinator,ST091,Evening,44,4
EMP00743,Packer,ST077,Evening,49,6
EMP01954,Store Associate,ST091,Afternoon,42,6
EMP02496,Picker,ST094,Afternoon,49,12
EMP01346,Picker,ST087,Evening,47,5
EMP02033,Picker,ST055,Night,48,6
EMP01531,Picker,ST068,Evening,64,4
EMP02368,Picker,ST037,Morning,63,2
EMP00160,Store Associate,ST074,Morning,42,9
EMP01160,Store Associate,ST018,Night,70,10
EMP02188,Packer,ST050,Morning,50,3
EMP00833,Rider Coordinator,ST077,Evening,54,9
EMP00287,Rider Coordinator,ST037,Evening,45,8
EMP01258,Store Associate,ST090,Morning,48,5
EMP01747,Store Associate,ST076,Afternoon,61,4
EMP00201,Rider Coordinator,ST098,Evening,48,6
EMP00964,Store Associate,ST003,Afternoon,66,3
EMP02141,Store Associate,ST072,Night,56,11
EMP01682,Picker,ST036,Morning,65,9
EMP02076,Picker,ST017,Afternoon,48,4
EMP01287,Picker,ST029,Evening,46,3
EMP00677,Store Associate,ST033,Afternoon,39,6
EMP00390,Packer,ST081,Night,49,4
EMP01069,Picker,ST059,Afternoon,68,4
EMP01910,Picker,ST058,Night,52,4
EMP00057,Store Associate,ST072,Afternoon,52,8
EMP01856,Picker,ST050,Evening,45,8
EMP02224,Store Associate,ST057,Evening,48,4
EMP00929,Picker,ST015,Morning,52,3
EMP01550,Store Associate,ST077,Evening,52,4
EMP02045,Store Associate,ST079,Night,58,5
EMP00963,Store Associate,ST031,Evening,48,5
EMP00637,Packer,ST025,Morning,46,3
EMP02325,Store Associate,ST043,Evening,57,6
EMP01877,Store Associate,ST086,Morning,68,9
EMP00448,Store Associate,ST058,Afternoon,49,6
EMP01590,Rider Coordinator,ST100,Evening,60,5
EMP01664,Packer,ST032,Afternoon,48,4
EMP00735,Picker,ST002,Afternoon,50,7
EMP01579,Packer,ST080,Morning,39,4
EMP00622,Packer,ST073,Morning,52,8
EMP02001,Picker,ST033,Night,56,6
EMP00856,Packer,ST020,Afternoon,48,4
EMP00354,Store Associate,ST074,Evening,42,7
EMP01621,Packer,ST048,Morning,51,10
EMP01182,Packer,ST007,Morning,38,5
EMP01479,Packer,ST019,Afternoon,42,5
EMP02282,Picker,ST072,Morning,43,6
EMP00455,Rider Coordinator,ST039,Evening,40,4
EMP01940,Picker,ST083,Afternoon,51,2
EMP02318,Packer,ST093,Evening,43,11
EMP00993,Rider Coordinator,ST011,Evening,49,3
EMP00922,Packer,ST092,Evening,42,4
EMP01059,Picker,ST036,Evening,49,10
EMP01516,Store Associate,ST067,Evening,44,4
EMP01396,Picker,ST042,Evening,40,1
EMP00589,Picker,ST079,Afternoon,57,9
EMP01269,Packer,ST049,Evening,47,6
EMP00180,Rider Coordinator,ST081,Morning,47,7
EMP02246,Packer,ST092,Evening,49,8
EMP00304,Packer,ST072,Morning,45,8
EMP00497,Rider Coordinator,ST037,Afternoon,37,5
EMP02197,Picker,ST100,Afternoon,48,7
EMP00871,Rider Coordinator,ST088,Afternoon,46,9
EMP01377,Picker,ST046,Afternoon,37,9
EMP00250,Picker,ST037,Morning,36,5
EMP00710,Picker,ST081,Afternoon,34,8
EMP01608,Supervisor,ST038,Evening,44,5
EMP00541,Rider Coordinator,ST012,Afternoon,52,6
EMP00264,Picker,ST024,Evening,46,7
EMP00170,Packer,ST026,Afternoon,46,5
EMP00264,Packer,ST050,Night,34,8
EMP00448,Store Associate,ST033,Morning,46,4
EMP01400,Store Associate,ST010,Evening,48,8
EMP00247,Picker,ST070,Evening,47,3
EMP02210,Packer,ST096,Evening,48,8
EMP02403,Picker,ST089,Evening,56,5
EMP01729,Packer,ST038,Morning,46,5
EMP00461,Packer,ST019,Evening,49,4
EMP01446,Store Associate,ST001,Evening,49,9
EMP02417,Rider Coordinator,ST028,Morning,41,3
EMP00055,Packer,ST083,Afternoon,49,6
EMP00723,Picker,ST008,Morning,48,5
EMP00256,Supervisor,ST072,Morning,53,6
EMP02299,Picker,ST006,Afternoon,49,7
EMP00813,Picker,ST092,Afternoon,48,5
EMP01370,Store Associate,ST072,Evening,49,5
EMP01840,Picker,ST024,Morning,46,4
EMP01545,Packer,ST058,Afternoon,52,4
EMP00804,Store Associate,ST023,Morning,43,4
EMP01455,Store Associate,ST009,Evening,44,10
EMP01090,Picker,ST064,Evening,38,8
EMP02367,Picker,ST055,Afternoon,48,4
EMP00043,Picker,ST075,Morning,63,5
EMP02087,Rider Coordinator,ST066,Evening,51,4
EMP00547,Picker,ST078,Evening,42,8
EMP01949,Packer,ST050,Afternoon,41,6
EMP00282,Packer,ST018,Afternoon,59,3
EMP01071,Supervisor,ST008,Evening,43,6
EMP00152,Picker,ST056,Evening,45,6
EMP02479,Store Associate,ST076,Afternoon,42,4
EMP00136,Rider Coordinator,ST083,Morning,49,8
EMP00791,Packer,ST066,Night,49,7
EMP00364,Rider Coordinator,ST059,Morning,46,11
EMP00441,Picker,ST050,Evening,45,6
EMP02265,Picker,ST085,Night,47,7
EMP01557,Supervisor,ST035,Night,39,9
EMP01157,Picker,ST021,Afternoon,54,7
EMP01062,Rider Coordinator,ST086,Morning,59,3
EMP02312,Store Associate,ST011,Night,45,4
EMP01484,Packer,ST022,Evening,46,5
EMP01866,Store Associate,ST077,Morning,51,7
EMP01137,Supervisor,ST025,Afternoon,46,4
EMP01532,Store Associate,ST088,Morning,48,4
EMP01998,Store Associate,ST085,Afternoon,53,7
EMP02254,Store Associate,ST022,Morning,56,9
EMP00080,Picker,ST026,Evening,44,7
EMP01912,Picker,ST078,Evening,33,3
EMP00076,Picker,ST005,Evening,48,5
EMP02122,Packer,ST065,Evening,49,8
EMP00964,Rider Coordinator,ST054,Evening,53,6
EMP00044,Rider Coordinator,ST032,Night,48,7
EMP01279,Store Associate,ST061,Morning,48,7
EMP02054,Store Associate,ST094,Afternoon,48,6
EMP01366,Packer,ST087,Evening,47,10
EMP00834,Packer,ST020,Afternoon,53,10
EMP01106,Supervisor,ST100,Night,52,4
EMP00484,Picker,ST089,Evening,53,10
EMP01159,Store Associate,ST087,Afternoon,39,8
EMP01082,Picker,ST056,Night,62,8
EMP00805,Store Associate,ST056,Afternoon,44,4
EMP00538,Supervisor,ST082,Afternoon,40,5
EMP00473,Picker,ST060,Morning,41,4
EMP01061,Packer,ST052,Evening,64,4
EMP01631,Packer,ST030,Morning,50,8
EMP01777,Store Associate,ST090,Evening,50,4
EMP00660,Picker,ST064,Evening,68,6
EMP00285,Supervisor,ST006,Afternoon,46,9
EMP01848,Rider Coordinator,ST001,Evening,58,4
EMP01495,Picker,ST064,Evening,36,10
EMP02349,Store Associate,ST063,Evening,55,7
EMP00849,Supervisor,ST032,Morning,46,3
EMP00608,Store Associate,ST066,Afternoon,62,4
EMP02288,Store Associate,ST051,Afternoon,53,5
EMP02027,Picker,ST042,Night,42,10
EMP01080,Picker,ST086,Evening,53,6
EMP00214,Packer,ST007,Evening,43,6
EMP00117,Picker,ST001,Afternoon,50,3
EMP00854,Store Associate,ST024,Afternoon,43,3
EMP01310,Packer,ST060,Evening,54,4
EMP00522,Rider Coordinator,ST075,Morning,41,4
EMP02343,Picker,ST015,Afternoon,38,5
EMP00089,Packer,ST034,Night,55,4
EMP02172,Store Associate,ST002,Night,55,6
EMP01649,Store Associate,ST060,Morning,48,4
EMP02313,Store Associate,ST027,Evening,62,5
EMP00528,Packer,ST022,Morning,40,6
EMP02316,Picker,ST057,Night,48,4
EMP00302,Packer,ST094,Evening,53,7
EMP00738,Rider Coordinator,ST076,Night,47,4
EMP00593,Packer,ST031,Evening,56,5
EMP00734,Store Associate,ST032,Morning,44,5
EMP00570,Picker,ST092,Night,46,5
EMP01514,Store Associate,ST045,Morning,45,6
EMP01904,Picker,ST011,Afternoon,46,7
EMP02409,Picker,ST053,Evening,47,9
EMP00967,Packer,ST070,Evening,45,8
EMP01922,Picker,ST032,Night,54,6
EMP00811,Picker,ST019,Afternoon,43,6
EMP00234,Picker,ST021,Afternoon,48,4
EMP01667,Packer,ST086,Evening,57,5
EMP02068,Packer,ST087,Night,47,8
EMP01536,Rider Coordinator,ST096,Evening,44,4
EMP01973,Supervisor,ST041,Night,57,7
EMP00303,Picker,ST042,Morning,52,8
EMP01074,Picker,ST045,Evening,38,6
EMP00297,Supervisor,ST006,Evening,43,5
EMP00843,Supervisor,ST046,Evening,44,6
EMP00338,Picker,ST033,Night,39,10
EMP02343,Picker,ST014,Evening,55,8
EMP00221,Store Associate,ST069,Afternoon,60,6
EMP02467,Packer,ST069,Morning,39,5
EMP00442,Store Associate,ST008,Evening,55,9
EMP00842,Picker,ST050,Evening,45,4
EMP00181,Picker,ST046,Evening,36,9
EMP01209,Rider Coordinator,ST040,Evening,42,3
EMP02116,Store Associate,ST060,Night,41,3
EMP02389,Packer,ST079,Morning,46,9
EMP00342,Packer,ST013,Evening,59,7
EMP01411,Store Associate,ST043,Evening,49,3
EMP00097,Rider Coordinator,ST084,Evening,46,4
EMP01264,Store Associate,ST004,Afternoon,47,3
EMP02372,Picker,ST051,Morning,50,4
EMP00718,Picker,ST097,Afternoon,60,8
EMP02124,Store Associate,ST073,Afternoon,67,6
EMP02182,Picker,ST097,Morning,56,3
EMP00488,Picker,ST039,Evening,57,3
EMP01297,Packer,ST001,Night,46,9
EMP02035,Picker,ST090,Evening,49,3
EMP00266,Rider Coordinator,ST003,Afternoon,65,2
EMP01368,Supervisor,ST065,Afternoon,50,6
EMP00568,Rider Coordinator,ST085,Evening,56,9
EMP02096,Rider Coordinator,ST068,Afternoon,46,8
EMP00262,Packer,ST067,Night,44,6
EMP00948,Store Associate,ST063,Afternoon,45,5
EMP02457,Picker,ST019,Afternoon,41,6
EMP00890,Packer,ST033,Morning,59,7
EMP00953,Picker,ST040,Evening,58,3
EMP01401,Packer,ST058,Afternoon,50,8
EMP01766,Picker,ST054,Afternoon,48,4
EMP00811,Packer,ST024,Morning,42,9
EMP00001,Picker,ST065,Evening,51,9
EMP00943,Store Associate,ST075,Afternoon,47,5
EMP01036,Picker,ST045,Evening,57,6
EMP01194,Store Associate,ST032,Night,37,5
EMP01524,Store Associate,ST008,Afternoon,46,6
EMP00016,Packer,ST007,Afternoon,53,3
EMP00043,Picker,ST091,Night,50,8
EMP00680,Rider Coordinator,ST067,Night,39,14
EMP02209,Picker,ST098,Afternoon,49,8
EMP01196,Store Associate,ST056,Evening,73,9
EMP01355,Store Associate,ST019,Night,52,10
EMP00865,Picker,ST045,Afternoon,46,9
EMP02171,Store Associate,ST079,Night,47,10
EMP01519,Supervisor,ST009,Evening,45,9
EMP02077,Store Associate,ST028,Night,47,8
EMP00946,Rider Coordinator,ST028,Morning,60,4
EMP02440,Rider Coordinator,ST020,Evening,56,5
EMP02138,Packer,ST002,Evening,45,6
EMP02482,Picker,ST041,Night,49,12
EMP01972,Picker,ST067,Afternoon,48,6
EMP00850,Picker,ST029,Afternoon,62,9
EMP02105,Picker,ST082,Night,41,8
EMP00544,Picker,ST044,Morning,53,7
EMP00549,Picker,ST055,Afternoon,51,6
EMP00461,Picker,ST058,Afternoon,48,4
EMP01919,Picker,ST026,Morning,50,9
EMP00295,Supervisor,ST030,Evening,46,7
EMP00239,Picker,ST078,Evening,54,7
EMP02046,Picker,ST016,Afternoon,43,3
EMP00486,Rider Coordinator,ST048,Evening,48,3
EMP01447,Packer,ST043,Night,56,8
EMP02325,Store Associate,ST061,Evening,49,8
EMP00262,Picker,ST093,Afternoon,52,2
EMP00458,Picker,ST051,Morning,49,8
EMP01948,Packer,ST037,Evening,49,7
EMP00985,Rider Coordinator,ST084,Afternoon,41,6
EMP02439,Packer,ST058,Evening,52,10
EMP02325,Store Associate,ST014,Evening,49,2
EMP00603,Packer,ST018,Evening,31,7
EMP01082,Packer,ST022,Morning,55,8
EMP01049,Picker,ST012,Afternoon,45,6
EMP00541,Picker,ST032,Evening,46,5
EMP00650,Picker,ST005,Afternoon,53,6
EMP00853,Rider Coordinator,ST034,Afternoon,55,8
EMP01510,Packer,ST004,Evening,44,8
EMP02418,Rider Coordinator,ST055,Evening,52,6
EMP01628,Store Associate,ST003,Evening,33,4
EMP02234,Store Associate,ST075,Evening,52,7
EMP00010,Store Associate,ST064,Evening,46,6
EMP00175,Supervisor,ST042,Afternoon,43,7
EMP02176,Packer,ST016,Afternoon,35,5
EMP00785,Packer,ST050,Afternoon,41,5
EMP01133,Store Associate,ST042,Evening,49,7
EMP00049,Store Associate,ST028,Morning,53,5
EMP01540,Rider Coordinator,ST066,Evening,58,4
EMP00278,Store Associate,ST097,Evening,42,5
EMP00501,Packer,ST027,Afternoon,45,7
EMP01919,Picker,ST049,Afternoon,49,1
EMP01496,Rider Coordinator,ST062,Evening,56,3
EMP00602,Packer,ST024,Afternoon,49,6
EMP00614,Picker,ST043,Evening,54,7
EMP01539,Rider Coordinator,ST074,Afternoon,46,8
EMP02024,Packer,ST023,Evening,43,7
EMP00635,Picker,ST047,Evening,59,13
EMP02063,Packer,ST071,Night,40,7
EMP02299,Supervisor,ST075,Morning,42,2
EMP01069,Store Associate,ST022,Morning,39,3
EMP02318,Store Associate,ST098,Afternoon,51,5
EMP00760,Picker,ST014,Evening,49,5
EMP02051,Picker,ST090,Evening,42,4
EMP02144,Store Associate,ST009,Afternoon,52,5
EMP01207,Supervisor,ST074,Afternoon,43,4
EMP02279,Store Associate,ST070,Evening,36,15
EMP02147,Store Associate,ST047,Afternoon,34,3
EMP00189,Supervisor,ST020,Night,43,7
EMP01640,Picker,ST002,Evening,54,8
EMP01951,Picker,ST064,Evening,46,7
EMP00294,Picker,ST054,Morning,42,9
EMP01450,Rider Coordinator,ST051,Morning,46,7
EMP01790,Picker,ST019,Evening,38,5
EMP01700,Store Associate,ST028,Night,52,3
EMP02005,Packer,ST094,Morning,38,4
EMP01922,Store Associate,ST062,Evening,42,4
EMP01549,Picker,ST040,Afternoon,46,3
EMP02435,Picker,ST088,Evening,37,6
EMP00155,Rider Coordinator,ST011,Morning,42,12
EMP02096,Store Associate,ST075,Evening,58,5
EMP01216,Picker,ST085,Afternoon,57,3
EMP01938,Picker,ST047,Morning,52,7
EMP02470,Picker,ST011,Evening,46,4
EMP00039,Picker,ST013,Evening,47,3
EMP00444,Supervisor,ST092,Evening,40,10
EMP00782,Packer,ST082,Afternoon,57,5
EMP01919,Picker,ST056,Afternoon,47,5
EMP00260,Supervisor,ST029,Night,45,10
EMP00300,Packer,ST088,Night,58,5
EMP02317,Store Associate,ST036,Night,42,2
EMP01955,Store Associate,ST047,Evening,44,6
EMP02177,Store Associate,ST037,Afternoon,45,4
EMP01142,Store Associate,ST065,Evening,57,10
EMP00766,Store Associate,ST089,Evening,44,9
EMP01287,Picker,ST100,Evening,67,5
EMP01257,Picker,ST094,Evening,46,8
EMP01334,Store Associate,ST035,Night,45,10
EMP02310,Rider Coordinator,ST055,Evening,66,6
EMP01011,Store Associate,ST074,Evening,48,6
EMP00333,Store Associate,ST096,Evening,43,8
EMP01836,Rider Coordinator,ST001,Morning,59,7
EMP01111,Picker,ST017,Evening,39,5
EMP00181,Packer,ST011,Evening,48,2
EMP00954,Picker,ST048,Evening,56,5
EMP02420,Store Associate,ST095,Evening,42,4
EMP01982,Store Associate,ST098,Afternoon,42,8
EMP00024,Picker,ST022,Afternoon,56,5
EMP01138,Supervisor,ST061,Evening,52,2
EMP01794,Store Associate,ST069,Evening,32,6
EMP00384,Picker,ST055,Afternoon,43,3
EMP00321,Packer,ST038,Night,46,8
EMP01549,Picker,ST076,Afternoon,40,3
EMP00649,Store Associate,ST027,Afternoon,44,7
EMP00515,Picker,ST095,Night,41,7
EMP01341,Picker,ST096,Afternoon,54,5
EMP00867,Store Associate,ST009,Morning,48,7
EMP01051,Picker,ST089,Morning,50,8
EMP00977,Picker,ST082,Evening,50,9
EMP00062,Packer,ST098,Morning,50,3
EMP02008,Picker,ST072,Evening,47,9
EMP01423,Supervisor,ST019,Evening,47,2
EMP00016,Supervisor,ST032,Evening,47,5
EMP00872,Picker,ST027,Evening,52,3
EMP00508,Packer,ST014,Evening,40,3
EMP01999,Store Associate,ST029,Evening,40,3
EMP00879,Supervisor,ST073,Afternoon,47,7
EMP01509,Picker,ST045,Afternoon,41,7
EMP01355,Packer,ST015,Evening,51,7
EMP00013,Store Associate,ST049,Morning,49,2
EMP01993,Packer,ST022,Evening,47,7
EMP00080,Supervisor,ST085,Afternoon,40,9
EMP02113,Picker,ST032,Evening,36,4
EMP00735,Store Associate,ST041,Evening,50,5
EMP01251,Packer,ST044,Night,48,5
EMP00476,Rider Coordinator,ST029,Afternoon,48,11
EMP01384,Store Associate,ST077,Evening,54,2
EMP01132,Rider Coordinator,ST083,Evening,52,5
EMP01590,Picker,ST006,Evening,51,11
EMP00448,Packer,ST013,Afternoon,40,1
EMP02107,Rider Coordinator,ST028,Evening,37,8
EMP01059,Picker,ST091,Morning,48,5
EMP01985,Rider Coordinator,ST069,Afternoon,52,3
EMP00047,Store Associate,ST005,Afternoon,41,6
EMP01029,Store Associate,ST080,Evening,59,3
EMP01659,Store Associate,ST013,Evening,64,4
EMP01486,Store Associate,ST052,Morning,51,7
EMP01327,Supervisor,ST079,Night,49,4
EMP01632,Supervisor,ST093,Night,45,8
EMP01333,Store Associate,ST093,Evening,47,9
EMP00882,Store Associate,ST038,Morning,48,3
EMP01090,Rider Coordinator,ST042,Afternoon,54,10
EMP01445,Packer,ST027,Evening,54,4
EMP00600,Supervisor,ST092,Afternoon,51,4
EMP01257,Picker,ST085,Evening,42,4
EMP00761,Supervisor,ST054,Evening,44,6
EMP01798,Store Associate,ST025,Morning,55,6
EMP01317,Supervisor,ST002,Morning,50,7
EMP02228,Rider Coordinator,ST093,Morning,57,9
EMP01461,Store Associate,ST082,Morning,53,4
EMP01862,Picker,ST033,Afternoon,43,10
EMP00405,Picker,ST063,Afternoon,41,8
EMP02143,Rider Coordinator,ST004,Afternoon,44,3
EMP00351,Picker,ST071,Afternoon,53,6
EMP00495,Packer,ST067,Afternoon,44,8
EMP01648,Supervisor,ST009,Evening,59,6
EMP01768,Picker,ST051,Evening,47,7
EMP02404,Store Associate,ST019,Night,52,4
EMP00725,Picker,ST086,Evening,43,3
EMP01162,Picker,ST020,Evening,33,5
EMP01257,Rider Coordinator,ST065,Evening,64,6
EMP01065,Rider Coordinator,ST023,Evening,49,9
EMP01462,Picker,ST091,Evening,41,4
EMP01006,Supervisor,ST012,Afternoon,42,3
EMP01619,Picker,ST098,Afternoon,73,4
EMP01325,Store Associate,ST003,Evening,46,8
EMP01165,Rider Coordinator,ST031,Evening,59,4
EMP01828,Store Associate,ST076,Evening,47,8
EMP01441,Picker,ST078,Morning,44,6
EMP02254,Picker,ST077,Morning,56,6
EMP01244,Rider Coordinator,ST025,Evening,56,6
EMP02454,Store Associate,ST075,Morning,50,5
EMP01003,Packer,ST039,Evening,45,5
EMP02077,Packer,ST070,Evening,40,9
EMP00592,Rider Coordinator,ST081,Evening,50,4
EMP01297,Store Associate,ST096,Afternoon,45,3
EMP02333,Picker,ST024,Afternoon,55,9
EMP01570,Supervisor,ST048,Evening,48,6
EMP01641,Packer,ST072,Evening,54,5
EMP02252,Supervisor,ST001,Afternoon,59,6
EMP01036,Packer,ST053,Evening,43,3
EMP00645,Packer,ST041,Morning,55,3
EMP01364,Rider Coordinator,ST005,Evening,58,7
EMP01229,Store Associate,ST078,Evening,51,9
EMP01131,Picker,ST054,Afternoon,60,7
EMP00879,Picker,ST089,Morning,52,3
EMP01418,Packer,ST085,Evening,52,8
EMP02165,Picker,ST071,Evening,51,1
EMP01208,Picker,ST072,Evening,44,8
EMP00223,Packer,ST042,Afternoon,56,8
EMP02465,Supervisor,ST085,Evening,49,2
EMP01477,Store Associate,ST048,Evening,39,4
EMP00794,Picker,ST098,Night,42,4
EMP00351,Picker,ST071,Afternoon,39,12
EMP01631,Store Associate,ST032,Night,42,4
EMP01795,Supervisor,ST002,Night,60,10
EMP01682,Store Associate,ST038,Evening,45,5
EMP01161,Picker,ST049,Afternoon,54,10
EMP02382,Picker,ST086,Morning,43,8
EMP00651,Store Associate,ST049,Evening,44,7
EMP01245,Picker,ST045,Morning,57,1
EMP00100,Store Associate,ST051,Afternoon,44,6
EMP00247,Rider Coordinator,ST066,Evening,41,6
EMP00499,Rider Coordinator,ST021,Morning,54,6
EMP01794,Store Associate,ST003,Morning,43,7
EMP00550,Supervisor,ST076,Afternoon,54,6
EMP01063,Supervisor,ST058,Morning,46,8
EMP01652,Rider Coordinator,ST011,Evening,46,6
EMP02393,Rider Coordinator,ST082,Afternoon,48,3
EMP00063,Store Associate,ST038,Afternoon,55,2
EMP01861,Packer,ST005,Afternoon,40,4
EMP00227,Rider Coordinator,ST002,Evening,53,6
EMP01280,Packer,ST049,Afternoon,56,8
EMP01328,Picker,ST078,Evening,41,7
EMP02037,Store Associate,ST077,Night,55,6
EMP00827,Packer,ST020,Evening,47,4
EMP00934,Rider Coordinator,ST064,Night,40,4
EMP00107,Store Associate,ST062,Afternoon,54,7
EMP01084,Rider Coordinator,ST003,Evening,52,3
EMP00731,Packer,ST080,Afternoon,48,8
EMP02463,Packer,ST043,Night,52,2
EMP01959,Picker,ST046,Night,52,7
EMP02246,Store Associate,ST014,Afternoon,46,3
EMP01876,Packer,ST052,Afternoon,41,8
EMP01202,Store Associate,ST056,Morning,50,10
EMP00854,Rider Coordinator,ST026,Morning,51,5
EMP02178,Packer,ST033,Evening,50,5
EMP00974,Store Associate,ST048,Afternoon,44,9
EMP02015,Store Associate,ST079,Afternoon,44,7
EMP00612,Picker,ST056,Night,46,8
EMP00255,Packer,ST017,Evening,70,8
EMP00090,Packer,ST086,Evening,48,11
EMP01166,Picker,ST068,Evening,57,5
EMP02365,Packer,ST022,Evening,46,4
EMP00629,Supervisor,ST063,Evening,47,12
EMP01197,Store Associate,ST007,Night,55,3
EMP02002,Picker,ST079,Evening,35,5
EMP01749,Store Associate,ST010,Night,51,5
EMP00715,Store Associate,ST013,Afternoon,51,4
EMP00465,Picker,ST051,Night,44,3
EMP00948,Picker,ST085,Afternoon,52,8
EMP02025,Picker,ST045,Afternoon,49,6
EMP01174,Store Associate,ST037,Afternoon,48,5
EMP00095,Packer,ST049,Afternoon,44,9
EMP00207,Store Associate,ST021,Morning,48,3
EMP00307,Packer,ST049,Evening,43,7
EMP01899,Store Associate,ST047,Night,46,3
EMP01715,Packer,ST051,Evening,50,5
EMP02389,Picker,ST019,Evening,48,7
EMP00210,Store Associate,ST066,Night,41,6
EMP02409,Picker,ST052,Afternoon,48,7
EMP01991,Rider Coordinator,ST089,Evening,51,7
EMP00908,Packer,ST097,Afternoon,49,6
EMP01452,Store Associate,ST027,Afternoon,36,6
EMP01461,Store Associate,ST082,Afternoon,45,3
EMP01479,Picker,ST070,Morning,47,6
EMP02500,Packer,ST047,Morning,41,5
EMP01849,Picker,ST061,Evening,56,9
EMP00915,Supervisor,ST051,Evening,56,1
EMP01268,Picker,ST076,Evening,53,2
EMP02128,Packer,ST099,Afternoon,53,10
EMP00762,Rider Coordinator,ST062,Morning,45,5
EMP00405,Packer,ST003,Evening,52,8
EMP00095,Packer,ST096,Morning,54,7
EMP02300,Packer,ST054,Night,49,5
EMP01751,Rider Coordinator,ST001,Evening,33,3
EMP00376,Picker,ST029,Afternoon,42,3
EMP01165,Packer,ST044,Afternoon,50,7
EMP02069,Rider Coordinator,ST008,Evening,57,10
EMP01848,Rider Coordinator,ST077,Afternoon,40,3
EMP00552,Store Associate,ST061,Evening,47,7
EMP01093,Picker,ST074,Morning,54,7
EMP01688,Store Associate,ST038,Afternoon,53,9
EMP00534,Store Associate,ST090,Afternoon,50,4
EMP00836,Picker,ST076,Evening,50,8
EMP02233,Store Associate,ST016,Morning,52,12
EMP02339,Packer,ST040,Evening,45,5
EMP02154,Store Associate,ST093,Morning,63,6
EMP00524,Picker,ST084,Afternoon,42,5
EMP01124,Packer,ST098,Evening,53,4
EMP02313,Store Associate,ST091,Afternoon,42,8
EMP01200,Rider Coordinator,ST053,Evening,47,1
EMP00238,Picker,ST094,Afternoon,41,12
EMP02083,Store Associate,ST011,Evening,47,3
EMP01060,Packer,ST014,Morning,42,4
EMP00960,Store Associate,ST086,Morning,47,5
EMP01897,Store Associate,ST001,Afternoon,51,7
EMP00389,Picker,ST026,Evening,47,7
EMP00613,Picker,ST038,Morning,45,10
EMP02399,Picker,ST078,Night,45,8
EMP01574,Picker,ST092,Evening,36,7
EMP00528,Store Associate,ST044,Evening,48,6
EMP02359,Store Associate,ST060,Afternoon,40,5
EMP01845,Supervisor,ST061,Afternoon,51,6
EMP01435,Store Associate,ST045,Afternoon,46,5
EMP01241,Picker,ST097,Evening,53,6
EMP00066,Packer,ST054,Evening,60,10
EMP02192,Supervisor,ST071,Morning,59,3
EMP00705,Supervisor,ST001,Morning,57,4
EMP00313,Picker,ST009,Afternoon,55,6
EMP00174,Picker,ST015,Evening,49,7
EMP01523,Rider Coordinator,ST059,Afternoon,41,9
EMP01323,Picker,ST044,Morning,49,7
EMP00889,Packer,ST016,Evening,43,4
EMP00847,Store Associate,ST090,Evening,50,7
EMP01199,Picker,ST081,Afternoon,42,11
EMP01448,Picker,ST064,Afternoon,49,8
EMP00687,Store Associate,ST100,Evening,47,4
EMP02475,Picker,ST036,Evening,52,6
EMP02155,Picker,ST096,Night,49,8
EMP01006,Rider Coordinator,ST095,Morning,45,4
EMP02355,Rider Coordinator,ST096,Afternoon,54,8
EMP02098,Packer,ST041,Afternoon,38,4
EMP00990,Picker,ST028,Afternoon,40,4
EMP00714,Picker,ST030,Morning,49,5
EMP01495,Rider Coordinator,ST057,Evening,58,6
EMP02026,Picker,ST032,Afternoon,42,1
EMP01078,Store Associate,ST058,Evening,47,5
EMP02479,Picker,ST023,Afternoon,41,4
EMP00549,Picker,ST010,Morning,51,11
EMP02025,Picker,ST011,Evening,59,6
EMP00619,Packer,ST038,Morning,45,5
EMP02094,Rider Coordinator,ST052,Afternoon,50,0
EMP00665,Picker,ST044,Morning,54,7
EMP02259,Store Associate,ST005,Afternoon,56,9
EMP01018,Store Associate,ST016,Morning,55,7
EMP02491,Picker,ST092,Evening,43,5
EMP02175,Picker,ST041,Morning,43,4
EMP01550,Store Associate,ST038,Evening,56,8
EMP01380,Store Associate,ST033,Evening,51,9
EMP01246,Rider Coordinator,ST080,Morning,41,11
EMP01622,Store Associate,ST083,Evening,36,7
EMP01134,Picker,ST016,Afternoon,58,15
EMP00082,Picker,ST083,Afternoon,48,5
EMP01346,Packer,ST045,Evening,41,4
EMP00440,Picker,ST072,Evening,60,8
EMP01128,Picker,ST060,Morning,64,8
EMP02385,Supervisor,ST061,Night,49,6
EMP00914,Packer,ST049,Evening,38,8
EMP01700,Picker,ST067,Evening,51,9
EMP00856,Store Associate,ST048,Morning,45,8
EMP00088,Store Associate,ST059,Morning,42,8
EMP01160,Rider Coordinator,ST083,Afternoon,46,6
EMP00620,Supervisor,ST075,Evening,39,5
EMP02096,Packer,ST034,Morning,41,6
EMP02205,Picker,ST006,Morning,53,4
EMP00218,Picker,ST068,Evening,50,3
EMP01558,Store Associate,ST067,Afternoon,52,6
EMP00375,Rider Coordinator,ST036,Afternoon,49,2
EMP01438,Supervisor,ST071,Evening,48,3
EMP02138,Packer,ST012,Night,70,8
EMP01756,Picker,ST099,Afternoon,46,8
EMP02220,Supervisor,ST020,Evening,52,2
EMP00553,Store Associate,ST066,Morning,37,1
EMP00649,Picker,ST017,Afternoon,48,2
EMP00335,Picker,ST059,Evening,55,3
EMP02065,Picker,ST020,Evening,41,4
EMP00316,Store Associate,ST009,Morning,52,3
EMP01628,Picker,ST053,Night,54,8
EMP01963,Store Associate,ST083,Evening,47,8
EMP00318,Store Associate,ST048,Morning,48,9
EMP00503,Picker,ST063,Morning,44,3
EMP01780,Packer,ST012,Afternoon,47,5
EMP02203,Store Associate,ST087,Night,54,10
EMP02045,Picker,ST097,Afternoon,49,7
EMP00624,Picker,ST094,Evening,46,1
EMP00601,Picker,ST034,Morning,42,7
EMP00978,Supervisor,ST009,Evening,57,3
EMP01404,Picker,ST036,Evening,44,6
EMP01202,Store Associate,ST046,Night,49,5
EMP01972,Supervisor,ST026,Evening,55,8
EMP02339,Packer,ST098,Evening,48,8
EMP00850,Store Associate,ST037,Night,60,7
EMP00466,Store Associate,ST078,Evening,54,4
EMP01233,Packer,ST081,Night,42,5
EMP00903,Picker,ST094,Morning,44,7
EMP00059,Picker,ST048,Evening,45,9
EMP01770,Supervisor,ST002,Afternoon,39,10
EMP02132,Picker,ST092,Morning,52,2
EMP02370,Store Associate,ST005,Afternoon,52,3
EMP00885,Store Associate,ST003,Morning,55,3
EMP02147,Store Associate,ST023,Afternoon,45,7
EMP00143,Store Associate,ST002,Evening,46,8
EMP00942,Packer,ST080,Afternoon,48,6
EMP01341,Supervisor,ST054,Morning,44,5
EMP01981,Picker,ST088,Evening,30,10
EMP00017,Packer,ST036,Night,51,9
EMP00145,Store Associate,ST017,Night,42,5
EMP01875,Rider Coordinator,ST066,Morning,45,3
EMP01562,Picker,ST002,Evening,54,10
EMP01505,Store Associate,ST043,Morning,47,6
EMP01860,Store Associate,ST073,Night,46,5
EMP01056,Picker,ST088,Afternoon,53,4
EMP00868,Picker,ST085,Night,42,3
EMP02150,Supervisor,ST070,Afternoon,53,4
EMP02153,Packer,ST037,Afternoon,55,7
EMP00840,Packer,ST094,Night,47,10
EMP00835,Rider Coordinator,ST043,Evening,47,8
EMP00365,Store Associate,ST077,Afternoon,40,4
EMP01759,Picker,ST089,Morning,42,5
EMP01514,Packer,ST090,Evening,32,11
EMP01465,Store Associate,ST089,Night,59,6
EMP01586,Picker,ST077,Evening,50,5
EMP00441,Store Associate,ST034,Afternoon,47,6
EMP00794,Packer,ST019,Afternoon,38,5
EMP00709,Packer,ST084,Night,53,3
EMP01091,Store Associate,ST092,Afternoon,38,3
EMP02322,Picker,ST029,Morning,50,13
EMP02427,Store Associate,ST048,Afternoon,54,0
EMP00514,Packer,ST061,Evening,43,7
EMP00125,Store Associate,ST005,Morning,48,5
EMP01461,Supervisor,ST040,Evening,54,7
EMP01128,Rider Coordinator,ST092,Evening,42,5
EMP00020,Store Associate,ST084,Night,53,2
EMP02037,Packer,ST034,Night,47,3
EMP02451,Packer,ST013,Morning,36,2
EMP00773,Supervisor,ST002,Night,52,4
EMP02288,Supervisor,ST084,Evening,49,1
EMP01119,Picker,ST041,Night,43,2
EMP00521,Store Associate,ST013,Evening,37,7
EMP01775,Picker,ST057,Night,43,4
EMP01354,Packer,ST051,Evening,47,6
EMP01393,Rider Coordinator,ST069,Evening,59,6
EMP02057,Picker,ST030,Afternoon,40,7
EMP01206,Supervisor,ST073,Night,51,2
EMP02118,Picker,ST046,Morning,43,2
EMP00594,Store Associate,ST095,Afternoon,50,5
EMP02276,Store Associate,ST098,Afternoon,48,8
EMP01766,Rider Coordinator,ST074,Morning,42,5
EMP00260,Supervisor,ST015,Evening,56,2
EMP02066,Picker,ST099,Morning,51,6
EMP00509,Picker,ST096,Evening,59,5
EMP00229,Picker,ST095,Evening,51,5
EMP01997,Picker,ST076,Evening,49,9
EMP02243,Picker,ST018,Evening,60,2
EMP02033,Picker,ST015,Afternoon,54,8
EMP01869,Rider Coordinator,ST088,Afternoon,48,7
EMP02480,Store Associate,ST099,Evening,60,5
EMP01279,Picker,ST012,Afternoon,37,7
EMP01787,Store Associate,ST023,Morning,60,4
EMP00510,Picker,ST052,Morning,52,6
EMP00150,Packer,ST041,Night,56,4
EMP01103,Rider Coordinator,ST016,Evening,36,9
EMP01997,Picker,ST095,Morning,50,7
EMP01783,Packer,ST036,Night,53,5
EMP00079,Packer,ST038,Evening,37,3
EMP01217,Rider Coordinator,ST033,Night,36,9
EMP00182,Picker,ST049,Night,49,6
EMP02321,Packer,ST091,Afternoon,49,9
EMP00256,Packer,ST043,Afternoon,51,5
EMP01881,Picker,ST089,Afternoon,49,4
EMP02229,Store Associate,ST032,Evening,54,9
EMP00885,Supervisor,ST005,Morning,47,4
EMP00072,Supervisor,ST011,Evening,43,10
EMP01084,Picker,ST047,Afternoon,52,9
EMP02442,Picker,ST042,Evening,46,5
EMP01675,Store Associate,ST001,Afternoon,43,5
EMP02257,Packer,ST047,Afternoon,38,4
EMP01216,Store Associate,ST083,Afternoon,48,5
EMP02363,Packer,ST003,Night,47,7
EMP00148,Rider Coordinator,ST081,Night,59,7
EMP01456,Supervisor,ST031,Afternoon,44,6
EMP02014,Store Associate,ST017,Afternoon,60,11
EMP00553,Packer,ST085,Afternoon,53,6
EMP02185,Picker,ST072,Evening,63,4
EMP00524,Supervisor,ST011,Evening,57,8
EMP00657,Store Associate,ST036,Afternoon,45,6
EMP00299,Picker,ST086,Morning,50,6
EMP00809,Rider Coordinator,ST038,Evening,44,11
EMP01006,Rider Coordinator,ST013,Evening,44,7
EMP00199,Store Associate,ST002,Morning,30,5
EMP00766,Store Associate,ST054,Evening,41,5
EMP02041,Store Associate,ST002,Afternoon,45,6
EMP02061,Rider Coordinator,ST047,Afternoon,38,8
EMP02455,Packer,ST012,Evening,47,8
EMP00015,Picker,ST076,Afternoon,53,4
EMP00141,Store Associate,ST022,Evening,51,5
EMP02190,Store Associate,ST034,Evening,47,3
EMP02058,Picker,ST076,Morning,37,10
EMP01450,Picker,ST043,Morning,63,8
EMP02346,Packer,ST063,Evening,46,6
EMP01643,Picker,ST056,Afternoon,36,2
EMP02198,Picker,ST041,Evening,46,6
EMP02326,Store Associate,ST034,Afternoon,49,10
EMP01433,Packer,ST100,Evening,53,7
EMP01988,Packer,ST002,Morning,50,6
EMP02313,Picker,ST037,Afternoon,41,4
EMP01933,Rider Coordinator,ST094,Evening,49,7
EMP02271,Picker,ST093,Night,40,5
EMP00175,Picker,ST023,Afternoon,55,5
EMP02037,Picker,ST054,Night,51,7
EMP01859,Store Associate,ST062,Evening,40,7
EMP01667,Store Associate,ST085,Evening,49,9
EMP01301,Rider Coordinator,ST091,Evening,52,3
EMP00671,Packer,ST006,Afternoon,48,4
EMP00069,Supervisor,ST059,Afternoon,48,5
EMP00884,Store Associate,ST019,Night,59,5
EMP00565,Packer,ST059,Afternoon,41,5
EMP02047,Picker,ST043,Evening,45,5
EMP02210,Rider Coordinator,ST013,Morning,42,10
EMP01655,Packer,ST028,Afternoon,39,6
EMP01673,Picker,ST052,Afternoon,49,7
EMP02137,Store Associate,ST027,Evening,42,5
EMP00057,Picker,ST027,Morning,39,8
EMP02171,Picker,ST043,Night,49,5
EMP00068,Picker,ST055,Morning,47,3
EMP01637,Packer,ST075,Morning,47,5
EMP02192,Picker,ST056,Morning,50,6
EMP00015,Picker,ST059,Afternoon,45,6
EMP01564,Store Associate,ST064,Morning,45,7
EMP01030,Rider Coordinator,ST003,Afternoon,53,5
EMP00218,Store Associate,ST008,Evening,47,10
EMP01580,Packer,ST072,Afternoon,63,3
EMP02245,Supervisor,ST060,Evening,47,5
EMP00064,Store Associate,ST011,Evening,45,5
EMP00944,Picker,ST018,Afternoon,53,3
EMP01396,Store Associate,ST091,Night,55,2
EMP02011,Picker,ST012,Morning,53,2
EMP00846,Rider Coordinator,ST039,Afternoon,52,2
EMP01545,Packer,ST055,Evening,41,6
EMP00655,Store Associate,ST083,Afternoon,46,5
EMP02262,Store Associate,ST070,Evening,45,8
EMP01379,Store Associate,ST008,Evening,57,7
EMP01316,Picker,ST072,Morning,52,4
EMP00041,Picker,ST063,Afternoon,56,8
EMP01730,Supervisor,ST028,Morning,54,2
EMP02366,Rider Coordinator,ST052,Evening,40,5
EMP00044,Packer,ST058,Evening,53,8
EMP01077,Picker,ST096,Evening,46,5
EMP01540,Packer,ST072,Afternoon,51,9
EMP01478,Picker,ST050,Afternoon,37,9
EMP01793,Picker,ST006,Afternoon,57,4
EMP00443,Picker,ST018,Evening,47,4
EMP02239,Store Associate,ST002,Afternoon,45,5
EMP02270,Store Associate,ST088,Evening,47,4
EMP00512,Store Associate,ST083,Afternoon,46,7
EMP00714,Supervisor,ST054,Afternoon,49,8
EMP01143,Packer,ST027,Afternoon,58,5
EMP01547,Packer,ST064,Afternoon,63,6
EMP02186,Packer,ST042,Night,47,7
EMP00077,Picker,ST004,Evening,47,7
EMP00847,Store Associate,ST016,Evening,55,10
EMP02457,Picker,ST067,Night,53,7
EMP01868,Rider Coordinator,ST075,Morning,42,8
EMP01456,Packer,ST003,Morning,47,8
EMP01900,Packer,ST036,Afternoon,53,9
EMP01780,Picker,ST094,Afternoon,48,5
EMP01490,Packer,ST007,Morning,52,10
EMP02374,Picker,ST070,Afternoon,58,8
EMP01090,Packer,ST078,Morning,50,9
EMP01366,Picker,ST066,Afternoon,51,8
EMP00200,Picker,ST095,Morning,54,5
EMP01354,Rider Coordinator,ST052,Morning,42,9
EMP01277,Picker,ST060,Morning,52,6
EMP02046,Packer,ST070,Morning,46,4
EMP01873,Store Associate,ST050,Afternoon,52,9
EMP01813,Picker,ST066,Afternoon,45,4
EMP02413,Rider Coordinator,ST035,Afternoon,57,8
EMP02487,Rider Coordinator,ST082,Afternoon,48,5
EMP01073,Picker,ST012,Evening,39,5
EMP01646,Store Associate,ST026,Afternoon,49,4
EMP00549,Packer,ST031,Evening,32,4
EMP00530,Picker,ST077,Afternoon,47,7
EMP02447,Store Associate,ST094,Evening,52,5
EMP00425,Packer,ST030,Evening,35,5
EMP01823,Store Associate,ST055,Night,49,6
EMP02205,Picker,ST016,Afternoon,46,6
EMP02079,Picker,ST045,Evening,46,6
EMP01700,Picker,ST053,Afternoon,41,5
EMP01315,Picker,ST087,Afternoon,47,7
EMP00973,Supervisor,ST098,Afternoon,57,13
EMP02337,Supervisor,ST058,Morning,56,4
EMP00150,Picker,ST081,Morning,45,4
EMP02411,Packer,ST038,Afternoon,41,8
EMP00042,Store Associate,ST090,Evening,59,7
EMP01480,Store Associate,ST056,Afternoon,39,5
EMP00001,Supervisor,ST028,Afternoon,41,12
EMP01536,Picker,ST080,Morning,55,12
EMP01313,Picker,ST061,Evening,50,7
EMP01768,Rider Coordinator,ST025,Evening,41,4
EMP02364,Store Associate,ST048,Afternoon,45,7
EMP00377,Picker,ST029,Afternoon,34,5
EMP01534,Picker,ST047,Evening,36,7
EMP00735,Store Associate,ST084,Evening,50,10
EMP01941,Supervisor,ST025,Morning,64,5
EMP00581,Store Associate,ST085,Evening,46,11
EMP01551,Supervisor,ST053,Evening,59,4
EMP01262,Packer,ST013,Evening,49,4
EMP00739,Packer,ST057,Morning,40,4
EMP01874,Store Associate,ST054,Morning,54,9
EMP01879,Store Associate,ST066,Afternoon,37,5
EMP00845,Store Associate,ST042,Morning,47,4
EMP01913,Store Associate,ST095,Morning,52,11
EMP01061,Picker,ST093,Morning,47,8
EMP01392,Packer,ST011,Afternoon,53,4
EMP01887,Picker,ST084,Evening,58,5
EMP02038,Picker,ST021,Evening,59,3
EMP01774,Rider Coordinator,ST027,Afternoon,44,4
EMP00420,Packer,ST060,Morning,51,8
EMP01401,Picker,ST021,Evening,48,6
EMP00070,Packer,ST031,Afternoon,45,6
EMP00214,Picker,ST082,Evening,50,8
EMP01065,Store Associate,ST095,Evening,43,4
EMP01414,Packer,ST082,Morning,32,7
EMP01630,Picker,ST095,Night,53,8
EMP02247,Picker,ST065,Evening,51,3
EMP00910,Rider Coordinator,ST036,Morning,49,5
EMP02369,Packer,ST031,Morning,46,10
EMP01619,Rider Coordinator,ST052,Evening,45,5
EMP01562,Packer,ST079,Morning,52,5
EMP01772,Store Associate,ST075,Afternoon,33,7
EMP01285,Supervisor,ST089,Evening,48,5
EMP00883,Packer,ST049,Afternoon,55,11
EMP00397,Picker,ST096,Evening,38,7
EMP00330,Store Associate,ST093,Evening,55,2
EMP01336,Rider Coordinator,ST081,Morning,45,9
EMP01064,Packer,ST060,Morning,44,10
EMP00109,Rider Coordinator,ST033,Afternoon,47,8
EMP02169,Rider Coordinator,ST039,Afternoon,36,3
EMP01912,Picker,ST015,Afternoon,53,7
EMP01061,Packer,ST073,Evening,58,8
EMP02397,Packer,ST056,Night,32,5
EMP00592,Picker,ST086,Morning,49,6
EMP01104,Picker,ST017,Evening,43,4
EMP00681,Rider Coordinator,ST019,Night,44,3
EMP02054,Store Associate,ST071,Night,57,2
EMP00337,Packer,ST075,Evening,53,6
EMP00077,Rider Coordinator,ST086,Morning,48,3
EMP00935,Picker,ST015,Afternoon,55,6
EMP00389,Store Associate,ST082,Night,64,8
EMP00465,Store Associate,ST019,Evening,49,7
EMP00144,Packer,ST058,Afternoon,45,5
EMP00103,Picker,ST038,Evening,49,6
EMP01803,Packer,ST069,Evening,59,4
EMP02434,Store Associate,ST059,Afternoon,57,6
EMP02121,Store Associate,ST080,Afternoon,48,10
EMP02375,Packer,ST072,Morning,46,6
EMP00631,Packer,ST060,Afternoon,44,12
EMP00205,Store Associate,ST021,Morning,44,7
EMP02328,Store Associate,ST032,Night,51,7
EMP00914,Picker,ST097,Afternoon,47,2
EMP00131,Picker,ST060,Evening,44,9
EMP01247,Packer,ST087,Evening,47,8
EMP00286,Rider Coordinator,ST071,Evening,56,5
EMP02282,Packer,ST011,Afternoon,35,1
EMP01546,Picker,ST065,Morning,45,5
EMP00579,Store Associate,ST074,Night,55,7
EMP00654,Picker,ST018,Afternoon,43,5
EMP00097,Picker,ST033,Evening,56,4
EMP00039,Packer,ST027,Evening,45,5
EMP00872,Store Associate,ST049,Morning,48,11
EMP00761,Picker,ST018,Evening,39,2
EMP00853,Rider Coordinator,ST070,Morning,44,9
EMP00399,Picker,ST008,Night,44,9
EMP01217,Store Associate,ST060,Afternoon,41,7
EMP01049,Store Associate,ST078,Evening,56,9
EMP01163,Packer,ST013,Evening,56,5
EMP00599,Picker,ST057,Evening,30,7
EMP01902,Rider Coordinator,ST010,Afternoon,48,3
EMP00619,Picker,ST089,Morning,53,9
EMP01056,Picker,ST050,Evening,53,10
EMP00574,Store Associate,ST029,Evening,51,4
EMP02409,Supervisor,ST100,Evening,43,2
EMP00132,Store Associate,ST080,Evening,36,10
EMP00316,Picker,ST047,Night,38,5
EMP00433,Picker,ST100,Afternoon,57,6
EMP00993,Store Associate,ST009,Evening,40,6
EMP01778,Picker,ST063,Evening,55,11
EMP00318,Picker,ST011,Evening,42,6
EMP00143,Picker,ST045,Evening,43,7
EMP02297,Packer,ST004,Morning,44,6
EMP01975,Picker,ST045,Evening,48,3
EMP00651,Store Associate,ST035,Morning,38,12
EMP01556,Rider Coordinator,ST070,Afternoon,56,5
EMP00737,Picker,ST088,Evening,53,4
EMP00416,Supervisor,ST025,Evening,48,6
EMP01224,Store Associate,ST049,Night,51,4
EMP02230,Rider Coordinator,ST069,Morning,42,7
EMP01699,Picker,ST042,Evening,43,4
EMP02359,Packer,ST046,Evening,55,5
EMP00066,Store Associate,ST070,Night,50,8
EMP02270,Picker,ST057,Afternoon,54,6
EMP01800,Supervisor,ST066,Morning,47,8
EMP02272,Packer,ST078,Night,44,9
EMP00814,Rider Coordinator,ST075,Morning,38,5
EMP00673,Store Associate,ST054,Night,42,5
EMP01604,Supervisor,ST007,Evening,60,6
EMP00825,Picker,ST007,Afternoon,36,9
EMP02108,Picker,ST051,Afternoon,44,9
EMP02350,Store Associate,ST048,Evening,47,6
EMP01492,Rider Coordinator,ST002,Afternoon,48,13
EMP02332,Packer,ST002,Afternoon,44,7
EMP01848,Supervisor,ST083,Afternoon,46,4
EMP00500,Picker,ST066,Morning,52,7
EMP02249,Supervisor,ST053,Evening,45,3
EMP01123,Store Associate,ST063,Afternoon,52,3
EMP02311,Picker,ST017,Evening,56,9
EMP02355,Picker,ST027,Afternoon,59,3
EMP00378,Packer,ST066,Morning,54,4
EMP01209,Packer,ST098,Afternoon,40,4
EMP00339,Rider Coordinator,ST095,Morning,49,6
EMP00493,Store Associate,ST039,Evening,49,9
EMP01993,Packer,ST041,Afternoon,49,9
EMP01548,Rider Coordinator,ST099,Afternoon,41,3
EMP00640,Packer,ST062,Afternoon,44,5
EMP00134,Store Associate,ST027,Evening,37,5
EMP02019,Picker,ST013,Morning,53,6
EMP01359,Picker,ST059,Evening,45,2
EMP01439,Rider Coordinator,ST089,Night,57,7
EMP00486,Supervisor,ST091,Afternoon,43,6
EMP00405,Store Associate,ST003,Afternoon,50,3
EMP00668,Picker,ST002,Night,42,3
EMP00451,Store Associate,ST015,Evening,66,10
EMP02155,Picker,ST084,Evening,43,9
EMP02455,Packer,ST008,Evening,36,8
EMP00537,Store Associate,ST024,Afternoon,44,1
EMP01240,Picker,ST022,Morning,48,6
EMP02380,Picker,ST020,Evening,46,7
EMP01358,Packer,ST090,Night,48,3
EMP01069,Store Associate,ST068,Night,51,5
EMP01076,Packer,ST037,Morning,44,6
EMP01170,Store Associate,ST038,Afternoon,37,7
EMP01302,Packer,ST019,Morning,48,6
EMP02462,Rider Coordinator,ST037,Morning,40,4
EMP01828,Supervisor,ST067,Evening,56,3
EMP00418,Supervisor,ST074,Evening,42,10
EMP01588,Rider Coordinator,ST044,Afternoon,54,9
EMP01774,Picker,ST015,Morning,47,10
EMP02289,Picker,ST015,Afternoon,37,3
EMP00539,Picker,ST020,Evening,57,6
EMP02311,Store Associate,ST100,Evening,59,9
EMP01589,Picker,ST026,Afternoon,40,5
EMP02483,Picker,ST020,Afternoon,46,5
EMP00436,Picker,ST003,Morning,42,8
EMP00353,Supervisor,ST034,Night,48,3
EMP00428,Packer,ST047,Afternoon,40,8
EMP01881,Picker,ST032,Afternoon,54,4
EMP01671,Picker,ST086,Evening,56,6
EMP01624,Picker,ST096,Evening,49,4
EMP02337,Packer,ST039,Morning,43,4
EMP02362,Rider Coordinator,ST007,Evening,51,5
EMP01888,Store Associate,ST079,Evening,59,8
EMP01798,Store Associate,ST098,Afternoon,43,7
EMP00614,Supervisor,ST100,Afternoon,46,5
EMP01772,Picker,ST018,Evening,43,8
EMP02447,Packer,ST071,Evening,45,6
EMP01522,Picker,ST028,Afternoon,56,11
EMP00197,Picker,ST096,Night,41,5
EMP02244,Store Associate,ST044,Evening,46,4
EMP02073,Picker,ST044,Afternoon,57,6
EMP00083,Store Associate,ST046,Morning,46,5
EMP01643,Packer,ST080,Morning,47,5
EMP02108,Picker,ST093,Afternoon,52,6
EMP02054,Rider Coordinator,ST054,Evening,41,5
EMP00637,Picker,ST073,Evening,45,6
EMP02063,Supervisor,ST040,Evening,55,7
EMP00591,Rider Coordinator,ST062,Evening,55,4
EMP01787,Packer,ST004,Morning,41,10
EMP02442,Packer,ST046,Evening,47,6
EMP01287,Store Associate,ST034,Morning,49,7
EMP00189,Rider Coordinator,ST017,Evening,47,5
EMP00831,Picker,ST018,Evening,40,4
EMP02385,Picker,ST055,Morning,45,6
EMP00030,Store Associate,ST092,Evening,66,7
EMP01917,Picker,ST007,Night,38,5
EMP00969,Picker,ST006,Afternoon,46,8
EMP02214,Picker,ST057,Afternoon,49,1
EMP01534,Picker,ST021,Evening,46,9
EMP01065,Rider Coordinator,ST003,Afternoon,43,9
EMP01626,Packer,ST002,Night,63,9
EMP02295,Packer,ST038,Morning,51,7
EMP02311,Picker,ST083,Afternoon,55,4
EMP00307,Picker,ST006,Evening,52,3
EMP01610,Picker,ST035,Evening,54,7
EMP02253,Picker,ST049,Morning,44,3
EMP00735,Store Associate,ST042,Afternoon,43,12
EMP01307,Rider Coordinator,ST067,Night,61,4
EMP02267,Packer,ST002,Night,38,7
EMP00997,Picker,ST022,Evening,48,3
EMP02387,Picker,ST066,Afternoon,45,7
EMP01051,Store Associate,ST078,Night,42,3
EMP01218,Packer,ST075,Evening,62,10
EMP00807,Picker,ST029,Afternoon,48,9
EMP01219,Rider Coordinator,ST099,Night,65,9
EMP01410,Store Associate,ST011,Night,50,5
EMP00371,Picker,ST020,Afternoon,66,7
EMP02326,Store Associate,ST059,Afternoon,40,4
EMP01358,Picker,ST006,Evening,50,7
EMP02008,Store Associate,ST046,Afternoon,37,6
EMP00687,Picker,ST060,Evening,49,3
EMP01059,Store Associate,ST003,Morning,43,5
EMP01167,Store Associate,ST001,Evening,54,4
EMP01875,Picker,ST098,Morning,45,4
EMP01367,Picker,ST080,Evening,33,5
EMP01996,Packer,ST075,Evening,52,1
EMP00402,Store Associate,ST039,Morning,49,5
EMP01548,Store Associate,ST014,Night,51,4
EMP00335,Picker,ST071,Afternoon,41,6
EMP01742,Rider Coordinator,ST064,Morning,48,6
EMP01355,Packer,ST041,Night,31,3
EMP00356,Store Associate,ST038,Evening,49,2
EMP01277,Store Associate,ST046,Night,41,5
EMP02497,Picker,ST051,Evening,44,3
EMP01558,Supervisor,ST072,Morning,52,4
EMP01961,Store Associate,ST017,Evening,41,3
EMP00095,Picker,ST042,Afternoon,49,3
EMP00918,Packer,ST085,Evening,51,5
EMP02426,Packer,ST019,Night,60,6
EMP02287,Packer,ST057,Evening,39,4
EMP01532,Picker,ST049,Afternoon,49,6
EMP01401,Store Associate,ST087,Morning,67,5
EMP01764,Rider Coordinator,ST063,Evening,51,7
EMP00725,Store Associate,ST027,Evening,58,5
EMP00456,Picker,ST012,Afternoon,52,5
EMP01940,Store Associate,ST048,Evening,47,6
EMP02371,Picker,ST078,Morning,45,9
EMP00911,Store Associate,ST022,Evening,43,7
EMP00376,Supervisor,ST040,Afternoon,50,3
EMP01464,Supervisor,ST052,Afternoon,54,6
EMP02309,Packer,ST023,Night,47,10
EMP01703,Rider Coordinator,ST031,Afternoon,53,1
EMP02181,Picker,ST017,Evening,59,4
EMP01147,Store Associate,ST070,Morning,52,4
EMP00279,Packer,ST090,Evening,48,5
EMP01523,Packer,ST077,Afternoon,37,3
EMP00347,Store Associate,ST033,Evening,52,7
EMP00659,Packer,ST096,Afternoon,49,11
EMP00362,Picker,ST094,Evening,45,5
EMP01423,Supervisor,ST042,Afternoon,45,4
EMP00552,Picker,ST055,Morning,48,5
EMP01775,Picker,ST082,Morning,43,8
EMP01453,Store Associate,ST086,Evening,48,6
EMP01430,Picker,ST097,Night,51,4
EMP01333,Store Associate,ST057,Evening,38,10
EMP01391,Rider Coordinator,ST053,Morning,59,9
EMP01095,Packer,ST003,Evening,53,6
EMP02103,Store Associate,ST029,Night,45,7
EMP02390,Store Associate,ST055,Afternoon,47,5
EMP00160,Picker,ST004,Afternoon,54,6
EMP00154,Picker,ST062,Morning,52,3
EMP00072,Store Associate,ST026,Evening,57,4
EMP02134,Packer,ST037,Evening,52,6
EMP01777,Store Associate,ST067,Afternoon,45,6
EMP00025,Store Associate,ST003,Morning,49,8
EMP00505,Picker,ST086,Evening,40,9
EMP00622,Store Associate,ST032,Evening,42,6
EMP00901,Store Associate,ST032,Night,50,7
EMP01879,Rider Coordinator,ST060,Afternoon,57,4
EMP00084,Store Associate,ST047,Afternoon,54,5
EMP01220,Rider Coordinator,ST073,Evening,39,7
EMP00281,Store Associate,ST002,Morning,33,8
EMP01632,Picker,ST062,Evening,51,5
EMP00509,Picker,ST010,Morning,60,7
EMP01046,Rider Coordinator,ST044,Afternoon,55,12
EMP01097,Store Associate,ST054,Evening,34,5
EMP00956,Rider Coordinator,ST019,Afternoon,34,6
EMP01884,Rider Coordinator,ST088,Afternoon,46,6
EMP01140,Picker,ST099,Morning,46,7
EMP00166,Picker,ST083,Morning,56,7
EMP00332,Packer,ST085,Evening,47,3
EMP02118,Packer,ST097,Morning,40,9
EMP00076,Store Associate,ST023,Evening,43,5
EMP00971,Store Associate,ST063,Afternoon,48,5
EMP01527,Store Associate,ST091,Morning,54,6
EMP01959,Store Associate,ST096,Afternoon,45,6
EMP02373,Picker,ST025,Evening,39,10
EMP00530,Picker,ST033,Evening,44,4
EMP00437,Packer,ST051,Afternoon,46,4
EMP00467,Packer,ST091,Morning,37,5
EMP01412,Packer,ST093,Morning,51,6
EMP01885,Rider Coordinator,ST066,Evening,40,3
EMP01621,Picker,ST076,Evening,45,7
EMP01329,Packer,ST011,Afternoon,49,4
EMP00723,Store Associate,ST067,Night,50,6
EMP00486,Supervisor,ST007,Evening,54,2
EMP01291,Picker,ST057,Night,56,3
EMP00669,Picker,ST002,Evening,47,3
EMP00201,Supervisor,ST087,Afternoon,57,5
EMP01525,Picker,ST033,Evening,62,7
EMP00361,Packer,ST015,Morning,40,7
EMP00613,Picker,ST089,Evening,60,4
EMP01722,Packer,ST092,Afternoon,54,6
EMP01172,Picker,ST075,Afternoon,40,4
EMP02193,Store Associate,ST046,Evening,45,5
EMP02059,Store Associate,ST022,Evening,48,8
EMP00537,Picker,ST093,Evening,50,11
EMP01393,Picker,ST082,Evening,51,9
EMP00602,Picker,ST069,Night,44,8
EMP02407,Store Associate,ST072,Evening,48,8
EMP01652,Picker,ST018,Morning,53,1
EMP02028,Store Associate,ST037,Evening,66,10
EMP00719,Store Associate,ST083,Morning,59,6
EMP02480,Store Associate,ST086,Afternoon,62,11
EMP00338,Picker,ST084,Evening,44,4
EMP00919,Supervisor,ST100,Afternoon,41,3
EMP00795,Supervisor,ST027,Morning,50,6
EMP00542,Packer,ST077,Afternoon,40,6
EMP02155,Picker,ST075,Evening,44,6
EMP00644,Store Associate,ST024,Afternoon,55,3
EMP02338,Store Associate,ST015,Morning,48,6
EMP00804,Picker,ST055,Evening,67,6
EMP02024,Rider Coordinator,ST078,Morning,46,11
EMP01949,Packer,ST090,Evening,49,2
EMP00037,Picker,ST081,Evening,44,7
EMP00607,Picker,ST013,Afternoon,54,1
EMP02121,Supervisor,ST044,Night,37,7
EMP01584,Supervisor,ST085,Evening,36,6
EMP00415,Picker,ST006,Morning,48,5
EMP01167,Picker,ST049,Morning,56,12
EMP01159,Supervisor,ST069,Night,39,4
EMP01511,Rider Coordinator,ST006,Morning,45,6
EMP02485,Packer,ST058,Morning,46,5
EMP01183,Store Associate,ST087,Evening,46,13
EMP01474,Packer,ST040,Evening,45,8
EMP01309,Picker,ST094,Evening,52,8
EMP00449,Picker,ST005,Morning,62,4
EMP01303,Picker,ST006,Afternoon,39,3
EMP00359,Packer,ST099,Evening,58,5
EMP01422,Store Associate,ST054,Morning,45,5
EMP02475,Supervisor,ST037,Afternoon,49,6
EMP01935,Packer,ST075,Afternoon,52,8
EMP00402,Store Associate,ST040,Afternoon,54,4
EMP01019,Picker,ST035,Evening,49,4
EMP01990,Store Associate,ST030,Evening,46,4
EMP00667,Picker,ST089,Morning,48,4
EMP01334,Picker,ST099,Morning,46,7
EMP01263,Picker,ST043,Morning,61,2
EMP02436,Packer,ST012,Morning,54,7
EMP01250,Picker,ST099,Afternoon,51,10
EMP01843,Packer,ST071,Evening,47,8
EMP00027,Picker,ST005,Afternoon,36,10
EMP01410,Rider Coordinator,ST020,Afternoon,45,0
EMP01247,Store Associate,ST079,Morning,40,3
EMP02113,Packer,ST073,Evening,65,1
EMP00872,Picker,ST040,Afternoon,43,5
EMP01286,Picker,ST071,Evening,42,6
EMP01584,Picker,ST035,Evening,58,10
EMP00827,Picker,ST028,Afternoon,42,4
EMP01741,Rider Coordinator,ST072,Afternoon,60,11
EMP01374,Packer,ST093,Afternoon,46,9
EMP01705,Rider Coordinator,ST060,Afternoon,45,7
EMP02199,Supervisor,ST013,Evening,44,4
EMP02482,Packer,ST009,Night,48,4
EMP00257,Store Associate,ST089,Afternoon,44,3
EMP01430,Store Associate,ST067,Night,38,2
EMP01757,Picker,ST067,Afternoon,38,7
EMP01369,Supervisor,ST077,Morning,57,9
EMP01527,Picker,ST026,Morning,53,5
EMP00962,Packer,ST024,Afternoon,60,7
EMP01933,Rider Coordinator,ST088,Morning,51,9
EMP02239,Packer,ST033,Night,50,5
EMP02024,Picker,ST003,Afternoon,61,10
EMP00478,Store Associate,ST093,Afternoon,54,8
EMP00509,Store Associate,ST035,Night,42,9
EMP00429,Picker,ST005,Evening,46,6
EMP01592,Store Associate,ST100,Evening,50,8
EMP00274,Supervisor,ST080,Afternoon,48,3
EMP01216,Store Associate,ST098,Night,54,6
EMP01589,Store Associate,ST061,Afternoon,42,8
EMP01152,Store Associate,ST020,Afternoon,44,8
EMP00014,Picker,ST079,Evening,37,3
EMP02209,Store Associate,ST019,Evening,45,6
EMP02076,Supervisor,ST049,Evening,53,10
EMP00506,Picker,ST043,Night,45,6
EMP01713,Store Associate,ST067,Morning,48,8
EMP02411,Packer,ST043,Evening,52,7
EMP01308,Packer,ST004,Morning,47,4
EMP00768,Supervisor,ST089,Night,41,5
EMP02343,Rider Coordinator,ST018,Morning,45,3
EMP00448,Store Associate,ST016,Evening,47,7
EMP01309,Rider Coordinator,ST007,Night,60,2
EMP01308,Packer,ST013,Morning,48,7
EMP02461,Packer,ST076,Morning,54,4
EMP01772,Picker,ST085,Evening,52,4
EMP02035,Picker,ST011,Afternoon,36,10
EMP00243,Store Associate,ST003,Afternoon,45,2
EMP02153,Store Associate,ST017,Evening,44,6
EMP01302,Picker,ST042,Afternoon,48,10
EMP00941,Picker,ST039,Evening,47,2
EMP01943,Store Associate,ST046,Night,51,7
EMP01944,Packer,ST030,Evening,39,5
EMP00208,Rider Coordinator,ST051,Afternoon,47,9
EMP01536,Picker,ST064,Afternoon,51,7
EMP02419,Packer,ST081,Night,65,3
EMP02458,Store Associate,ST049,Evening,55,6
EMP02227,Store Associate,ST015,Night,40,7
EMP00202,Picker,ST066,Night,42,7
EMP01016,Store Associate,ST019,Afternoon,51,5
EMP00300,Picker,ST077,Night,43,8
EMP02182,Supervisor,ST040,Night,44,12
EMP00129,Store Associate,ST085,Evening,47,2
EMP00791,Rider Coordinator,ST008,Evening,41,8
EMP01377,Supervisor,ST091,Afternoon,48,11
EMP02012,Picker,ST063,Night,50,3
EMP01674,Rider Coordinator,ST025,Afternoon,48,7
EMP01002,Picker,ST033,Morning,44,5
EMP00585,Picker,ST026,Evening,41,4
EMP02141,Packer,ST090,Evening,47,7
EMP00296,Picker,ST044,Evening,50,10
EMP01881,Picker,ST100,Morning,52,5
EMP02205,Picker,ST095,Afternoon,46,4
EMP02043,Store Associate,ST031,Evening,39,7
EMP00783,Store Associate,ST009,Evening,43,10
EMP00329,Picker,ST084,Morning,54,10
EMP00412,Store Associate,ST082,Afternoon,36,8
EMP01636,Supervisor,ST076,Evening,58,8
EMP00401,Picker,ST019,Afternoon,48,5
EMP01939,Packer,ST026,Morning,46,8
EMP01606,Picker,ST061,Evening,39,9
EMP01725,Store Associate,ST056,Evening,37,6
EMP00828,Picker,ST055,Morning,56,4
EMP01140,Picker,ST092,Morning,46,7
EMP00539,Store Associate,ST063,Evening,47,10
EMP02065,Store Associate,ST021,Evening,40,7
EMP00290,Store Associate,ST063,Afternoon,52,5
EMP00099,Picker,ST015,Night,42,4
EMP02024,Store Associate,ST089,Morning,52,9
EMP01058,Packer,ST032,Afternoon,46,5
EMP01484,Store Associate,ST060,Evening,45,4
EMP02131,Picker,ST021,Evening,43,2
EMP00340,Packer,ST041,Morning,48,6
EMP00593,Picker,ST020,Afternoon,46,8
EMP00696,Picker,ST046,Evening,49,6
EMP01818,Rider Coordinator,ST016,Evening,59,8
EMP02465,Packer,ST012,Evening,54,6
EMP01283,Supervisor,ST022,Evening,36,7
EMP00875,Store Associate,ST059,Evening,57,3
EMP01539,Store Associate,ST047,Afternoon,57,3
EMP00681,Store Associate,ST069,Night,52,10
EMP00702,Picker,ST071,Evening,71,4
EMP01696,Store Associate,ST038,Morning,53,4
EMP01716,Rider Coordinator,ST084,Morning,52,6
EMP02248,Picker,ST071,Morning,46,5
EMP01787,Supervisor,ST051,Evening,57,9
EMP02381,Picker,ST019,Afternoon,52,7
EMP01839,Packer,ST085,Evening,55,4
EMP00577,Picker,ST033,Evening,42,7
EMP01951,Store Associate,ST065,Afternoon,42,7
EMP01295,Store Associate,ST080,Morning,42,8
EMP00612,Store Associate,ST074,Night,53,14
EMP02481,Packer,ST015,Afternoon,38,9
EMP01981,Picker,ST022,Evening,49,9
EMP00607,Store Associate,ST051,Night,40,6
EMP01983,Store Associate,ST015,Afternoon,58,6
EMP00525,Supervisor,ST021,Night,39,5
EMP01987,Store Associate,ST006,Morning,45,10
EMP01492,Rider Coordinator,ST044,Evening,60,3
EMP01214,Supervisor,ST032,Evening,56,7
EMP01673,Supervisor,ST075,Morning,58,5
EMP02261,Rider Coordinator,ST074,Evening,49,3
EMP00706,Picker,ST054,Evening,39,4
EMP01390,Picker,ST010,Evening,44,11
EMP02238,Picker,ST019,Evening,44,4
EMP00923,Picker,ST046,Night,42,9
EMP01011,Store Associate,ST068,Morning,55,3
EMP00394,Store Associate,ST052,Night,51,7
EMP00326,Picker,ST033,Evening,54,5
EMP01859,Store Associate,ST070,Afternoon,54,1
EMP02303,Picker,ST099,Evening,50,3
EMP02026,Store Associate,ST035,Morning,62,3
EMP00730,Picker,ST003,Evening,46,8
EMP02449,Store Associate,ST088,Afternoon,46,7
EMP01171,Picker,ST001,Evening,45,8
EMP00256,Store Associate,ST018,Afternoon,50,4
EMP00685,Rider Coordinator,ST074,Evening,51,10
EMP00799,Store Associate,ST042,Night,56,6
EMP01474,Store Associate,ST093,Afternoon,36,6
EMP01014,Store Associate,ST055,Morning,55,6
EMP02054,Picker,ST086,Evening,55,8
EMP00577,Picker,ST035,Afternoon,55,7
EMP00828,Supervisor,ST053,Evening,47,7
EMP02293,Packer,ST089,Morning,53,6
EMP01582,Picker,ST089,Evening,48,5
EMP00214,Packer,ST069,Afternoon,43,6
EMP02061,Picker,ST043,Morning,49,2
EMP00990,Rider Coordinator,ST100,Afternoon,47,7
EMP00247,Rider Coordinator,ST049,Morning,49,7
EMP02201,Picker,ST062,Afternoon,58,7
EMP00673,Store Associate,ST083,Evening,39,4
EMP01700,Packer,ST021,Night,63,5
EMP00159,Store Associate,ST081,Evening,46,8
EMP00303,Picker,ST016,Evening,35,6
EMP02138,Packer,ST087,Morning,55,4
EMP01233,Picker,ST082,Evening,44,9
EMP01993,Store Associate,ST016,Evening,51,2
EMP01808,Packer,ST014,Morning,43,4
EMP00038,Packer,ST011,Evening,48,4
EMP01770,Packer,ST095,Afternoon,54,7
EMP01706,Picker,ST014,Morning,50,6
EMP02423,Store Associate,ST029,Evening,43,12
EMP01277,Picker,ST021,Evening,37,3
EMP02423,Store Associate,ST055,Night,47,8
EMP00586,Store Associate,ST039,Morning,50,2
EMP02382,Store Associate,ST097,Evening,55,9
EMP01461,Picker,ST070,Afternoon,44,4
EMP01975,Picker,ST036,Night,47,3
EMP00080,Picker,ST025,Evening,50,7
EMP01185,Rider Coordinator,ST054,Afternoon,50,7
EMP02049,Picker,ST051,Afternoon,47,4
EMP00248,Store Associate,ST046,Afternoon,56,5
EMP01628,Store Associate,ST005,Evening,54,3
EMP00662,Supervisor,ST054,Night,36,6
EMP01382,Supervisor,ST091,Morning,46,8
EMP02060,Picker,ST073,Afternoon,45,8
EMP01121,Packer,ST012,Morning,50,9
EMP01084,Picker,ST079,Afternoon,54,6
EMP01398,Rider Coordinator,ST081,Morning,48,8
EMP01399,Picker,ST029,Afternoon,46,2
EMP02288,Picker,ST015,Afternoon,45,9
EMP00300,Store Associate,ST040,Evening,61,5
EMP01400,Store Associate,ST082,Morning,45,5
EMP01587,Picker,ST074,Afternoon,61,2
EMP01802,Rider Coordinator,ST026,Evening,49,5
EMP01160,Picker,ST042,Evening,52,3
EMP01753,Store Associate,ST049,Morning,51,2
EMP00027,Picker,ST032,Morning,56,1
EMP01265,Store Associate,ST028,Afternoon,44,4
EMP00233,Rider Coordinator,ST014,Afternoon,34,6
EMP00295,Packer,ST048,Afternoon,46,7
EMP02235,Store Associate,ST038,Evening,51,6
EMP00647,Store Associate,ST041,Evening,44,7
EMP01265,Store Associate,ST069,Evening,46,6
EMP00583,Picker,ST020,Afternoon,52,5
EMP01146,Packer,ST070,Night,52,8
EMP02286,Picker,ST011,Afternoon,38,7
EMP00295,Picker,ST028,Morning,56,2
EMP01491,Picker,ST002,Morning,39,4
EMP01599,Picker,ST079,Evening,42,7
EMP00352,Packer,ST058,Night,45,9
EMP00038,Picker,ST043,Night,55,5
EMP00429,Picker,ST050,Afternoon,40,6
EMP01358,Packer,ST051,Evening,43,5
EMP02043,Picker,ST079,Evening,48,6
EMP02302,Picker,ST049,Night,45,7
EMP02460,Packer,ST069,Afternoon,61,3
EMP00549,Picker,ST062,Afternoon,43,11
EMP00276,Picker,ST083,Afternoon,50,12
EMP01872,Packer,ST028,Morning,51,2
EMP00922,Picker,ST021,Night,34,10
EMP02472,Store Associate,ST047,Evening,30,4
EMP01670,Picker,ST073,Evening,43,5
EMP00019,Packer,ST020,Afternoon,41,10
EMP00265,Picker,ST003,Morning,45,6
EMP01513,Store Associate,ST049,Evening,54,6
EMP00992,Store Associate,ST061,Evening,41,1
EMP01382,Picker,ST069,Morning,46,7
EMP01591,Rider Coordinator,ST096,Evening,53,5
EMP02054,Picker,ST078,Afternoon,44,11
EMP01966,Picker,ST064,Morning,49,6
EMP00520,Rider Coordinator,ST066,Afternoon,41,2
EMP00770,Picker,ST073,Morning,52,10
EMP01653,Packer,ST012,Morning,46,4
EMP01013,Store Associate,ST043,Afternoon,41,5
EMP01915,Packer,ST086,Afternoon,49,4
EMP00858,Picker,ST013,Night,52,4
EMP01090,Picker,ST005,Evening,38,7
EMP01515,Store Associate,ST013,Evening,47,7
EMP01233,Picker,ST011,Afternoon,46,4
EMP02110,Store Associate,ST098,Afternoon,32,13
EMP02185,Picker,ST069,Morning,48,6
EMP00650,Store Associate,ST068,Afternoon,49,4
EMP01664,Picker,ST094,Evening,42,6
EMP00101,Picker,ST037,Night,50,8
EMP01148,Store Associate,ST034,Morning,54,5
EMP00044,Rider Coordinator,ST031,Afternoon,40,7
EMP00319,Picker,ST061,Evening,45,7
EMP00754,Store Associate,ST059,Evening,48,6
EMP01687,Supervisor,ST030,Evening,45,3
EMP02419,Packer,ST071,Night,57,7
EMP01228,Picker,ST087,Afternoon,47,8
EMP00077,Picker,ST061,Afternoon,48,5
EMP01269,Packer,ST074,Night,50,3
EMP00858,Picker,ST032,Morning,44,5
EMP01691,Picker,ST072,Night,40,2
EMP01620,Store Associate,ST074,Night,49,5
EMP01817,Picker,ST073,Afternoon,51,4
EMP00350,Packer,ST085,Evening,48,4
EMP01951,Packer,ST019,Evening,35,3
EMP00482,Supervisor,ST085,Afternoon,45,5
EMP00772,Rider Coordinator,ST087,Evening,49,5
EMP00239,Packer,ST069,Morning,40,9
EMP00619,Picker,ST072,Evening,50,1
EMP01825,Picker,ST028,Evening,38,0
EMP02309,Store Associate,ST004,Afternoon,53,8
EMP01676,Picker,ST039,Evening,53,6
EMP01091,Rider Coordinator,ST093,Afternoon,46,7
EMP01023,Store Associate,ST024,Morning,47,6
EMP00522,Picker,ST098,Evening,47,11
EMP00011,Packer,ST025,Afternoon,38,4
EMP00209,Picker,ST065,Evening,43,4
EMP02273,Packer,ST091,Night,52,6
EMP01554,Picker,ST088,Afternoon,57,4
EMP02468,Store Associate,ST051,Afternoon,38,4
EMP01047,Picker,ST058,Morning,35,14
EMP02095,Picker,ST029,Afternoon,45,4
EMP01089,Store Associate,ST071,Afternoon,46,5
EMP00222,Picker,ST086,Evening,35,9
EMP01921,Picker,ST023,Afternoon,42,8
EMP01398,Packer,ST088,Afternoon,40,8
EMP01403,Picker,ST010,Evening,42,5
EMP02078,Rider Coordinator,ST058,Evening,42,5
EMP00405,Picker,ST016,Afternoon,50,7
EMP02051,Packer,ST072,Night,50,5
EMP00118,Packer,ST061,Morning,52,3
EMP00311,Packer,ST065,Morning,44,6
EMP00433,Store Associate,ST092,Morning,59,5
EMP00689,Picker,ST034,Evening,56,12
EMP00160,Rider Coordinator,ST054,Morning,42,8
EMP00147,Store Associate,ST051,Night,48,7
EMP00281,Store Associate,ST059,Night,50,4
EMP02304,Packer,ST005,Evening,54,4
EMP00406,Packer,ST065,Morning,49,5
EMP01654,Store Associate,ST032,Morning,45,7
EMP01938,Picker,ST067,Evening,41,7
EMP01991,Picker,ST074,Afternoon,46,8
EMP02409,Rider Coordinator,ST090,Evening,59,8
EMP01110,Packer,ST017,Night,54,7
EMP01626,Store Associate,ST001,Afternoon,52,9
EMP01222,Picker,ST096,Afternoon,51,5
EMP00993,Store Associate,ST080,Evening,47,5
EMP00056,Picker,ST050,Morning,58,3
EMP00010,Store Associate,ST090,Afternoon,42,9
EMP01564,Picker,ST029,Evening,62,3
EMP01682,Store Associate,ST087,Evening,39,5
EMP02239,Packer,ST036,Evening,55,5
EMP00617,Picker,ST006,Morning,51,10
EMP01219,Picker,ST007,Afternoon,51,3
EMP01854,Store Associate,ST020,Morning,50,5
EMP02129,Picker,ST002,Morning,57,9
EMP00606,Supervisor,ST062,Evening,42,6
EMP00578,Rider Coordinator,ST022,Night,53,10
EMP02485,Packer,ST099,Night,50,4
EMP01077,Picker,ST020,Afternoon,43,7
EMP00621,Picker,ST034,Afternoon,43,3
EMP01968,Supervisor,ST076,Morning,59,8
EMP01168,Packer,ST016,Afternoon,44,3
EMP02441,Store Associate,ST082,Night,55,6
EMP00129,Store Associate,ST007,Evening,47,10
EMP01497,Packer,ST001,Evening,48,11
EMP02182,Store Associate,ST016,Morning,34,9
EMP02251,Picker,ST028,Evening,39,10
EMP02330,Picker,ST080,Morning,62,5
EMP01062,Picker,ST089,Evening,53,9
EMP01557,Store Associate,ST084,Evening,31,4
EMP00175,Picker,ST054,Afternoon,52,3
EMP01076,Packer,ST039,Night,53,6
EMP00026,Store Associate,ST061,Evening,60,13
EMP02112,Supervisor,ST097,Afternoon,47,4
EMP00592,Picker,ST067,Evening,57,9
EMP00815,Packer,ST036,Afternoon,48,12
EMP01627,Packer,ST090,Evening,60,4
EMP02318,Supervisor,ST012,Evening,45,4
EMP00590,Supervisor,ST022,Morning,39,7
EMP01024,Rider Coordinator,ST062,Afternoon,47,5
EMP00069,Packer,ST055,Evening,55,5
EMP00466,Picker,ST072,Evening,34,5
EMP01992,Store Associate,ST083,Morning,53,5
EMP01978,Packer,ST072,Afternoon,41,5
EMP01364,Picker,ST086,Morning,50,6
EMP02191,Supervisor,ST032,Evening,49,8
EMP01596,Supervisor,ST031,Afternoon,47,8
EMP00207,Supervisor,ST067,Afternoon,38,5
EMP01713,Packer,ST067,Evening,41,6
EMP02087,Packer,ST095,Evening,44,1
EMP01875,Store Associate,ST063,Evening,45,5
EMP00246,Picker,ST031,Morning,54,5
EMP00062,Picker,ST088,Afternoon,46,4
EMP01908,Picker,ST062,Evening,49,5
EMP00451,Picker,ST029,Morning,42,3
EMP02149,Packer,ST051,Afternoon,44,3
EMP00371,Supervisor,ST100,Evening,41,4
EMP01493,Supervisor,ST060,Morning,47,6
EMP01867,Store Associate,ST059,Afternoon,36,8
EMP02181,Packer,ST064,Afternoon,41,11
EMP00663,Store Associate,ST003,Evening,51,5
EMP00179,Packer,ST100,Evening,48,7
EMP01174,Picker,ST047,Night,42,7
EMP01251,Packer,ST044,Evening,47,4
EMP02096,Rider Coordinator,ST093,Morning,48,9
EMP01747,Picker,ST007,Afternoon,55,4
EMP02445,Packer,ST093,Evening,44,7
EMP01415,Picker,ST004,Afternoon,44,7
EMP00534,Packer,ST002,Evening,48,8
EMP02469,Packer,ST070,Evening,47,5
EMP00462,Store Associate,ST051,Night,48,2
EMP00335,Rider Coordinator,ST032,Afternoon,72,5
EMP00284,Store Associate,ST048,Evening,44,3
EMP01986,Store Associate,ST066,Evening,46,6
EMP00831,Packer,ST071,Evening,46,10
EMP00655,Rider Coordinator,ST020,Afternoon,56,6
EMP00305,Store Associate,ST079,Afternoon,46,6
EMP00290,Picker,ST005,Evening,30,3
EMP00001,Packer,ST036,Evening,47,3
EMP02180,Store Associate,ST004,Afternoon,46,6
EMP00195,Packer,ST044,Afternoon,50,0
EMP01223,Picker,ST048,Evening,44,8
EMP01450,Store Associate,ST016,Afternoon,44,1
EMP01384,Picker,ST100,Afternoon,63,5
EMP00292,Packer,ST058,Evening,54,4
EMP02396,Picker,ST010,Night,47,9
EMP01992,Picker,ST090,Night,43,7
EMP01934,Store Associate,ST066,Night,45,6
EMP00125,Store Associate,ST094,Morning,55,2
EMP02071,Picker,ST094,Evening,50,6
EMP01789,Picker,ST078,Night,52,6
EMP01059,Store Associate,ST045,Morning,51,4
EMP01585,Store Associate,ST029,Evening,50,6
EMP01707,Picker,ST033,Morning,59,6
EMP01366,Store Associate,ST097,Evening,56,6
EMP00290,Picker,ST080,Morning,46,7
EMP02393,Store Associate,ST004,Morning,47,5
EMP00992,Picker,ST096,Night,42,8
EMP02315,Rider Coordinator,ST035,Afternoon,40,7
EMP01852,Picker,ST092,Evening,44,6
EMP00687,Packer,ST018,Evening,52,6
EMP02499,Picker,ST060,Evening,54,5
EMP01929,Store Associate,ST038,Evening,49,9
EMP00977,Picker,ST096,Night,51,8
EMP01659,Packer,ST055,Afternoon,44,8
EMP00594,Picker,ST022,Evening,51,4
EMP00524,Rider Coordinator,ST082,Night,54,7
EMP01152,Rider Coordinator,ST067,Afternoon,46,11
EMP00059,Packer,ST087,Evening,44,4
EMP02468,Rider Coordinator,ST009,Evening,37,6
EMP02268,Picker,ST022,Night,45,7
EMP01281,Picker,ST094,Afternoon,45,3
EMP01838,Packer,ST016,Afternoon,44,4
EMP00026,Packer,ST001,Evening,40,8
EMP00114,Packer,ST049,Morning,52,6
EMP01148,Store Associate,ST014,Night,48,6
EMP02434,Store Associate,ST030,Afternoon,37,6
EMP01976,Store Associate,ST086,Evening,61,4
EMP02414,Picker,ST077,Afternoon,49,4
EMP00068,Picker,ST047,Evening,40,7
EMP02437,Packer,ST032,Evening,57,6
EMP02117,Supervisor,ST032,Evening,46,9
EMP01692,Packer,ST093,Afternoon,52,5
EMP00360,Store Associate,ST073,Evening,44,2
EMP00923,Store Associate,ST007,Night,37,6
EMP02445,Picker,ST072,Evening,49,6
EMP01210,Store Associate,ST044,Afternoon,52,8
EMP00753,Picker,ST025,Morning,61,6
EMP00871,Picker,ST096,Afternoon,41,5
EMP00125,Packer,ST011,Afternoon,57,4
EMP01790,Packer,ST056,Night,47,6
EMP01054,Packer,ST003,Morning,41,4
EMP01999,Picker,ST083,Evening,45,3
EMP01420,Picker,ST001,Evening,43,4
EMP01714,Store Associate,ST062,Evening,52,3
EMP01666,Picker,ST050,Afternoon,46,5
EMP02050,Picker,ST050,Night,58,8
EMP02378,Store Associate,ST009,Afternoon,54,8
EMP00950,Store Associate,ST040,Evening,46,4
EMP00816,Store Associate,ST018,Evening,47,4
EMP01614,Store Associate,ST099,Morning,46,7
EMP01708,Supervisor,ST057,Evening,52,4
EMP01291,Packer,ST030,Morning,54,2
EMP00007,Packer,ST077,Night,50,3
EMP01993,Picker,ST008,Afternoon,48,3
EMP01740,Packer,ST033,Evening,65,7
EMP01957,Rider Coordinator,ST068,Morning,46,6
EMP02182,Store Associate,ST022,Evening,51,5
EMP01059,Packer,ST091,Afternoon,45,4
EMP00454,Picker,ST044,Afternoon,63,5
EMP00374,Packer,ST012,Evening,40,4
EMP02200,Picker,ST086,Afternoon,36,3
EMP01970,Picker,ST049,Afternoon,53,8
EMP00079,Picker,ST039,Evening,46,7
EMP00056,Picker,ST100,Evening,42,11
EMP00265,Packer,ST029,Evening,54,6
EMP00957,Picker,ST061,Night,46,11
EMP02132,Picker,ST097,Evening,52,3
EMP00397,Rider Coordinator,ST006,Afternoon,52,0
EMP01676,Packer,ST026,Evening,49,2
EMP01603,Picker,ST034,Afternoon,38,6
EMP00729,Picker,ST081,Evening,55,9
EMP00750,Store Associate,ST064,Evening,35,6
EMP00932,Rider Coordinator,ST041,Afternoon,50,6
EMP02294,Packer,ST041,Afternoon,41,7
EMP02346,Store Associate,ST053,Morning,50,8
EMP01381,Store Associate,ST056,Evening,51,7
EMP02175,Supervisor,ST080,Evening,54,3
EMP00606,Picker,ST010,Evening,57,3
EMP02440,Store Associate,ST064,Evening,51,6
EMP02316,Supervisor,ST024,Afternoon,45,6
EMP00746,Packer,ST074,Evening,51,6
EMP02358,Supervisor,ST019,Evening,50,4
EMP02115,Picker,ST014,Evening,53,4
EMP00115,Supervisor,ST053,Evening,47,11
EMP01968,Picker,ST055,Morning,49,10
EMP02201,Packer,ST070,Morning,47,1
EMP00278,Store Associate,ST018,Afternoon,51,6
EMP00452,Picker,ST034,Evening,53,4
EMP00237,Picker,ST025,Night,40,7
EMP01130,Store Associate,ST001,Night,36,3
EMP01629,Store Associate,ST071,Morning,43,9
EMP01161,Picker,ST050,Morning,58,4
EMP01333,Picker,ST067,Evening,59,7
EMP02375,Picker,ST012,Afternoon,45,5
EMP01330,Picker,ST036,Evening,51,8
EMP02008,Store Associate,ST016,Morning,53,4
EMP01923,Packer,ST057,Evening,45,5
EMP01269,Supervisor,ST099,Evening,48,4
EMP01502,Packer,ST009,Morning,48,7
EMP00281,Store Associate,ST011,Evening,57,3
EMP01534,Supervisor,ST053,Evening,48,5
EMP02382,Picker,ST003,Afternoon,38,2
EMP01891,Packer,ST073,Morning,56,5
EMP01285,Store Associate,ST030,Morning,51,6
EMP01962,Packer,ST001,Evening,42,11
EMP02288,Rider Coordinator,ST017,Afternoon,50,4
EMP02001,Picker,ST097,Evening,49,5
EMP01170,Packer,ST030,Afternoon,47,8
EMP00320,Packer,ST037,Evening,43,3
EMP00109,Supervisor,ST002,Evening,42,3
EMP01513,Picker,ST075,Night,58,9
EMP01579,Store Associate,ST048,Evening,51,10
EMP01162,Supervisor,ST048,Evening,50,7
EMP01682,Packer,ST080,Morning,49,6
EMP01667,Picker,ST078,Afternoon,47,5
EMP00432,Packer,ST041,Afternoon,52,8
EMP00755,Store Associate,ST095,Evening,43,8
EMP01959,Packer,ST092,Morning,45,3
EMP00001,Picker,ST048,Afternoon,52,7
EMP00063,Store Associate,ST095,Evening,39,2
EMP01839,Rider Coordinator,ST004,Evening,62,10
EMP02021,Store Associate,ST062,Evening,59,10
EMP01555,Packer,ST036,Night,48,3
EMP01340,Picker,ST015,Morning,45,5
EMP00455,Picker,ST098,Night,41,7
EMP01544,Supervisor,ST044,Morning,46,9
EMP00606,Supervisor,ST030,Evening,38,6
EMP00728,Store Associate,ST068,Evening,44,8
EMP01821,Picker,ST003,Night,52,3
EMP01931,Store Associate,ST051,Afternoon,36,5
EMP01503,Picker,ST009,Morning,51,8
EMP00398,Packer,ST016,Afternoon,45,7
EMP00106,Picker,ST080,Evening,57,3
EMP00749,Rider Coordinator,ST061,Evening,46,8
EMP02492,Store Associate,ST096,Night,46,3
EMP02471,Supervisor,ST081,Evening,44,6
EMP01791,Rider Coordinator,ST015,Evening,54,6
EMP01193,Packer,ST022,Evening,50,1
EMP00321,Store Associate,ST047,Evening,54,3
EMP01783,Packer,ST002,Afternoon,48,5
EMP01404,Rider Coordinator,ST044,Afternoon,49,4
EMP02266,Store Associate,ST010,Morning,39,4
EMP01164,Store Associate,ST032,Evening,40,4
EMP01261,Picker,ST003,Afternoon,43,2
EMP01311,Packer,ST044,Morning,54,6
EMP00187,Supervisor,ST096,Night,38,8
EMP00951,Packer,ST086,Night,51,2
EMP01890,Packer,ST032,Afternoon,56,10
EMP01057,Picker,ST011,Morning,45,6
EMP00838,Packer,ST019,Evening,62,3
EMP01135,Store Associate,ST032,Morning,57,2
EMP00091,Supervisor,ST084,Evening,57,6
EMP00693,Packer,ST060,Afternoon,52,4
EMP01349,Packer,ST053,Evening,52,5
EMP01115,Picker,ST081,Afternoon,60,4
EMP01215,Packer,ST082,Morning,56,6
EMP02053,Picker,ST003,Evening,32,4
EMP00177,Picker,ST094,Afternoon,54,4
EMP01874,Picker,ST052,Afternoon,43,6
EMP00372,Packer,ST042,Afternoon,59,6
EMP01782,Store Associate,ST023,Evening,44,7
EMP00214,Store Associate,ST020,Night,48,3
EMP01533,Packer,ST085,Evening,57,7
EMP02194,Picker,ST072,Evening,33,4
EMP00121,Picker,ST095,Night,49,6
EMP01210,Store Associate,ST039,Morning,45,7
EMP00127,Packer,ST066,Night,44,6
EMP01029,Supervisor,ST087,Afternoon,40,5
EMP01505,Store Associate,ST097,Afternoon,44,7
EMP00285,Packer,ST055,Night,40,6
EMP00702,Store Associate,ST091,Morning,46,8
EMP00205,Picker,ST023,Morning,42,4
EMP00416,Picker,ST024,Evening,43,3
EMP01077,Rider Coordinator,ST055,Night,34,4
EMP01321,Rider Coordinator,ST066,Morning,52,11
EMP00116,Packer,ST051,Night,55,9
EMP00208,Picker,ST025,Afternoon,51,4
EMP00590,Picker,ST075,Evening,36,8
EMP01146,Store Associate,ST057,Afternoon,44,6
EMP02448,Packer,ST060,Morning,56,7
EMP02325,Picker,ST050,Afternoon,47,3
EMP02465,Picker,ST036,Night,63,9
EMP01157,Store Associate,ST036,Afternoon,48,7
EMP02249,Picker,ST013,Afternoon,60,12
EMP01585,Picker,ST021,Evening,58,7
EMP01577,Packer,ST046,Afternoon,41,2
EMP00394,Picker,ST081,Morning,37,7
EMP01145,Store Associate,ST038,Morning,53,6
EMP00037,Picker,ST010,Afternoon,57,5
EMP01991,Packer,ST047,Morning,43,9
EMP00029,Picker,ST062,Afternoon,57,10
EMP01541,Store Associate,ST088,Afternoon,52,7
EMP02223,Picker,ST068,Evening,57,4
EMP01744,Store Associate,ST041,Afternoon,54,5
EMP02025,Rider Coordinator,ST063,Afternoon,47,6
EMP00875,Picker,ST070,Evening,46,8
EMP00709,Store Associate,ST004,Morning,42,10
EMP01651,Picker,ST053,Evening,45,5
EMP01307,Store Associate,ST058,Evening,50,3
EMP00420,Rider Coordinator,ST035,Evening,49,4
EMP00635,Store Associate,ST029,Afternoon,48,6
EMP00863,Store Associate,ST014,Morning,42,5
EMP00613,Rider Coordinator,ST048,Morning,39,6
EMP00618,Packer,ST025,Morning,49,6
EMP01321,Picker,ST011,Morning,51,5
EMP02301,Packer,ST099,Evening,53,9
EMP01267,Picker,ST026,Afternoon,55,5
EMP01859,Store Associate,ST085,Afternoon,49,7
EMP01856,Packer,ST042,Morning,47,5
EMP02208,Picker,ST021,Night,55,4
EMP00650,Store Associate,ST085,Evening,49,6
EMP00597,Store Associate,ST054,Morning,45,7
EMP01685,Store Associate,ST050,Afternoon,47,8
EMP01163,Store Associate,ST025,Morning,54,5
EMP02287,Picker,ST083,Morning,50,7
EMP00577,Picker,ST081,Afternoon,47,6
EMP02348,Store Associate,ST025,Afternoon,46,5
EMP01867,Store Associate,ST081,Night,49,7
EMP01859,Store Associate,ST046,Night,45,3
EMP01608,Rider Coordinator,ST028,Morning,51,7
EMP01987,Packer,ST043,Afternoon,37,5
EMP01666,Packer,ST018,Afternoon,47,7
EMP01714,Rider Coordinator,ST045,Night,38,7
EMP00452,Store Associate,ST063,Morning,39,4
EMP00363,Store Associate,ST047,Evening,57,4
EMP01694,Picker,ST047,Morning,53,7
EMP01118,Picker,ST025,Afternoon,41,6
EMP02280,Picker,ST062,Afternoon,44,5
EMP02405,Store Associate,ST065,Evening,37,6
EMP01817,Picker,ST037,Afternoon,44,7
EMP00256,Picker,ST017,Night,38,7
EMP02275,Packer,ST013,Evening,52,7
EMP01799,Picker,ST067,Afternoon,55,8
EMP01288,Picker,ST063,Afternoon,53,3
EMP00499,Picker,ST005,Afternoon,27,9
EMP02056,Packer,ST064,Morning,46,6
EMP01486,Packer,ST027,Morning,56,10
EMP01187,Store Associate,ST007,Night,52,7
EMP01737,Store Associate,ST018,Evening,40,3
EMP01407,Packer,ST088,Evening,39,4
EMP00745,Picker,ST027,Morning,42,5
EMP00463,Store Associate,ST052,Evening,59,7
EMP00801,Picker,ST088,Night,39,8
EMP00127,Picker,ST073,Night,50,11
EMP00614,Store Associate,ST015,Evening,54,3
EMP00923,Store Associate,ST004,Morning,46,4
EMP01398,Picker,ST063,Morning,52,6
EMP00440,Picker,ST002,Afternoon,30,6
EMP02337,Picker,ST093,Afternoon,44,0
EMP01736,Store Associate,ST038,Evening,47,7
EMP02309,Packer,ST088,Evening,41,6
EMP01171,Picker,ST043,Afternoon,47,7
EMP02262,Picker,ST080,Evening,49,4
EMP00726,Supervisor,ST061,Evening,49,6
EMP01128,Picker,ST017,Afternoon,59,5
EMP01676,Packer,ST069,Evening,45,7
EMP01501,Packer,ST010,Afternoon,41,5
EMP01872,Picker,ST054,Morning,44,8
EMP00496,Packer,ST052,Afternoon,42,9
EMP02151,Store Associate,ST055,Afternoon,49,7
EMP01872,Packer,ST056,Morning,42,4
EMP02446,Packer,ST043,Afternoon,61,4
EMP01733,Packer,ST038,Afternoon,48,9
EMP01745,Supervisor,ST049,Afternoon,48,2
EMP00702,Packer,ST078,Afternoon,44,5
EMP00217,Picker,ST087,Morning,40,4
EMP01184,Store Associate,ST051,Morning,50,8
EMP02497,Packer,ST027,Evening,34,10
EMP00929,Packer,ST058,Evening,41,4
EMP01152,Picker,ST011,Afternoon,44,2
EMP02412,Store Associate,ST097,Evening,46,6
EMP01644,Picker,ST026,Morning,47,5
EMP01330,Store Associate,ST041,Evening,48,7
EMP00561,Packer,ST100,Afternoon,50,6
EMP00724,Rider Coordinator,ST050,Morning,56,8
EMP01455,Supervisor,ST024,Afternoon,54,5
EMP01559,Packer,ST098,Afternoon,43,9
EMP00488,Picker,ST085,Morning,57,6
EMP01584,Picker,ST083,Night,38,9
EMP02215,Store Associate,ST078,Evening,37,4
EMP01419,Packer,ST078,Afternoon,41,5
EMP02324,Store Associate,ST081,Afternoon,58,3
EMP01438,Supervisor,ST098,Afternoon,49,7
EMP00895,Store Associate,ST021,Evening,60,7
EMP01929,Picker,ST082,Evening,53,7
EMP01436,Store Associate,ST071,Morning,49,5
EMP02063,Picker,ST094,Morning,44,4
EMP00806,Rider Coordinator,ST020,Afternoon,51,12
EMP02410,Packer,ST001,Afternoon,42,5
EMP01599,Store Associate,ST047,Afternoon,61,6
EMP01025,Picker,ST002,Morning,50,4
EMP01677,Store Associate,ST075,Evening,45,6
EMP00760,Supervisor,ST041,Evening,43,5
EMP01762,Picker,ST043,Evening,56,3
EMP02023,Store Associate,ST066,Evening,54,5
EMP00260,Picker,ST011,Morning,39,4
EMP00675,Store Associate,ST087,Evening,38,8
EMP00553,Store Associate,ST009,Afternoon,38,8
EMP00319,Picker,ST015,Evening,40,8
EMP01357,Picker,ST019,Evening,43,4
EMP01936,Packer,ST099,Afternoon,49,6
EMP01426,Supervisor,ST042,Evening,37,7
EMP01479,Rider Coordinator,ST086,Afternoon,40,5
EMP02259,Picker,ST044,Night,71,10
EMP01852,Packer,ST042,Afternoon,44,6
EMP00966,Supervisor,ST023,Afternoon,56,5
EMP01971,Store Associate,ST077,Afternoon,58,6
EMP00685,Packer,ST088,Evening,40,9
EMP01708,Packer,ST059,Evening,61,4
EMP01368,Picker,ST077,Evening,32,5
EMP00518,Picker,ST028,Afternoon,42,11
EMP00184,Supervisor,ST039,Evening,44,2
EMP00080,Picker,ST012,Morning,41,6
EMP00141,Picker,ST002,Afternoon,41,11
EMP01005,Picker,ST008,Night,61,8
EMP00630,Supervisor,ST010,Afternoon,53,4
EMP01649,Store Associate,ST017,Evening,54,5
EMP02136,Supervisor,ST063,Afternoon,41,11
EMP02403,Supervisor,ST061,Evening,53,7
EMP01107,Packer,ST076,Afternoon,52,8
EMP02421,Rider Coordinator,ST064,Evening,50,6
EMP01289,Store Associate,ST008,Evening,52,5
EMP02007,Supervisor,ST006,Evening,41,9
EMP02377,Picker,ST088,Evening,49,5
EMP02438,Picker,ST033,Evening,52,9
EMP01997,Picker,ST100,Evening,41,11
EMP01021,Supervisor,ST095,Night,49,1
EMP01643,Picker,ST065,Afternoon,51,6
EMP00771,Picker,ST084,Morning,48,9
EMP02116,Packer,ST062,Morning,41,3
EMP01718,Packer,ST051,Night,54,5
EMP01648,Picker,ST096,Evening,57,5
EMP01070,Picker,ST019,Night,50,9
EMP00047,Store Associate,ST029,Evening,42,7
EMP02314,Packer,ST099,Morning,61,5
EMP00378,Picker,ST010,Afternoon,50,8
EMP01644,Picker,ST041,Afternoon,53,1
EMP01885,Picker,ST094,Afternoon,42,9
EMP01520,Store Associate,ST091,Morning,50,5
EMP02365,Store Associate,ST052,Night,50,6
EMP00202,Rider Coordinator,ST073,Afternoon,54,2
EMP00456,Packer,ST061,Afternoon,47,3
EMP00421,Store Associate,ST091,Evening,38,3
EMP01946,Store Associate,ST063,Morning,54,3
EMP01027,Picker,ST029,Evening,39,9
EMP00853,Picker,ST082,Morning,44,9
EMP00884,Picker,ST089,Morning,40,4
EMP01833,Picker,ST076,Night,48,4
EMP02056,Packer,ST043,Morning,57,6
EMP00651,Store Associate,ST075,Afternoon,51,5
EMP02190,Store Associate,ST037,Afternoon,38,8
EMP01011,Picker,ST057,Morning,42,7
EMP01801,Picker,ST014,Afternoon,48,3
EMP01700,Supervisor,ST036,Afternoon,52,7
EMP02431,Picker,ST087,Morning,54,3
EMP02208,Packer,ST050,Afternoon,53,3
EMP02321,Store Associate,ST017,Morning,40,9
EMP02141,Supervisor,ST032,Night,45,3
EMP02134,Supervisor,ST028,Afternoon,55,6
EMP01010,Store Associate,ST008,Afternoon,50,9
EMP00703,Rider Coordinator,ST035,Afternoon,54,9
EMP01135,Packer,ST089,Evening,57,2
EMP02055,Store Associate,ST044,Evening,49,7
EMP01834,Packer,ST053,Morning,40,10
EMP01050,Rider Coordinator,ST096,Evening,41,5
EMP01288,Packer,ST064,Night,52,6
EMP01624,Rider Coordinator,ST095,Afternoon,54,8
EMP01632,Store Associate,ST068,Afternoon,54,6
EMP00079,Picker,ST043,Evening,61,8
EMP00558,Picker,ST042,Evening,40,2
EMP01105,Packer,ST089,Evening,42,7
EMP00485,Store Associate,ST088,Morning,40,3
EMP02199,Supervisor,ST083,Morning,58,6
EMP02459,Supervisor,ST037,Morning,53,8
EMP00922,Picker,ST016,Evening,50,5
EMP01629,Store Associate,ST039,Morning,39,10
EMP01552,Picker,ST093,Night,39,4
EMP01884,Store Associate,ST076,Night,50,4
EMP01537,Packer,ST084,Afternoon,58,4
EMP01682,Picker,ST097,Night,45,5
EMP01745,Store Associate,ST029,Evening,55,6
EMP00473,Picker,ST072,Morning,46,7
EMP01980,Picker,ST052,Afternoon,40,5
EMP00791,Picker,ST088,Evening,43,5
EMP01765,Picker,ST010,Morning,54,6
EMP01088,Rider Coordinator,ST093,Evening,48,6
EMP02011,Rider Coordinator,ST091,Evening,44,8
EMP00049,Packer,ST052,Morning,45,5
EMP00825,Picker,ST089,Afternoon,37,5
EMP00218,Rider Coordinator,ST071,Evening,42,6
EMP00708,Packer,ST021,Evening,57,4
EMP02294,Picker,ST021,Afternoon,47,5
EMP00884,Packer,ST085,Morning,50,6
EMP01462,Rider Coordinator,ST007,Afternoon,58,5
EMP01810,Supervisor,ST099,Evening,56,7
EMP00916,Rider Coordinator,ST066,Evening,50,6
EMP01586,Packer,ST044,Evening,60,5
EMP02078,Picker,ST027,Afternoon,48,8
EMP01038,Store Associate,ST086,Evening,57,4
EMP00590,Packer,ST029,Evening,50,8
EMP00571,Picker,ST058,Afternoon,47,5
EMP01509,Store Associate,ST050,Morning,55,1
EMP01473,Picker,ST026,Evening,39,6
EMP02244,Picker,ST034,Morning,50,4
EMP00665,Picker,ST098,Evening,45,5
EMP01269,Picker,ST063,Evening,51,4
EMP00427,Store Associate,ST021,Afternoon,44,10
EMP01753,Picker,ST026,Morning,56,2
EMP02465,Supervisor,ST006,Evening,48,2
EMP00712,Picker,ST050,Morning,48,3
EMP00207,Rider Coordinator,ST041,Evening,48,8
EMP02134,Picker,ST038,Night,42,6
EMP01219,Supervisor,ST071,Afternoon,46,10
EMP00031,Store Associate,ST091,Night,41,7
EMP02322,Packer,ST067,Evening,47,6
EMP02183,Store Associate,ST031,Evening,48,8
EMP01490,Supervisor,ST089,Morning,51,3
EMP00972,Picker,ST097,Evening,54,4
EMP00236,Store Associate,ST002,Morning,53,5
EMP01029,Store Associate,ST074,Evening,39,8
EMP01033,Store Associate,ST055,Morning,47,6
EMP02059,Supervisor,ST069,Night,43,5
EMP02442,Packer,ST001,Evening,41,6
EMP01896,Store Associate,ST093,Afternoon,48,5
EMP01536,Store Associate,ST100,Afternoon,50,5
EMP02252,Store Associate,ST010,Evening,41,2
EMP02201,Store Associate,ST035,Morning,57,9
EMP00341,Store Associate,ST071,Afternoon,47,2
EMP00355,Picker,ST067,Evening,56,6
EMP00740,Store Associate,ST081,Evening,54,9
EMP01939,Supervisor,ST021,Afternoon,53,6
EMP00850,Store Associate,ST025,Afternoon,49,6
EMP00083,Store Associate,ST011,Night,57,2
EMP01680,Packer,ST049,Afternoon,42,8
EMP00862,Picker,ST073,Afternoon,45,4
EMP01856,Picker,ST046,Night,45,9
EMP02166,Packer,ST033,Afternoon,39,5
EMP01048,Picker,ST003,Evening,67,3
EMP02227,Packer,ST085,Morning,51,5
EMP00847,Store Associate,ST098,Afternoon,50,6
EMP00745,Picker,ST081,Afternoon,47,4
EMP01176,Packer,ST004,Evening,48,5
EMP01517,Store Associate,ST019,Evening,39,9
EMP00239,Supervisor,ST060,Morning,45,6
EMP02258,Picker,ST067,Evening,49,11
EMP01652,Store Associate,ST094,Evening,47,4
EMP00325,Picker,ST074,Afternoon,43,7
EMP00857,Picker,ST006,Afternoon,53,4
EMP02304,Rider Coordinator,ST091,Night,37,5
EMP01417,Picker,ST047,Morning,59,7
EMP00037,Picker,ST055,Afternoon,37,8
EMP02473,Store Associate,ST031,Evening,47,3
EMP01027,Packer,ST012,Afternoon,42,2
EMP01768,Picker,ST052,Morning,43,4
EMP01515,Store Associate,ST046,Afternoon,46,5
EMP01409,Store Associate,ST077,Morning,48,3
EMP02236,Rider Coordinator,ST061,Evening,46,5
EMP01119,Store Associate,ST001,Evening,46,11
EMP00997,Packer,ST058,Morning,55,7
EMP01921,Picker,ST077,Evening,48,3
EMP01083,Picker,ST066,Morning,60,2
EMP02412,Picker,ST048,Evening,44,12
EMP01483,Rider Coordinator,ST033,Evening,46,2
EMP01735,Picker,ST096,Evening,62,6
EMP01976,Picker,ST004,Afternoon,56,3
EMP01960,Packer,ST053,Night,43,4
EMP00851,Store Associate,ST062,Afternoon,59,2
EMP00829,Picker,ST071,Afternoon,45,8
EMP01779,Rider Coordinator,ST047,Morning,40,4
EMP02259,Packer,ST033,Morning,48,2
EMP01709,Store Associate,ST075,Evening,49,9
EMP01240,Picker,ST010,Evening,44,7
EMP01699,Store Associate,ST066,Evening,52,4
EMP00735,Store Associate,ST098,Evening,39,9
EMP00974,Packer,ST097,Afternoon,43,8
EMP02136,Packer,ST055,Evening,50,3
EMP00215,Picker,ST026,Morning,42,9
EMP00595,Store Associate,ST062,Evening,32,7
EMP01155,Packer,ST026,Evening,50,9
EMP00524,Picker,ST018,Evening,63,4
EMP01306,Store Associate,ST007,Evening,55,9
EMP01841,Rider Coordinator,ST065,Evening,45,6
EMP01699,Picker,ST058,Evening,46,9
EMP00902,Packer,ST060,Morning,51,10
EMP01771,Store Associate,ST072,Afternoon,50,7
EMP01100,Rider Coordinator,ST099,Evening,47,10
EMP00621,Picker,ST040,Night,44,7
EMP00976,Store Associate,ST071,Night,46,2
EMP00932,Supervisor,ST048,Afternoon,45,4
EMP00358,Rider Coordinator,ST087,Morning,52,4
EMP02016,Store Associate,ST031,Afternoon,44,4
EMP00655,Picker,ST061,Afternoon,55,7
EMP01775,Packer,ST093,Night,45,4
EMP02057,Store Associate,ST064,Morning,53,1
EMP01068,Picker,ST047,Afternoon,47,1
EMP01279,Store Associate,ST072,Afternoon,43,4
EMP02463,Picker,ST052,Morning,48,6
EMP01502,Picker,ST050,Morning,35,8
EMP00814,Store Associate,ST012,Night,52,7
EMP00243,Rider Coordinator,ST006,Morning,45,9
EMP02202,Picker,ST005,Evening,45,5
EMP00251,Packer,ST012,Afternoon,37,3
EMP00790,Packer,ST009,Morning,56,10
EMP02257,Rider Coordinator,ST057,Afternoon,48,4
EMP00881,Supervisor,ST040,Night,50,8
EMP01261,Packer,ST062,Evening,50,9
EMP00037,Store Associate,ST018,Morning,46,6
EMP02297,Rider Coordinator,ST067,Night,42,3
EMP01501,Picker,ST052,Afternoon,49,5
EMP02306,Store Associate,ST020,Morning,38,9
EMP02170,Packer,ST025,Evening,48,3
EMP01177,Packer,ST023,Evening,41,7
EMP00367,Store Associate,ST003,Evening,52,7
EMP02306,Picker,ST055,Evening,45,5
EMP00747,Store Associate,ST036,Evening,47,11
EMP00863,Rider Coordinator,ST042,Night,45,7
EMP01892,Picker,ST071,Evening,37,7
EMP00510,Supervisor,ST076,Morning,54,12
EMP02455,Picker,ST002,Evening,56,8
EMP00909,Picker,ST041,Afternoon,53,1
EMP01189,Picker,ST093,Morning,50,5
EMP00029,Packer,ST075,Night,54,1
EMP00115,Store Associate,ST011,Night,43,10
EMP01207,Store Associate,ST077,Afternoon,47,8
EMP00378,Store Associate,ST032,Morning,43,3
EMP02488,Picker,ST061,Evening,52,7
EMP00724,Picker,ST044,Afternoon,44,8
EMP00072,Supervisor,ST023,Afternoon,55,5
EMP00572,Packer,ST089,Afternoon,43,3
EMP00524,Packer,ST050,Afternoon,37,6
EMP02050,Supervisor,ST055,Evening,43,6
EMP01426,Picker,ST099,Evening,39,4
EMP01695,Picker,ST064,Evening,60,8
EMP02300,Picker,ST100,Afternoon,43,7
EMP00900,Packer,ST089,Evening,50,5
EMP01454,Packer,ST012,Afternoon,52,4
EMP00049,Rider Coordinator,ST017,Evening,60,5
EMP00473,Store Associate,ST051,Afternoon,53,2
EMP02210,Picker,ST015,Evening,51,7
EMP01631,Packer,ST002,Afternoon,58,8
EMP00246,Store Associate,ST029,Afternoon,55,7
EMP00906,Picker,ST092,Morning,50,6
EMP00255,Picker,ST023,Afternoon,60,6
EMP02187,Store Associate,ST097,Morning,54,7
EMP01777,Packer,ST023,Afternoon,51,3
EMP00846,Picker,ST020,Evening,47,5
EMP01939,Store Associate,ST028,Evening,38,9
EMP02445,Picker,ST044,Afternoon,48,5
EMP00487,Store Associate,ST030,Afternoon,50,2
EMP02206,Packer,ST055,Afternoon,50,9
EMP00926,Store Associate,ST043,Night,40,5
EMP01869,Packer,ST064,Afternoon,45,7
EMP01603,Picker,ST003,Morning,60,7
EMP00314,Picker,ST039,Afternoon,61,6
EMP00486,Picker,ST053,Morning,59,4
EMP01613,Picker,ST095,Afternoon,45,4
EMP01696,Picker,ST035,Night,52,4
EMP00704,Store Associate,ST099,Evening,52,10
EMP02498,Packer,ST055,Evening,49,4
EMP02460,Picker,ST072,Evening,47,5
EMP01192,Picker,ST010,Evening,56,7
EMP02068,Picker,ST066,Afternoon,54,4
EMP02240,Supervisor,ST053,Morning,49,5
EMP00810,Picker,ST071,Afternoon,54,9
EMP01900,Rider Coordinator,ST065,Afternoon,56,9
EMP01480,Picker,ST089,Morning,46,6
EMP01641,Rider Coordinator,ST068,Night,58,7
EMP02408,Packer,ST018,Morning,67,4
EMP00800,Packer,ST037,Evening,43,8
EMP00660,Store Associate,ST096,Evening,51,5
EMP00206,Picker,ST022,Evening,52,9
EMP02300,Store Associate,ST053,Evening,51,8
EMP01997,Picker,ST005,Evening,52,7
EMP01907,Supervisor,ST044,Evening,35,6
EMP01615,Picker,ST032,Evening,42,8
EMP01207,Packer,ST068,Afternoon,54,5
EMP01761,Packer,ST091,Morning,45,9
EMP02368,Picker,ST061,Evening,51,2
EMP00316,Store Associate,ST035,Evening,42,5
EMP02285,Store Associate,ST088,Evening,44,6
EMP01300,Rider Coordinator,ST067,Afternoon,45,4
EMP01154,Store Associate,ST093,Morning,49,4
EMP00852,Packer,ST079,Afternoon,41,6
EMP01659,Packer,ST055,Evening,44,4
EMP00610,Supervisor,ST008,Evening,55,10
EMP02304,Picker,ST029,Evening,40,7
EMP02143,Store Associate,ST070,Evening,59,8
EMP00702,Picker,ST076,Afternoon,58,9
EMP01067,Store Associate,ST088,Night,46,6
EMP01531,Store Associate,ST074,Evening,59,8
EMP02235,Picker,ST084,Evening,48,5
EMP02137,Store Associate,ST002,Night,37,8
EMP00953,Packer,ST072,Afternoon,53,6
EMP00954,Picker,ST015,Night,52,3
EMP01135,Store Associate,ST031,Night,53,2
EMP01534,Rider Coordinator,ST005,Evening,50,5
EMP01168,Picker,ST086,Morning,42,10
EMP01846,Picker,ST089,Night,45,0
EMP01780,Packer,ST085,Morning,46,4
EMP02077,Packer,ST088,Morning,56,12
EMP01994,Picker,ST041,Evening,54,5
EMP02050,Supervisor,ST059,Evening,35,5
EMP01873,Packer,ST040,Evening,49,8
EMP01732,Picker,ST086,Afternoon,59,6
EMP02280,Picker,ST050,Evening,63,7
EMP01525,Picker,ST054,Afternoon,45,7
EMP00915,Picker,ST022,Evening,50,3
EMP01298,Store Associate,ST022,Evening,42,6
EMP02218,Picker,ST042,Morning,45,6
EMP02425,Picker,ST018,Night,47,11
EMP01774,Picker,ST070,Morning,48,3
EMP02429,Picker,ST074,Afternoon,49,7
EMP00032,Rider Coordinator,ST095,Afternoon,45,5
EMP00700,Picker,ST075,Morning,39,8
EMP01530,Picker,ST054,Morning,58,5
EMP01281,Packer,ST009,Morning,48,4
EMP01087,Store Associate,ST024,Evening,49,10
EMP00115,Store Associate,ST100,Afternoon,50,8
EMP00147,Packer,ST032,Afternoon,49,4
EMP00674,Picker,ST015,Afternoon,45,9
EMP00043,Rider Coordinator,ST030,Morning,56,6
EMP01469,Store Associate,ST028,Night,42,8
EMP00515,Rider Coordinator,ST057,Afternoon,45,4
EMP01911,Packer,ST062,Morning,47,4
EMP01133,Picker,ST019,Evening,38,5
EMP00829,Store Associate,ST044,Evening,52,8
EMP02452,Rider Coordinator,ST099,Evening,52,8
EMP02107,Picker,ST024,Afternoon,61,5
EMP01116,Packer,ST054,Evening,41,6
EMP00096,Store Associate,ST075,Evening,39,5
EMP00855,Packer,ST049,Morning,55,9
EMP01207,Store Associate,ST084,Evening,40,6
EMP01399,Packer,ST031,Evening,59,9
EMP00971,Picker,ST072,Night,38,7
EMP01607,Store Associate,ST067,Afternoon,43,10
EMP01699,Picker,ST018,Afternoon,49,4
EMP00334,Picker,ST053,Night,54,8
EMP00917,Rider Coordinator,ST030,Afternoon,49,4
EMP02246,Supervisor,ST001,Afternoon,48,5
EMP00995,Packer,ST098,Night,50,2
EMP00242,Packer,ST083,Afternoon,49,12
EMP02420,Picker,ST062,Evening,46,4
EMP00842,Rider Coordinator,ST057,Evening,46,6
EMP01816,Picker,ST092,Afternoon,67,6
EMP02372,Packer,ST088,Morning,47,5
EMP00109,Supervisor,ST013,Afternoon,51,5
EMP00309,Supervisor,ST017,Morning,44,9
EMP00522,Packer,ST020,Evening,55,5
EMP01529,Supervisor,ST088,Afternoon,56,5
EMP02485,Packer,ST048,Evening,56,4
EMP01232,Picker,ST014,Evening,50,3
EMP01943,Supervisor,ST038,Morning,45,6
EMP01236,Picker,ST011,Afternoon,46,4
EMP01965,Picker,ST027,Evening,42,6
EMP01102,Store Associate,ST088,Afternoon,37,8
EMP00158,Picker,ST052,Evening,55,6
EMP02116,Picker,ST021,Evening,38,5
EMP00115,Packer,ST086,Evening,41,7
EMP02283,Store Associate,ST057,Night,54,7
EMP00971,Store Associate,ST041,Evening,43,6
EMP00112,Packer,ST005,Evening,44,6
EMP00226,Picker,ST089,Morning,44,5
EMP01869,Picker,ST031,Morning,55,7
EMP00220,Packer,ST070,Morning,56,8
EMP02446,Rider Coordinator,ST088,Morning,42,5
EMP00171,Packer,ST087,Morning,56,9
EMP01770,Rider Coordinator,ST084,Afternoon,47,4
EMP01300,Packer,ST027,Evening,47,3
EMP01316,Supervisor,ST064,Evening,49,9
EMP02109,Store Associate,ST017,Morning,56,4
EMP00345,Packer,ST014,Evening,49,5
EMP02023,Rider Coordinator,ST005,Evening,56,11
EMP01355,Packer,ST043,Afternoon,59,3
EMP00863,Supervisor,ST068,Afternoon,52,5
EMP01456,Picker,ST082,Morning,44,8
EMP00799,Packer,ST011,Morning,46,6
EMP01078,Supervisor,ST083,Evening,56,6
EMP01000,Rider Coordinator,ST065,Morning,45,4
EMP00030,Packer,ST070,Morning,48,5
EMP02310,Packer,ST098,Evening,51,3
EMP00464,Packer,ST045,Morning,50,5
EMP02111,Picker,ST016,Evening,55,5
EMP01793,Store Associate,ST038,Evening,51,5
EMP02402,Picker,ST026,Evening,43,4
EMP01254,Picker,ST047,Afternoon,44,10
EMP02216,Packer,ST007,Morning,45,5
EMP00439,Supervisor,ST060,Afternoon,50,8
EMP00578,Store Associate,ST063,Night,41,7
EMP01016,Store Associate,ST074,Afternoon,35,6
EMP00212,Store Associate,ST091,Afternoon,45,11
EMP01795,Picker,ST057,Afternoon,46,8
EMP01741,Rider Coordinator,ST038,Afternoon,43,6
EMP01767,Supervisor,ST053,Night,48,2
EMP00355,Supervisor,ST075,Morning,44,6
EMP01663,Store Associate,ST041,Evening,44,7
EMP01424,Store Associate,ST086,Morning,41,3
EMP02400,Packer,ST075,Evening,52,2
EMP01348,Rider Coordinator,ST065,Night,57,3
EMP00954,Rider Coordinator,ST038,Evening,57,7
EMP00156,Store Associate,ST036,Afternoon,45,6
EMP02310,Picker,ST020,Night,53,5
EMP00442,Picker,ST028,Evening,48,7
EMP01863,Picker,ST071,Afternoon,40,4
EMP00817,Rider Coordinator,ST031,Afternoon,42,5
EMP01985,Rider Coordinator,ST093,Evening,53,10
EMP02190,Store Associate,ST062,Evening,57,1
EMP00369,Packer,ST053,Morning,57,8
EMP02343,Picker,ST013,Morning,52,9
EMP00474,Picker,ST079,Night,54,11
EMP02099,Packer,ST092,Morning,55,8
EMP01057,Packer,ST008,Evening,52,6
EMP01415,Packer,ST090,Morning,41,4
EMP00235,Picker,ST041,Afternoon,43,3
EMP00946,Rider Coordinator,ST069,Night,51,8
EMP00091,Store Associate,ST053,Afternoon,56,6
EMP01436,Picker,ST024,Afternoon,46,4
EMP02336,Picker,ST043,Morning,50,8
EMP01629,Picker,ST021,Morning,54,5
EMP01275,Store Associate,ST004,Evening,38,1
EMP02144,Rider Coordinator,ST018,Evening,51,5
EMP01829,Store Associate,ST080,Afternoon,54,3
EMP01712,Picker,ST040,Evening,46,11
EMP00170,Packer,ST067,Evening,46,4
EMP01136,Packer,ST006,Evening,45,4
EMP00957,Store Associate,ST022,Evening,44,7
EMP00640,Store Associate,ST033,Night,49,9
EMP01836,Store Associate,ST080,Morning,47,7
EMP00048,Picker,ST079,Afternoon,46,3
EMP01564,Packer,ST048,Afternoon,41,6
EMP02295,Picker,ST100,Morning,51,4
EMP01900,Packer,ST057,Evening,50,5
EMP00293,Picker,ST091,Afternoon,62,9
EMP02391,Packer,ST032,Evening,49,8
EMP01667,Rider Coordinator,ST075,Evening,42,7
EMP00872,Picker,ST062,Afternoon,41,8
EMP00685,Packer,ST058,Afternoon,50,3
EMP01884,Store Associate,ST052,Afternoon,64,8
EMP00701,Picker,ST075,Afternoon,56,6
EMP00716,Picker,ST077,Night,42,8
EMP00785,Picker,ST059,Afternoon,48,4
EMP00920,Rider Coordinator,ST070,Evening,51,6
EMP02408,Picker,ST022,Evening,48,4
EMP01385,Picker,ST076,Afternoon,44,6
EMP00629,Packer,ST008,Afternoon,40,6
EMP02173,Picker,ST016,Night,48,9
EMP01196,Packer,ST095,Afternoon,57,10
EMP02040,Picker,ST066,Night,64,3
EMP01675,Packer,ST050,Afternoon,53,8
EMP01721,Store Associate,ST074,Night,42,4
EMP00604,Picker,ST042,Evening,48,1
EMP01617,Packer,ST023,Night,53,7
EMP02477,Picker,ST002,Morning,42,7
EMP01450,Picker,ST064,Morning,47,7
EMP00303,Picker,ST096,Night,47,10
EMP00339,Rider Coordinator,ST041,Evening,50,4
EMP01722,Picker,ST076,Morning,49,7
EMP00641,Store Associate,ST003,Morning,61,8
EMP02425,Picker,ST077,Evening,58,7
EMP00709,Rider Coordinator,ST026,Afternoon,50,8
EMP02270,Supervisor,ST053,Evening,48,4
EMP00225,Store Associate,ST081,Night,45,8
EMP00418,Packer,ST044,Afternoon,47,5
EMP00304,Packer,ST048,Morning,50,2
EMP01560,Picker,ST077,Evening,58,6
EMP00123,Store Associate,ST036,Evening,39,6
EMP02232,Rider Coordinator,ST017,Afternoon,40,4
EMP00337,Picker,ST002,Evening,45,6
EMP01134,Store Associate,ST076,Evening,31,6
EMP02175,Store Associate,ST043,Evening,48,5
EMP00252,Packer,ST045,Afternoon,63,9
EMP01130,Store Associate,ST085,Evening,48,8
EMP00457,Picker,ST078,Evening,60,11
EMP01945,Picker,ST072,Morning,36,8
EMP02298,Picker,ST041,Morning,45,8
EMP00349,Picker,ST035,Night,53,2
EMP02314,Picker,ST079,Evening,39,4
EMP00064,Store Associate,ST035,Night,40,5
EMP01280,Picker,ST100,Morning,53,7
EMP02054,Picker,ST049,Evening,46,7
EMP02463,Picker,ST038,Afternoon,49,6
EMP00523,Packer,ST079,Evening,47,8
EMP01107,Supervisor,ST034,Evening,57,4
EMP01567,Picker,ST068,Morning,61,7
EMP01263,Supervisor,ST097,Evening,49,3
EMP02331,Picker,ST025,Afternoon,50,8
EMP00319,Picker,ST015,Morning,32,4
EMP01827,Store Associate,ST100,Night,52,9
EMP01183,Packer,ST092,Morning,52,6
EMP00538,Store Associate,ST010,Morning,50,8
EMP01604,Picker,ST060,Morning,51,10
EMP00706,Rider Coordinator,ST001,Afternoon,51,7
EMP00539,Picker,ST051,Night,52,10
EMP01611,Packer,ST071,Afternoon,50,5
EMP00889,Picker,ST082,Night,56,7
EMP00004,Picker,ST043,Morning,63,4
EMP02280,Store Associate,ST092,Afternoon,51,5
EMP01011,Store Associate,ST017,Afternoon,44,8
EMP01313,Picker,ST041,Evening,47,7
EMP01489,Packer,ST003,Afternoon,59,3
EMP02059,Store Associate,ST070,Morning,49,6
EMP01138,Packer,ST065,Morning,45,4
EMP01148,Store Associate,ST026,Evening,69,6
EMP00522,Picker,ST050,Evening,51,5
EMP01445,Store Associate,ST037,Morning,40,7
EMP00418,Packer,ST007,Morning,50,3
EMP01590,Packer,ST047,Evening,52,5
EMP00630,Store Associate,ST086,Morning,40,8
EMP00847,Picker,ST033,Afternoon,45,3
EMP01548,Packer,ST015,Evening,61,7
EMP01895,Rider Coordinator,ST097,Afternoon,37,5
EMP00254,Picker,ST089,Morning,54,4
EMP01258,Rider Coordinator,ST082,Evening,45,6
EMP00086,Picker,ST093,Afternoon,53,6
EMP00037,Picker,ST030,Afternoon,46,3
EMP00082,Store Associate,ST003,Afternoon,49,3
EMP02190,Picker,ST078,Morning,48,10
EMP00568,Picker,ST072,Evening,51,5
EMP00070,Store Associate,ST063,Afternoon,50,8
EMP00264,Picker,ST068,Afternoon,43,6
EMP01801,Rider Coordinator,ST068,Afternoon,43,4
EMP00135,Packer,ST006,Afternoon,35,5
EMP01242,Rider Coordinator,ST034,Night,51,7
EMP00560,Picker,ST047,Morning,54,8
EMP01032,Supervisor,ST070,Night,61,3
EMP00019,Packer,ST059,Morning,48,5
EMP01758,Picker,ST081,Evening,45,5
EMP02223,Picker,ST046,Afternoon,37,4
EMP01154,Store Associate,ST019,Afternoon,43,4
EMP00751,Rider Coordinator,ST022,Afternoon,49,10
EMP02083,Picker,ST064,Evening,69,5
EMP02318,Picker,ST007,Morning,50,7
EMP01334,Store Associate,ST061,Evening,55,7
EMP00574,Rider Coordinator,ST030,Evening,39,8
EMP01792,Store Associate,ST042,Afternoon,47,4
EMP01879,Store Associate,ST031,Evening,47,7
EMP01531,Picker,ST015,Evening,42,9
EMP00075,Store Associate,ST078,Afternoon,44,6
EMP02455,Picker,ST054,Afternoon,52,7
EMP01756,Picker,ST082,Afternoon,46,7
EMP01430,Picker,ST089,Evening,38,3
EMP00694,Picker,ST072,Evening,64,2
EMP01646,Picker,ST099,Evening,42,6
EMP00655,Rider Coordinator,ST071,Evening,50,8
EMP01522,Store Associate,ST003,Morning,40,5
EMP01815,Picker,ST037,Afternoon,48,8
EMP01918,Picker,ST067,Evening,44,6
EMP00417,Store Associate,ST011,Evening,44,7
EMP01603,Packer,ST016,Evening,43,7
EMP00668,Picker,ST020,Evening,55,6
EMP02471,Rider Coordinator,ST056,Morning,40,5
EMP02342,Packer,ST092,Evening,50,8
EMP01459,Packer,ST014,Afternoon,37,4
EMP01386,Packer,ST081,Evening,36,3
EMP01951,Store Associate,ST048,Afternoon,50,4
EMP00030,Rider Coordinator,ST064,Evening,39,4
EMP01153,Store Associate,ST057,Morning,41,5
EMP02154,Store Associate,ST056,Afternoon,56,5
EMP02278,Picker,ST060,Morning,47,4
EMP01439,Picker,ST064,Afternoon,54,5
EMP01513,Supervisor,ST090,Night,45,5
EMP02074,Store Associate,ST005,Morning,57,10
EMP02350,Picker,ST069,Afternoon,45,11
EMP01057,Packer,ST013,Morning,50,4
EMP01767,Rider Coordinator,ST097,Afternoon,47,14
EMP02031,Picker,ST078,Morning,55,4
EMP01047,Picker,ST011,Morning,38,2
EMP00996,Picker,ST022,Morning,50,3
EMP00006,Store Associate,ST078,Afternoon,53,6
EMP01276,Picker,ST034,Afternoon,40,3
EMP01666,Store Associate,ST025,Night,48,3
EMP01606,Rider Coordinator,ST078,Evening,56,3
EMP01511,Picker,ST028,Evening,41,7
EMP01023,Supervisor,ST008,Afternoon,55,3
EMP01222,Store Associate,ST048,Afternoon,62,11
EMP01708,Supervisor,ST038,Evening,48,4
EMP01739,Store Associate,ST007,Morning,54,3
EMP01202,Rider Coordinator,ST032,Evening,40,6
EMP00215,Packer,ST031,Evening,36,2
EMP01256,Supervisor,ST066,Afternoon,39,7
EMP00570,Picker,ST019,Evening,43,5
EMP00536,Store Associate,ST009,Afternoon,46,3
EMP00683,Picker,ST020,Morning,41,2
EMP01751,Packer,ST045,Afternoon,46,4
EMP01236,Store Associate,ST013,Morning,49,5
EMP00594,Picker,ST076,Morning,36,2
EMP00302,Rider Coordinator,ST057,Morning,43,6
EMP01529,Rider Coordinator,ST080,Evening,46,6
EMP00895,Picker,ST080,Afternoon,55,8
EMP00998,Store Associate,ST100,Afternoon,65,8
EMP00453,Store Associate,ST100,Morning,44,8
EMP00376,Store Associate,ST029,Afternoon,45,11
EMP01899,Supervisor,ST028,Evening,52,6
EMP01849,Packer,ST036,Afternoon,42,9
EMP01855,Rider Coordinator,ST071,Morning,58,2
EMP02299,Store Associate,ST067,Evening,45,4
EMP01043,Picker,ST081,Evening,60,5
EMP00202,Picker,ST057,Evening,44,6
EMP00167,Picker,ST089,Evening,35,6
EMP02094,Supervisor,ST072,Evening,36,7
EMP01479,Store Associate,ST068,Morning,59,4
EMP00706,Store Associate,ST018,Evening,53,8
EMP01371,Packer,ST079,Evening,48,6
EMP01894,Packer,ST096,Afternoon,47,7
EMP01412,Picker,ST043,Morning,47,7
EMP00402,Rider Coordinator,ST055,Afternoon,52,6
EMP02348,Packer,ST041,Afternoon,44,13
EMP00286,Rider Coordinator,ST032,Afternoon,53,9
EMP00735,Picker,ST026,Evening,52,2
EMP02006,Picker,ST015,Afternoon,62,3
EMP01802,Picker,ST086,Afternoon,39,6
EMP00003,Rider Coordinator,ST089,Evening,40,8
EMP01919,Packer,ST012,Evening,38,3
EMP01036,Picker,ST047,Evening,54,4
EMP00811,Store Associate,ST043,Night,51,1
EMP00321,Supervisor,ST091,Evening,43,10
EMP00690,Store Associate,ST059,Evening,31,6
EMP01732,Picker,ST033,Night,43,8
EMP00411,Store Associate,ST026,Evening,44,5
EMP01824,Store Associate,ST068,Morning,39,5
EMP00186,Store Associate,ST031,Afternoon,55,2
EMP00566,Picker,ST084,Evening,55,7
EMP00312,Packer,ST038,Evening,52,5
EMP00798,Picker,ST065,Evening,47,5
EMP01514,Rider Coordinator,ST052,Afternoon,38,11
EMP01033,Packer,ST060,Afternoon,54,8
EMP02357,Store Associate,ST081,Morning,48,7
EMP02372,Packer,ST088,Afternoon,58,7
EMP02034,Supervisor,ST078,Afternoon,39,6
EMP00901,Picker,ST090,Evening,56,8
EMP01206,Store Associate,ST063,Evening,43,2
EMP02223,Store Associate,ST055,Morning,53,6
EMP00084,Store Associate,ST034,Night,49,5
EMP00013,Rider Coordinator,ST042,Evening,41,11
EMP01573,Rider Coordinator,ST100,Afternoon,40,3
EMP02081,Store Associate,ST078,Evening,36,6
EMP01111,Store Associate,ST022,Morning,56,11
EMP01151,Rider Coordinator,ST054,Night,38,2
EMP01062,Picker,ST038,Morning,37,9
EMP02350,Picker,ST003,Evening,53,10
EMP02429,Rider Coordinator,ST050,Evening,41,10
EMP01144,Picker,ST019,Afternoon,61,4
EMP02209,Packer,ST080,Night,55,9
EMP00932,Packer,ST065,Afternoon,56,3
EMP00498,Store Associate,ST026,Evening,51,6
EMP01558,Picker,ST025,Morning,48,3
EMP02189,Picker,ST019,Afternoon,48,7
EMP02069,Packer,ST024,Evening,39,4
EMP01744,Store Associate,ST025,Afternoon,51,4
EMP00289,Picker,ST073,Evening,52,8
EMP00657,Rider Coordinator,ST077,Morning,50,4
EMP01486,Rider Coordinator,ST099,Night,35,5
EMP00069,Supervisor,ST083,Afternoon,31,6
EMP00327,Store Associate,ST013,Evening,42,2
EMP01146,Store Associate,ST060,Night,42,13
EMP00899,Picker,ST089,Afternoon,53,4
EMP00626,Supervisor,ST089,Evening,39,4
EMP00353,Packer,ST077,Afternoon,50,5
EMP00681,Rider Coordinator,ST064,Afternoon,52,9
EMP01724,Store Associate,ST020,Afternoon,45,6
EMP00889,Rider Coordinator,ST051,Evening,43,8
EMP00114,Picker,ST025,Evening,48,6
EMP00968,Store Associate,ST074,Morning,43,5
EMP01635,Rider Coordinator,ST028,Evening,55,5
EMP02017,Picker,ST096,Morning,49,6
EMP01227,Packer,ST056,Afternoon,64,7
EMP00207,Store Associate,ST064,Afternoon,42,3
EMP02058,Picker,ST062,Evening,52,6
EMP02011,Packer,ST012,Morning,43,7
EMP00441,Store Associate,ST009,Afternoon,60,6
EMP00781,Rider Coordinator,ST001,Afternoon,54,5
EMP01008,Supervisor,ST019,Night,47,4
EMP01493,Picker,ST077,Evening,37,11
EMP01428,Store Associate,ST025,Night,49,5
EMP02048,Store Associate,ST070,Evening,45,8
EMP01965,Store Associate,ST098,Afternoon,48,11
EMP01328,Picker,ST060,Afternoon,55,4
EMP00903,Store Associate,ST095,Afternoon,55,7
EMP01755,Picker,ST046,Night,39,9
EMP00793,Picker,ST017,Evening,54,7
EMP01001,Picker,ST052,Evening,50,4
EMP02410,Picker,ST007,Morning,45,3
EMP01851,Picker,ST031,Night,41,5
EMP01188,Store Associate,ST092,Evening,38,3
EMP01708,Picker,ST083,Evening,42,5
EMP01587,Picker,ST002,Evening,49,7
EMP00839,Store Associate,ST017,Morning,59,3
EMP01430,Rider Coordinator,ST048,Morning,53,4
EMP01125,Store Associate,ST047,Morning,46,8
EMP01905,Picker,ST035,Evening,42,8
EMP00609,Store Associate,ST019,Evening,50,6
EMP00674,Picker,ST064,Afternoon,38,1
EMP01378,Store Associate,ST083,Afternoon,50,6
EMP00002,Picker,ST093,Afternoon,58,9
EMP00319,Picker,ST085,Evening,48,5
EMP00295,Rider Coordinator,ST026,Evening,64,3
EMP01614,Supervisor,ST097,Evening,56,4
EMP01736,Supervisor,ST014,Afternoon,49,4
EMP02322,Picker,ST014,Evening,43,3
EMP01610,Rider Coordinator,ST049,Night,56,8
EMP01817,Packer,ST017,Evening,41,5
EMP01110,Store Associate,ST011,Afternoon,61,7
EMP00339,Store Associate,ST001,Afternoon,63,10
EMP01996,Store Associate,ST005,Evening,42,9
EMP00450,Packer,ST004,Evening,48,7
EMP00966,Picker,ST085,Evening,51,5
EMP02072,Store Associate,ST078,Evening,48,8
EMP01082,Picker,ST004,Morning,42,5
EMP00449,Packer,ST037,Evening,44,9
EMP01578,Store Associate,ST008,Afternoon,44,7
EMP01513,Packer,ST014,Evening,41,7
EMP00849,Store Associate,ST075,Morning,51,5
EMP01673,Picker,ST057,Night,45,9
EMP02252,Packer,ST052,Afternoon,37,7
EMP00749,Rider Coordinator,ST042,Evening,39,6
EMP00697,Picker,ST039,Morning,44,10
EMP00734,Picker,ST064,Evening,42,2
EMP00104,Packer,ST095,Evening,43,7
EMP00128,Rider Coordinator,ST094,Evening,55,8
EMP02038,Picker,ST092,Evening,48,5
EMP02142,Rider Coordinator,ST043,Afternoon,50,4
EMP00621,Store Associate,ST041,Evening,48,1
EMP00881,Store Associate,ST092,Evening,54,1
EMP00201,Picker,ST056,Evening,56,7
EMP02165,Packer,ST006,Morning,45,7
EMP00328,Picker,ST013,Afternoon,51,7
EMP02394,Store Associate,ST063,Afternoon,42,4
EMP00643,Picker,ST022,Evening,54,5
EMP01847,Store Associate,ST079,Evening,43,11
EMP00929,Store Associate,ST023,Evening,55,3
EMP02450,Picker,ST040,Evening,39,5
EMP00951,Picker,ST033,Evening,32,5
EMP00888,Packer,ST076,Evening,42,5
EMP02011,Store Associate,ST095,Morning,53,4
EMP01837,Store Associate,ST070,Night,48,3
EMP00305,Store Associate,ST032,Afternoon,52,9
EMP01270,Store Associate,ST059,Evening,41,5
EMP01721,Store Associate,ST087,Night,40,5
EMP01727,Picker,ST096,Evening,52,7
EMP02331,Store Associate,ST008,Afternoon,40,6
EMP02125,Packer,ST096,Afternoon,54,5
EMP00630,Picker,ST073,Evening,39,8
EMP01349,Packer,ST018,Morning,60,9
EMP01596,Picker,ST061,Afternoon,49,3
EMP00405,Store Associate,ST039,Night,50,6
EMP00426,Packer,ST078,Afternoon,44,7
EMP00141,Picker,ST037,Morning,58,5
EMP00018,Picker,ST087,Afternoon,67,8
EMP01181,Picker,ST082,Evening,42,9
EMP00197,Picker,ST050,Morning,38,9
EMP02148,Rider Coordinator,ST042,Morning,47,2
EMP00398,Picker,ST005,Evening,47,6
EMP01784,Picker,ST066,Afternoon,42,6
EMP00117,Store Associate,ST095,Night,54,10
EMP01611,Packer,ST029,Evening,45,3
EMP01187,Packer,ST024,Morning,44,6
EMP01331,Packer,ST012,Afternoon,47,6
EMP00995,Packer,ST016,Evening,52,8
EMP01440,Picker,ST019,Afternoon,40,4
EMP02169,Packer,ST089,Evening,49,4
EMP01157,Picker,ST054,Morning,50,4
EMP01280,Store Associate,ST049,Morning,56,11
EMP01390,Supervisor,ST073,Afternoon,42,6
EMP00494,Packer,ST044,Morning,51,3
EMP01794,Picker,ST006,Afternoon,51,4
EMP00763,Store Associate,ST054,Afternoon,52,6
EMP02032,Picker,ST071,Afternoon,34,8
EMP01378,Rider Coordinator,ST035,Evening,58,4
EMP00739,Picker,ST034,Morning,37,15
EMP00556,Supervisor,ST087,Morning,59,7
EMP00102,Picker,ST056,Evening,45,7
EMP02224,Store Associate,ST024,Afternoon,58,7
EMP01818,Picker,ST023,Morning,61,11
EMP01738,Rider Coordinator,ST045,Morning,56,6
EMP00631,Picker,ST080,Afternoon,60,9
EMP01109,Picker,ST094,Night,47,3
EMP00533,Picker,ST045,Night,49,6
EMP00198,Packer,ST001,Evening,57,6
EMP01550,Store Associate,ST012,Morning,44,4
EMP00700,Picker,ST094,Evening,57,11
EMP02499,Store Associate,ST077,Night,45,3
EMP00307,Picker,ST041,Morning,52,4
EMP00643,Rider Coordinator,ST054,Afternoon,48,4
EMP01379,Store Associate,ST005,Afternoon,54,2
EMP00540,Picker,ST079,Evening,46,4
EMP00579,Store Associate,ST079,Morning,46,11
EMP01975,Packer,ST092,Night,42,3
EMP01259,Packer,ST037,Evening,56,4
EMP00660,Rider Coordinator,ST079,Morning,44,7
EMP00041,Packer,ST036,Afternoon,40,2
EMP02160,Rider Coordinator,ST001,Evening,48,7
EMP00424,Store Associate,ST051,Afternoon,54,6
EMP02299,Packer,ST001,Evening,42,5
EMP01115,Store Associate,ST076,Evening,44,5
EMP02461,Store Associate,ST017,Afternoon,52,7
EMP00477,Picker,ST033,Evening,42,2
EMP01267,Store Associate,ST088,Evening,46,10
EMP02132,Supervisor,ST023,Evening,49,3
EMP02384,Store Associate,ST023,Morning,38,2
EMP00308,Picker,ST100,Evening,45,8
EMP01925,Picker,ST042,Morning,51,5
EMP01025,Picker,ST049,Morning,47,6
EMP01967,Store Associate,ST022,Afternoon,59,4
EMP01167,Supervisor,ST014,Evening,47,7
EMP01760,Picker,ST036,Night,57,1
EMP01066,Store Associate,ST030,Morning,63,5
EMP01228,Picker,ST040,Evening,52,6
EMP00448,Supervisor,ST066,Morning,53,3
EMP00848,Packer,ST071,Evening,50,10
EMP01176,Picker,ST070,Afternoon,71,4
EMP01956,Picker,ST088,Evening,56,2
EMP00755,Picker,ST060,Evening,44,4
EMP01994,Packer,ST063,Evening,46,3
EMP01333,Packer,ST035,Morning,50,2
EMP00435,Store Associate,ST068,Morning,54,7
EMP00708,Packer,ST020,Evening,49,5
EMP01166,Packer,ST074,Evening,36,9
EMP02050,Store Associate,ST005,Morning,50,4
EMP01216,Store Associate,ST040,Evening,46,3
EMP01135,Packer,ST022,Evening,57,8
EMP00245,Store Associate,ST013,Afternoon,58,10
EMP01556,Rider Coordinator,ST082,Morning,58,4
EMP02401,Store Associate,ST085,Afternoon,35,4
EMP01251,Picker,ST074,Afternoon,48,10
EMP01278,Rider Coordinator,ST063,Evening,48,6
EMP01770,Picker,ST047,Evening,51,6
EMP02156,Picker,ST007,Night,45,8
EMP02074,Rider Coordinator,ST006,Afternoon,44,8
EMP01072,Packer,ST090,Afternoon,55,7
EMP02308,Picker,ST073,Evening,56,2
EMP01036,Rider Coordinator,ST067,Morning,42,7
EMP01491,Picker,ST020,Evening,58,8
EMP00654,Packer,ST028,Morning,43,4
EMP00606,Packer,ST056,Night,41,1
EMP00032,Store Associate,ST012,Morning,39,5
EMP02043,Rider Coordinator,ST085,Morning,37,9
EMP02048,Packer,ST063,Evening,52,5
EMP01971,Picker,ST093,Morning,52,2
EMP01969,Picker,ST022,Morning,46,3
EMP00305,Store Associate,ST049,Night,42,9
EMP00602,Rider Coordinator,ST063,Evening,44,2
EMP01961,Store Associate,ST058,Night,48,8
EMP00578,Store Associate,ST037,Afternoon,46,6
EMP01210,Supervisor,ST035,Afternoon,48,6
EMP01429,Picker,ST076,Afternoon,51,5
EMP00298,Packer,ST079,Afternoon,54,6
EMP01647,Store Associate,ST029,Evening,45,6
EMP00530,Packer,ST029,Evening,43,12
EMP01889,Store Associate,ST038,Night,41,5
EMP02447,Picker,ST092,Afternoon,56,5
EMP00138,Picker,ST085,Evening,58,7
EMP01429,Picker,ST084,Evening,38,4
EMP02210,Rider Coordinator,ST046,Afternoon,47,6
EMP01273,Picker,ST032,Evening,61,7
EMP02333,Picker,ST078,Afternoon,47,5
EMP01354,Packer,ST094,Evening,50,7
EMP02080,Store Associate,ST081,Evening,47,8
EMP01527,Packer,ST023,Evening,49,7
EMP00684,Picker,ST045,Afternoon,54,6
EMP01059,Store Associate,ST043,Afternoon,56,8
EMP01888,Picker,ST031,Evening,47,3
EMP00381,Store Associate,ST022,Evening,43,7
EMP01179,Picker,ST069,Night,52,8
EMP01849,Picker,ST029,Afternoon,25,8
EMP01431,Picker,ST042,Afternoon,42,6
EMP02140,Rider Coordinator,ST008,Night,47,5
EMP01133,Picker,ST022,Evening,47,7
EMP00723,Picker,ST028,Afternoon,43,5
EMP01964,Packer,ST098,Morning,50,7
EMP00846,Store Associate,ST034,Evening,57,4
EMP01376,Picker,ST024,Afternoon,52,8
EMP00095,Picker,ST016,Evening,54,0
EMP01788,Rider Coordinator,ST052,Evening,49,5
EMP00674,Store Associate,ST065,Night,53,8
EMP00003,Picker,ST067,Night,36,0
EMP01210,Picker,ST069,Evening,43,4
EMP01596,Store Associate,ST026,Evening,41,13
EMP00357,Picker,ST064,Evening,44,8
EMP00844,Store Associate,ST067,Evening,42,6
EMP01531,Store Associate,ST004,Morning,45,6
EMP02403,Picker,ST017,Morning,57,6
EMP01482,Packer,ST096,Evening,48,8
EMP00688,Store Associate,ST065,Afternoon,38,7
EMP00396,Packer,ST024,Afternoon,64,8
EMP01410,Picker,ST098,Evening,47,11
EMP02218,Picker,ST069,Afternoon,61,9
EMP01876,Picker,ST091,Morning,53,7
EMP01696,Store Associate,ST095,Afternoon,50,3
EMP01553,Picker,ST092,Afternoon,41,3
EMP02053,Store Associate,ST004,Evening,50,7
EMP00444,Store Associate,ST096,Afternoon,58,8
EMP00421,Rider Coordinator,ST095,Morning,51,7
EMP01007,Packer,ST080,Morning,58,4
EMP00975,Rider Coordinator,ST085,Afternoon,42,5
EMP00843,Store Associate,ST010,Night,54,7
EMP01585,Picker,ST027,Morning,38,7
EMP01870,Store Associate,ST005,Evening,63,3
EMP02262,Store Associate,ST018,Afternoon,45,3
EMP00648,Store Associate,ST040,Evening,47,8
EMP01980,Store Associate,ST086,Morning,46,6
EMP00426,Packer,ST042,Afternoon,56,7
EMP00389,Supervisor,ST045,Night,45,7
EMP00307,Rider Coordinator,ST005,Afternoon,43,5
EMP01528,Store Associate,ST085,Night,46,9
EMP02036,Picker,ST086,Morning,56,6
EMP02480,Store Associate,ST046,Night,50,6
EMP02255,Store Associate,ST037,Evening,40,7
EMP01474,Packer,ST083,Evening,44,13
EMP01948,Packer,ST001,Evening,45,7
EMP00045,Picker,ST083,Afternoon,42,5
EMP00510,Store Associate,ST027,Morning,54,11
EMP01925,Store Associate,ST080,Evening,48,5
EMP02410,Store Associate,ST047,Morning,41,4
EMP00060,Packer,ST041,Afternoon,42,7
EMP01734,Store Associate,ST029,Evening,41,9
EMP02223,Supervisor,ST083,Evening,44,10
EMP00974,Picker,ST069,Afternoon,37,7
EMP01989,Picker,ST066,Afternoon,46,5
EMP01304,Packer,ST052,Morning,45,6
EMP00586,Store Associate,ST034,Afternoon,54,10
EMP01142,Store Associate,ST018,Afternoon,41,6
EMP01816,Picker,ST028,Morning,49,6
EMP00314,Packer,ST085,Afternoon,51,2
EMP00550,Packer,ST036,Evening,59,3
EMP00855,Rider Coordinator,ST060,Afternoon,36,4
EMP01979,Picker,ST002,Evening,44,11
EMP00659,Picker,ST029,Afternoon,54,5
EMP01179,Picker,ST089,Evening,50,11
EMP02478,Store Associate,ST074,Evening,45,6
EMP01433,Picker,ST020,Morning,47,6
EMP00968,Store Associate,ST090,Evening,51,3
EMP01162,Picker,ST054,Evening,48,9
EMP00446,Rider Coordinator,ST097,Morning,44,9
EMP02074,Store Associate,ST087,Evening,59,2
EMP00934,Picker,ST040,Evening,44,9
EMP00444,Supervisor,ST066,Evening,55,9
EMP01802,Store Associate,ST004,Morning,59,6
EMP01531,Rider Coordinator,ST085,Evening,53,5
EMP00903,Packer,ST014,Night,50,8
EMP01058,Store Associate,ST085,Evening,54,3
EMP01957,Picker,ST023,Evening,52,3
EMP02080,Store Associate,ST099,Afternoon,47,4
EMP01634,Packer,ST057,Evening,53,7
EMP00162,Picker,ST009,Morning,62,4
EMP01609,Packer,ST029,Afternoon,40,4
EMP00207,Rider Coordinator,ST052,Morning,59,7
EMP00187,Store Associate,ST036,Afternoon,48,3
EMP00054,Picker,ST049,Night,54,4
EMP01161,Store Associate,ST027,Evening,34,5
EMP00051,Store Associate,ST100,Afternoon,46,6
EMP00553,Store Associate,ST070,Afternoon,50,7
EMP00981,Packer,ST056,Morning,44,5
EMP01755,Supervisor,ST038,Evening,40,9
EMP02347,Store Associate,ST065,Afternoon,56,6
EMP01574,Picker,ST007,Afternoon,45,7
EMP01929,Rider Coordinator,ST013,Morning,37,12
EMP00746,Rider Coordinator,ST066,Evening,46,9
EMP01525,Packer,ST096,Afternoon,48,4
EMP01492,Supervisor,ST066,Afternoon,39,2
EMP01480,Picker,ST028,Morning,48,8
EMP01229,Rider Coordinator,ST048,Evening,43,5
EMP00451,Rider Coordinator,ST099,Afternoon,49,4
EMP02247,Picker,ST021,Evening,47,6
EMP01604,Store Associate,ST013,Evening,55,5
EMP01175,Store Associate,ST043,Morning,38,8
EMP01622,Packer,ST093,Afternoon,54,5
EMP02236,Store Associate,ST007,Morning,43,5
EMP00706,Picker,ST016,Evening,61,7
EMP01577,Picker,ST009,Evening,45,9
EMP00452,Picker,ST080,Night,61,9
EMP02310,Store Associate,ST080,Afternoon,38,9
EMP00200,Rider Coordinator,ST095,Afternoon,38,6
EMP00624,Store Associate,ST068,Morning,53,6
EMP01972,Store Associate,ST071,Evening,42,4
EMP00471,Store Associate,ST003,Evening,49,6
EMP00372,Store Associate,ST036,Evening,43,2
EMP02414,Supervisor,ST071,Night,47,4
EMP02327,Store Associate,ST026,Afternoon,46,9
EMP00475,Store Associate,ST046,Evening,45,3
EMP00381,Picker,ST072,Afternoon,51,10
EMP02431,Picker,ST059,Afternoon,46,8
EMP00261,Supervisor,ST058,Evening,54,2
EMP01172,Store Associate,ST066,Evening,49,6
EMP01930,Supervisor,ST093,Evening,34,6
EMP02401,Picker,ST070,Evening,45,9
EMP00637,Store Associate,ST071,Morning,53,9
EMP00141,Packer,ST041,Afternoon,48,13
EMP00256,Rider Coordinator,ST050,Afternoon,48,7
EMP00869,Picker,ST014,Afternoon,41,7
EMP00064,Picker,ST051,Afternoon,49,6
EMP01516,Packer,ST071,Morning,54,6
EMP01566,Store Associate,ST043,Night,46,8
EMP01670,Picker,ST034,Afternoon,44,7
EMP00554,Store Associate,ST007,Afternoon,41,3
EMP00215,Picker,ST009,Night,58,5
EMP02047,Packer,ST068,Afternoon,48,6
EMP00362,Picker,ST087,Evening,42,3
EMP00530,Store Associate,ST045,Evening,55,15
EMP01352,Packer,ST092,Afternoon,50,7
EMP00485,Store Associate,ST047,Evening,43,6
EMP01855,Picker,ST092,Afternoon,41,7
EMP01613,Packer,ST080,Evening,41,9
EMP00556,Packer,ST074,Evening,42,7
EMP00326,Picker,ST093,Evening,53,10
EMP01224,Picker,ST008,Afternoon,52,3
EMP00268,Picker,ST058,Morning,47,5
EMP01657,Packer,ST002,Afternoon,65,7
EMP00710,Store Associate,ST054,Morning,56,6
EMP01620,Packer,ST004,Morning,66,7
EMP00906,Packer,ST068,Afternoon,37,2
EMP00656,Picker,ST024,Morning,51,10
EMP01609,Rider Coordinator,ST074,Evening,47,4
EMP00943,Picker,ST085,Afternoon,54,4
EMP02086,Store Associate,ST086,Afternoon,56,7
EMP00774,Picker,ST019,Evening,60,4
EMP02278,Store Associate,ST042,Evening,56,8
EMP02308,Picker,ST021,Evening,41,5
EMP00346,Packer,ST016,Evening,47,7
EMP00232,Picker,ST066,Evening,56,6
EMP01966,Rider Coordinator,ST034,Night,45,6
EMP00531,Store Associate,ST030,Evening,40,9
EMP01588,Picker,ST048,Afternoon,56,6
EMP02220,Picker,ST011,Evening,51,11
EMP00795,Picker,ST066,Afternoon,47,5
EMP01603,Rider Coordinator,ST022,Evening,44,7
EMP01545,Packer,ST012,Evening,35,6
EMP00850,Picker,ST076,Morning,43,5
EMP02445,Supervisor,ST070,Evening,51,2
EMP01765,Store Associate,ST051,Morning,45,3
EMP00738,Picker,ST017,Afternoon,39,7
EMP01403,Picker,ST041,Evening,58,4
EMP02156,Rider Coordinator,ST037,Afternoon,49,11
EMP02297,Store Associate,ST007,Afternoon,48,8
EMP01671,Store Associate,ST100,Afternoon,49,8
EMP02047,Store Associate,ST039,Evening,51,3
EMP00128,Packer,ST093,Evening,48,4
EMP01816,Picker,ST056,Morning,40,5
EMP02458,Packer,ST092,Afternoon,49,5
EMP00243,Picker,ST090,Evening,42,4
EMP01607,Packer,ST006,Night,49,5
EMP01673,Supervisor,ST009,Morning,44,4
EMP01411,Store Associate,ST040,Evening,39,5
EMP01885,Picker,ST047,Night,44,5
EMP00517,Picker,ST026,Night,45,5
EMP01788,Supervisor,ST052,Afternoon,62,6
EMP02474,Supervisor,ST082,Morning,41,10
EMP01649,Picker,ST087,Evening,56,3
EMP01433,Picker,ST032,Evening,59,3
EMP01489,Store Associate,ST026,Morning,44,7
EMP00110,Picker,ST094,Evening,49,10
EMP02136,Picker,ST077,Morning,52,6
EMP02323,Store Associate,ST099,Morning,44,6
EMP00757,Rider Coordinator,ST093,Afternoon,41,6
EMP00310,Picker,ST066,Night,42,2
EMP00464,Store Associate,ST085,Afternoon,52,4
EMP00185,Supervisor,ST075,Afternoon,48,4
EMP01308,Packer,ST065,Evening,52,9
EMP01563,Picker,ST087,Night,47,6
EMP01656,Packer,ST054,Evening,52,7
EMP01076,Rider Coordinator,ST037,Afternoon,62,8
EMP00871,Store Associate,ST069,Evening,58,6
EMP02409,Supervisor,ST030,Afternoon,47,11
EMP01625,Packer,ST023,Morning,61,11
EMP00097,Store Associate,ST076,Night,49,4
EMP01465,Store Associate,ST098,Morning,45,8
EMP00980,Rider Coordinator,ST078,Evening,52,8
EMP00129,Packer,ST068,Morning,27,4
EMP02020,Packer,ST045,Afternoon,43,7
EMP00700,Picker,ST057,Afternoon,44,5
EMP00326,Store Associate,ST034,Evening,40,4
EMP01731,Rider Coordinator,ST066,Morning,38,6
EMP00374,Supervisor,ST075,Evening,56,2
EMP00976,Picker,ST015,Evening,49,9
EMP01120,Packer,ST023,Evening,34,6
EMP01406,Picker,ST061,Afternoon,49,8
EMP02033,Packer,ST001,Afternoon,45,12
EMP00077,Packer,ST025,Morning,43,8
EMP02047,Packer,ST042,Morning,45,8
EMP01233,Rider Coordinator,ST007,Evening,46,7
EMP00967,Picker,ST057,Afternoon,45,3
EMP00717,Picker,ST034,Morning,42,2
EMP01343,Picker,ST070,Morning,41,9
EMP00611,Store Associate,ST055,Night,60,7
EMP01488,Picker,ST032,Afternoon,38,3
EMP00578,Packer,ST092,Afternoon,49,2
EMP00831,Packer,ST057,Evening,46,7
EMP01164,Packer,ST100,Evening,51,4
EMP01175,Store Associate,ST008,Afternoon,46,8
EMP00506,Picker,ST037,Morning,53,4
EMP00442,Packer,ST053,Evening,47,9
EMP00298,Picker,ST052,Evening,55,3
EMP01697,Store Associate,ST028,Morning,38,11
EMP01490,Store Associate,ST053,Evening,40,5
EMP00315,Store Associate,ST046,Morning,44,8
EMP01590,Rider Coordinator,ST066,Evening,41,8
EMP02309,Picker,ST050,Evening,43,1
EMP00373,Store Associate,ST037,Evening,49,4
EMP00885,Picker,ST004,Evening,49,8
EMP00874,Packer,ST068,Evening,51,4
EMP01174,Packer,ST019,Afternoon,58,3
EMP00847,Picker,ST019,Afternoon,45,9
EMP00503,Store Associate,ST012,Evening,47,4
EMP00880,Packer,ST017,Evening,54,4
EMP00503,Packer,ST052,Evening,51,10
EMP02065,Store Associate,ST016,Morning,40,6
EMP00517,Supervisor,ST049,Afternoon,65,7
EMP00932,Store Associate,ST092,Morning,38,9
EMP00164,Store Associate,ST056,Afternoon,42,7
EMP00916,Packer,ST043,Morning,36,2
EMP00303,Store Associate,ST026,Afternoon,48,7
EMP00911,Packer,ST066,Afternoon,42,3
EMP00980,Picker,ST010,Morning,47,3
EMP00176,Picker,ST042,Afternoon,43,8
EMP01718,Store Associate,ST044,Morning,42,4
EMP02223,Rider Coordinator,ST023,Morning,63,6
EMP00766,Picker,ST035,Afternoon,48,9
EMP00749,Picker,ST010,Night,61,7
EMP02124,Packer,ST062,Evening,39,2
EMP00885,Store Associate,ST044,Afternoon,36,6
EMP00333,Packer,ST091,Afternoon,38,9
EMP01658,Store Associate,ST052,Morning,42,8
EMP01426,Supervisor,ST014,Evening,49,1
EMP01745,Packer,ST013,Afternoon,40,7
EMP02000,Rider Coordinator,ST084,Afternoon,42,11
EMP00505,Picker,ST050,Evening,52,2
EMP01695,Picker,ST028,Evening,42,7
EMP00362,Store Associate,ST058,Evening,53,5
EMP02313,Packer,ST009,Afternoon,33,4
EMP01861,Picker,ST028,Evening,51,7
EMP02075,Packer,ST009,Evening,42,7
EMP00905,Rider Coordinator,ST048,Afternoon,62,8
EMP00092,Packer,ST091,Evening,49,5
EMP00670,Packer,ST084,Night,58,9
EMP02186,Packer,ST061,Evening,46,4
EMP00212,Store Associate,ST021,Morning,56,3
EMP01338,Picker,ST013,Afternoon,63,6
EMP02029,Packer,ST052,Morning,51,2
EMP01734,Store Associate,ST026,Morning,56,4
EMP00921,Picker,ST096,Morning,47,6
EMP02377,Store Associate,ST023,Afternoon,53,2
EMP01192,Store Associate,ST098,Afternoon,46,2
EMP01663,Store Associate,ST052,Morning,39,6
EMP02125,Store Associate,ST084,Night,52,7
EMP01713,Rider Coordinator,ST097,Morning,58,7
EMP02080,Picker,ST009,Evening,54,9
EMP01920,Store Associate,ST014,Morning,56,10
EMP00960,Packer,ST040,Afternoon,52,4
EMP01381,Store Associate,ST025,Morning,58,8
EMP00124,Picker,ST083,Morning,64,2
EMP00529,Store Associate,ST054,Evening,40,2
EMP00752,Rider Coordinator,ST067,Evening,53,5
EMP02423,Store Associate,ST003,Evening,48,3
EMP02186,Packer,ST062,Evening,36,3
EMP02078,Picker,ST079,Evening,44,6
EMP00686,Picker,ST043,Evening,46,7
EMP00338,Picker,ST092,Afternoon,54,6
EMP02484,Picker,ST069,Afternoon,45,3
EMP01143,Picker,ST036,Morning,47,4
EMP01684,Store Associate,ST030,Evening,36,7
EMP01082,Picker,ST089,Evening,52,6
EMP00484,Rider Coordinator,ST006,Afternoon,55,5
EMP01482,Store Associate,ST007,Evening,43,5
EMP00133,Rider Coordinator,ST094,Morning,45,9
EMP01922,Packer,ST051,Afternoon,41,7
EMP00850,Store Associate,ST088,Afternoon,45,5
EMP00725,Packer,ST014,Evening,47,5
EMP01353,Store Associate,ST034,Afternoon,46,10
EMP00170,Rider Coordinator,ST004,Evening,50,6
EMP00287,Rider Coordinator,ST079,Evening,44,4
EMP01090,Store Associate,ST065,Evening,53,4
EMP02234,Packer,ST054,Morning,39,5
EMP02165,Packer,ST093,Morning,38,1
EMP00465,Picker,ST069,Morning,53,5
EMP02489,Rider Coordinator,ST008,Afternoon,42,5
EMP02330,Packer,ST061,Afternoon,39,7
EMP00932,Store Associate,ST049,Afternoon,60,8
EMP00408,Picker,ST070,Night,43,5
EMP02320,Store Associate,ST100,Evening,58,8
EMP00656,Picker,ST053,Evening,40,6
EMP00697,Packer,ST017,Night,50,5
EMP02206,Picker,ST007,Evening,60,4
EMP01692,Supervisor,ST087,Evening,38,14
EMP02341,Picker,ST067,Afternoon,36,11
EMP00951,Picker,ST023,Evening,49,4
EMP01654,Picker,ST027,Evening,38,6
EMP00178,Store Associate,ST006,Evening,43,6
EMP01483,Store Associate,ST091,Night,42,9
EMP02403,Packer,ST005,Evening,44,4
EMP01247,Rider Coordinator,ST024,Afternoon,48,4
EMP01254,Store Associate,ST047,Night,54,11
EMP02011,Supervisor,ST075,Morning,48,2
EMP01508,Supervisor,ST082,Evening,53,6
EMP01897,Packer,ST086,Evening,41,4
EMP01187,Picker,ST082,Evening,48,11
EMP01268,Store Associate,ST098,Evening,57,3
EMP01768,Picker,ST058,Morning,49,5
EMP01845,Picker,ST082,Morning,39,11
EMP01621,Packer,ST092,Evening,67,9
EMP01864,Picker,ST086,Afternoon,41,5
EMP00878,Store Associate,ST082,Morning,49,3
EMP01068,Store Associate,ST030,Morning,34,8
EMP00045,Packer,ST076,Morning,53,6
EMP00322,Packer,ST051,Evening,51,5
EMP00677,Store Associate,ST070,Afternoon,35,4
EMP01534,Packer,ST006,Morning,49,7
EMP02027,Picker,ST042,Morning,48,4
EMP00396,Rider Coordinator,ST062,Afternoon,42,6
EMP01589,Store Associate,ST078,Evening,51,7
EMP02144,Store Associate,ST094,Afternoon,39,7
EMP00174,Store Associate,ST006,Morning,57,6
EMP01500,Store Associate,ST022,Morning,35,4
EMP00897,Rider Coordinator,ST057,Morning,50,9
EMP01492,Store Associate,ST010,Afternoon,48,7
EMP00914,Rider Coordinator,ST078,Morning,48,3
EMP01539,Store Associate,ST097,Evening,37,9
EMP01434,Picker,ST094,Morning,47,10
EMP01783,Store Associate,ST014,Morning,39,7
EMP01264,Packer,ST055,Evening,50,3
EMP00053,Picker,ST040,Evening,42,3
EMP02319,Store Associate,ST020,Morning,37,6
EMP01865,Picker,ST046,Morning,51,8
EMP01090,Picker,ST048,Evening,47,9
EMP02137,Picker,ST096,Evening,53,8
EMP02302,Picker,ST022,Evening,51,9
EMP00022,Picker,ST062,Night,40,8
EMP00829,Store Associate,ST044,Evening,52,4
EMP00822,Rider Coordinator,ST077,Night,55,9
EMP00277,Picker,ST029,Evening,43,6
EMP01905,Supervisor,ST093,Evening,55,5
EMP01646,Rider Coordinator,ST051,Evening,70,8
EMP00877,Packer,ST099,Evening,47,2
EMP00545,Picker,ST015,Night,54,4
EMP00023,Supervisor,ST048,Afternoon,57,6
EMP00421,Store Associate,ST048,Night,63,7
EMP02276,Store Associate,ST007,Afternoon,44,5
EMP00432,Store Associate,ST039,Evening,54,7
EMP02096,Picker,ST031,Afternoon,53,5
EMP01545,Packer,ST076,Afternoon,47,5
EMP00917,Store Associate,ST072,Evening,41,4
EMP00172,Packer,ST046,Morning,39,6
EMP00001,Picker,ST073,Afternoon,40,2
EMP00114,Packer,ST005,Evening,47,5
EMP01303,Picker,ST023,Afternoon,48,8
EMP02251,Packer,ST046,Evening,57,6
EMP00919,Rider Coordinator,ST012,Morning,55,5
EMP00956,Picker,ST069,Evening,42,4
EMP01026,Picker,ST083,Afternoon,50,4
EMP01176,Store Associate,ST033,Morning,50,7
EMP00999,Rider Coordinator,ST038,Afternoon,39,6
EMP01137,Store Associate,ST011,Morning,55,7
EMP00437,Packer,ST097,Afternoon,42,9
EMP00359,Picker,ST059,Afternoon,43,5
EMP00534,Picker,ST009,Evening,56,2
EMP01384,Store Associate,ST002,Morning,51,10
EMP00768,Store Associate,ST038,Evening,53,3
EMP00320,Picker,ST082,Evening,57,6
EMP02437,Store Associate,ST029,Night,55,6
EMP01761,Store Associate,ST048,Morning,49,7
EMP00467,Store Associate,ST007,Evening,54,5
EMP00054,Supervisor,ST001,Night,48,8
EMP01906,Supervisor,ST006,Morning,44,5
EMP01342,Rider Coordinator,ST008,Afternoon,51,6
EMP00385,Picker,ST054,Evening,52,5
EMP02115,Picker,ST086,Evening,48,4
EMP00489,Store Associate,ST091,Afternoon,44,5
EMP01475,Picker,ST063,Evening,44,4
EMP02067,Store Associate,ST069,Afternoon,44,6
EMP01200,Picker,ST057,Evening,48,9
EMP00632,Picker,ST021,Evening,49,7
EMP02200,Store Associate,ST017,Evening,54,7
EMP01262,Packer,ST040,Evening,50,3
EMP00466,Store Associate,ST077,Evening,45,7
EMP00269,Rider Coordinator,ST068,Evening,54,8
EMP00494,Store Associate,ST001,Morning,43,9
EMP02438,Store Associate,ST053,Evening,48,8
EMP00280,Rider Coordinator,ST064,Evening,51,10
EMP00149,Store Associate,ST008,Evening,43,6
EMP01937,Store Associate,ST088,Afternoon,62,3
EMP00092,Packer,ST066,Afternoon,43,6
EMP01760,Store Associate,ST042,Afternoon,37,9
EMP02078,Rider Coordinator,ST031,Morning,51,6
EMP02406,Picker,ST061,Evening,41,6
EMP01678,Store Associate,ST065,Evening,53,5
EMP01919,Picker,ST080,Night,57,5
EMP01176,Picker,ST058,Evening,49,9
EMP01459,Picker,ST005,Afternoon,50,4
EMP01827,Rider Coordinator,ST032,Afternoon,43,10
EMP02342,Store Associate,ST065,Afternoon,50,4
EMP00637,Picker,ST029,Morning,50,5
EMP00602,Picker,ST093,Afternoon,30,4
EMP01210,Picker,ST001,Morning,39,11
EMP00760,Picker,ST003,Evening,61,7
EMP01994,Packer,ST074,Evening,52,9
EMP01262,Picker,ST013,Afternoon,47,6
EMP02016,Packer,ST078,Morning,54,9
EMP02131,Picker,ST052,Evening,45,9
EMP00044,Rider Coordinator,ST088,Evening,55,5
EMP00519,Rider Coordinator,ST047,Afternoon,58,8
EMP01500,Picker,ST022,Morning,64,7
EMP00297,Store Associate,ST001,Evening,47,3
EMP01606,Store Associate,ST097,Morning,50,9
EMP01444,Store Associate,ST007,Morning,53,7
EMP01520,Store Associate,ST043,Morning,64,7
EMP01996,Store Associate,ST088,Evening,55,6
EMP00614,Store Associate,ST089,Morning,58,10
EMP02275,Packer,ST023,Morning,47,9
EMP00555,Store Associate,ST079,Morning,48,5
EMP00924,Store Associate,ST070,Morning,40,6
EMP00369,Picker,ST076,Morning,49,9
EMP00064,Packer,ST095,Afternoon,53,8
EMP01558,Picker,ST016,Evening,62,7
EMP02392,Picker,ST019,Evening,44,7
EMP00524,Store Associate,ST098,Night,61,4
EMP01959,Store Associate,ST060,Morning,44,1
EMP02452,Store Associate,ST093,Morning,43,6
EMP00136,Picker,ST052,Morning,54,2
EMP01554,Picker,ST033,Morning,45,3
EMP00179,Store Associate,ST093,Afternoon,39,3
EMP02059,Picker,ST066,Evening,56,4
EMP00902,Picker,ST048,Morning,48,4
EMP02003,Picker,ST002,Afternoon,39,10
EMP01050,Packer,ST012,Evening,49,8
EMP00257,Supervisor,ST060,Afternoon,53,9
EMP00692,Picker,ST024,Evening,44,4
EMP01517,Store Associate,ST100,Morning,49,6
EMP01625,Picker,ST010,Evening,39,10
EMP00445,Supervisor,ST097,Evening,51,3
EMP01133,Store Associate,ST037,Evening,48,3
EMP00664,Packer,ST098,Morning,43,9
EMP01527,Store Associate,ST074,Evening,36,5
EMP01715,Store Associate,ST084,Morning,48,4
EMP00125,Picker,ST001,Evening,37,6
EMP00208,Store Associate,ST059,Evening,48,6
EMP00086,Supervisor,ST018,Evening,54,5
EMP01455,Picker,ST003,Evening,53,7
EMP00727,Picker,ST056,Afternoon,45,5
EMP00607,Supervisor,ST003,Morning,50,5
EMP01246,Supervisor,ST028,Night,38,5
EMP01987,Rider Coordinator,ST012,Afternoon,47,5
EMP02058,Rider Coordinator,ST029,Afternoon,53,5
EMP00888,Store Associate,ST098,Afternoon,51,7
EMP00986,Picker,ST076,Evening,59,7
EMP01957,Picker,ST068,Afternoon,41,9
EMP01575,Packer,ST024,Night,40,7
EMP01708,Packer,ST046,Afternoon,59,3
EMP00777,Rider Coordinator,ST071,Morning,54,10
EMP00084,Store Associate,ST007,Afternoon,54,3
EMP02340,Picker,ST046,Afternoon,64,5
EMP01454,Packer,ST008,Evening,43,3
EMP01383,Packer,ST076,Afternoon,42,4
EMP01673,Packer,ST050,Morning,51,11
EMP01302,Picker,ST012,Evening,47,2
EMP01204,Picker,ST041,Afternoon,42,5
EMP01999,Picker,ST098,Evening,43,6
EMP02101,Store Associate,ST032,Morning,37,10
EMP01476,Packer,ST046,Morning,41,8
EMP00398,Store Associate,ST047,Morning,55,8
EMP00135,Packer,ST074,Evening,53,8
EMP02273,Picker,ST089,Evening,48,8
EMP01507,Picker,ST051,Afternoon,56,5
EMP00368,Packer,ST068,Evening,48,4
EMP01960,Store Associate,ST088,Morning,38,6
EMP01893,Packer,ST021,Evening,47,8
EMP02242,Picker,ST037,Afternoon,44,3
EMP00509,Picker,ST024,Afternoon,45,5
EMP01015,Packer,ST057,Evening,58,3
EMP02465,Packer,ST054,Afternoon,56,9
EMP01869,Packer,ST051,Morning,47,6
EMP00293,Picker,ST022,Morning,49,5
EMP01905,Store Associate,ST068,Evening,62,3
EMP01857,Picker,ST018,Evening,43,6
EMP00308,Picker,ST052,Night,50,9
EMP01052,Rider Coordinator,ST082,Night,61,7
EMP00961,Picker,ST060,Morning,56,8
EMP02260,Picker,ST005,Morning,49,10
EMP01974,Store Associate,ST033,Afternoon,61,4
EMP02416,Store Associate,ST015,Evening,41,6
EMP00901,Packer,ST080,Afternoon,46,6
EMP01010,Picker,ST058,Morning,32,8
EMP02349,Picker,ST018,Morning,57,4
EMP00653,Picker,ST032,Night,40,8
EMP01951,Store Associate,ST044,Morning,46,4
EMP02176,Rider Coordinator,ST007,Afternoon,54,0
EMP02465,Supervisor,ST071,Morning,46,5
EMP00712,Packer,ST010,Night,48,5
EMP01857,Store Associate,ST004,Afternoon,52,3
EMP01527,Store Associate,ST060,Morning,66,2
EMP02075,Picker,ST019,Afternoon,55,4
EMP01893,Supervisor,ST073,Afternoon,55,6
EMP00558,Store Associate,ST043,Afternoon,64,10
EMP00627,Picker,ST082,Afternoon,43,8
EMP02478,Packer,ST017,Evening,42,4
EMP00027,Packer,ST074,Evening,37,6
EMP00035,Picker,ST098,Morning,42,2
EMP02027,Picker,ST028,Night,57,11
EMP01554,Packer,ST002,Morning,59,4
EMP01800,Packer,ST035,Night,53,10
EMP01237,Picker,ST072,Evening,64,8
EMP00366,Picker,ST080,Evening,40,8
EMP00582,Rider Coordinator,ST011,Afternoon,54,8
EMP01850,Store Associate,ST014,Evening,52,5
EMP01817,Store Associate,ST060,Evening,47,11
EMP02204,Picker,ST013,Afternoon,53,9
EMP01657,Picker,ST083,Night,43,6
EMP00872,Packer,ST071,Morning,49,5
EMP00680,Picker,ST080,Evening,50,4
EMP01764,Store Associate,ST073,Morning,55,4
EMP01325,Picker,ST020,Evening,48,6
EMP00381,Store Associate,ST019,Afternoon,58,8
EMP00104,Picker,ST068,Evening,55,7
EMP01786,Store Associate,ST041,Morning,43,3
EMP00035,Rider Coordinator,ST009,Afternoon,45,5
EMP02203,Picker,ST076,Evening,48,12
EMP02011,Packer,ST017,Evening,38,10
EMP01997,Rider Coordinator,ST033,Night,41,3
EMP00013,Picker,ST070,Afternoon,45,5
EMP00270,Picker,ST017,Night,43,7
EMP02455,Picker,ST096,Evening,43,6
EMP00199,Picker,ST011,Evening,46,7
EMP00248,Store Associate,ST055,Afternoon,36,7
EMP00668,Packer,ST006,Morning,58,8
EMP02016,Picker,ST020,Afternoon,56,4
EMP01481,Picker,ST084,Morning,56,6
EMP00492,Store Associate,ST070,Afternoon,46,5
EMP00788,Packer,ST033,Evening,48,6
EMP01316,Store Associate,ST034,Night,42,6
EMP01919,Picker,ST012,Morning,52,7
EMP00496,Supervisor,ST078,Morning,56,7
EMP02215,Supervisor,ST089,Evening,56,1
EMP01578,Picker,ST031,Afternoon,49,3
EMP02491,Picker,ST050,Evening,54,8
EMP02197,Packer,ST060,Afternoon,52,9
EMP00078,Supervisor,ST086,Afternoon,56,5
EMP02185,Store Associate,ST013,Afternoon,34,6
EMP01829,Packer,ST026,Evening,44,5
EMP01336,Picker,ST032,Morning,58,8
EMP01100,Picker,ST072,Evening,51,6
EMP01037,Store Associate,ST007,Morning,42,7
EMP02060,Picker,ST023,Afternoon,45,9
EMP01388,Picker,ST029,Evening,42,5
EMP01097,Store Associate,ST005,Afternoon,46,13
EMP02213,Packer,ST041,Evening,48,9
EMP01513,Packer,ST099,Afternoon,43,4
EMP01634,Supervisor,ST004,Evening,40,8
EMP00879,Store Associate,ST028,Evening,51,11
EMP02194,Packer,ST023,Evening,57,8
EMP01648,Store Associate,ST065,Afternoon,53,7
EMP01441,Packer,ST034,Night,52,5
EMP01486,Picker,ST021,Afternoon,49,4
EMP01540,Store Associate,ST048,Afternoon,40,7
EMP01682,Picker,ST043,Afternoon,40,4
EMP01417,Rider Coordinator,ST063,Afternoon,48,8
EMP00329,Store Associate,ST077,Morning,50,7
EMP02457,Store Associate,ST081,Night,41,7
EMP01855,Store Associate,ST023,Night,46,7
EMP01597,Store Associate,ST044,Evening,38,5
EMP00677,Picker,ST049,Afternoon,42,7
EMP01121,Packer,ST073,Evening,52,7
EMP01132,Store Associate,ST091,Afternoon,55,3
EMP02091,Packer,ST008,Afternoon,49,6
EMP02359,Picker,ST062,Afternoon,44,7
EMP00717,Picker,ST052,Afternoon,46,6
EMP01566,Rider Coordinator,ST045,Afternoon,49,8
EMP00431,Packer,ST025,Afternoon,40,4
EMP01352,Picker,ST013,Evening,57,3
EMP01988,Store Associate,ST009,Morning,53,7
EMP00101,Packer,ST058,Morning,49,5
EMP00543,Store Associate,ST002,Evening,42,10
EMP00757,Packer,ST088,Morning,46,7
EMP00096,Store Associate,ST055,Evening,38,5
EMP01714,Picker,ST064,Evening,44,5
EMP00913,Packer,ST068,Afternoon,42,11
EMP02058,Store Associate,ST055,Afternoon,57,5
EMP01196,Picker,ST006,Afternoon,52,7
EMP02161,Packer,ST081,Afternoon,40,7
EMP00350,Packer,ST018,Morning,52,5
EMP01176,Picker,ST037,Morning,63,3
EMP00463,Supervisor,ST006,Evening,57,7
EMP02318,Supervisor,ST054,Night,46,10
EMP01913,Store Associate,ST004,Evening,50,7
EMP02422,Store Associate,ST049,Afternoon,42,9
EMP00352,Picker,ST050,Evening,55,1
EMP02034,Picker,ST090,Night,54,10
EMP01080,Store Associate,ST044,Evening,49,7
EMP00620,Store Associate,ST029,Morning,51,4
EMP00094,Store Associate,ST026,Evening,56,8
EMP00352,Rider Coordinator,ST068,Morning,44,5
EMP02261,Packer,ST084,Afternoon,55,6
EMP02032,Picker,ST096,Evening,40,2
EMP01712,Store Associate,ST022,Evening,55,5
EMP00635,Store Associate,ST063,Evening,43,8
EMP00831,Picker,ST007,Evening,45,7
EMP00863,Store Associate,ST077,Evening,51,6
EMP01983,Store Associate,ST076,Afternoon,50,2
EMP00917,Store Associate,ST063,Afternoon,48,6
EMP01807,Supervisor,ST038,Night,45,7
EMP01681,Picker,ST068,Morning,41,7
EMP00948,Supervisor,ST029,Evening,49,7
EMP01599,Store Associate,ST079,Night,43,10
EMP02171,Picker,ST037,Afternoon,50,8
EMP02306,Packer,ST050,Afternoon,34,9
EMP02050,Store Associate,ST059,Morning,28,3
EMP00061,Store Associate,ST064,Evening,49,7
EMP00384,Packer,ST065,Evening,40,9
EMP00695,Packer,ST071,Afternoon,48,4
EMP01373,Picker,ST011,Evening,56,13
EMP00607,Picker,ST020,Afternoon,53,8
EMP00318,Packer,ST007,Afternoon,45,5
EMP01669,Supervisor,ST093,Evening,43,9
EMP02059,Picker,ST038,Morning,54,1
EMP01642,Packer,ST004,Afternoon,57,6
EMP01087,Rider Coordinator,ST085,Afternoon,39,3
EMP00996,Packer,ST066,Evening,52,8
EMP02497,Packer,ST005,Morning,36,3
EMP00437,Packer,ST038,Morning,47,7
EMP01947,Supervisor,ST076,Evening,50,7
EMP01250,Store Associate,ST048,Evening,46,7
EMP01215,Packer,ST017,Morning,49,8
EMP01165,Rider Coordinator,ST059,Morning,56,6
EMP01001,Supervisor,ST070,Evening,52,2
EMP00697,Packer,ST096,Afternoon,40,7
EMP00684,Picker,ST006,Morning,40,8
EMP01228,Packer,ST045,Evening,44,11
EMP00887,Picker,ST019,Afternoon,38,6
EMP00415,Picker,ST023,Morning,52,2
EMP01492,Packer,ST018,Evening,41,9
EMP01351,Store Associate,ST073,Evening,46,2
EMP01193,Store Associate,ST063,Afternoon,49,10
EMP01250,Picker,ST008,Evening,51,8
EMP00943,Store Associate,ST040,Evening,42,6
EMP01533,Supervisor,ST017,Afternoon,49,6
EMP01485,Store Associate,ST082,Morning,53,3
EMP02441,Store Associate,ST089,Afternoon,44,5
EMP00855,Picker,ST017,Evening,49,5
EMP01681,Store Associate,ST085,Evening,51,4
EMP01629,Packer,ST013,Evening,53,4
EMP00225,Picker,ST085,Morning,38,8
EMP00409,Picker,ST075,Night,41,11
EMP01970,Packer,ST044,Evening,56,3
EMP00102,Store Associate,ST007,Evening,52,7
EMP01611,Rider Coordinator,ST043,Evening,49,4
EMP00679,Store Associate,ST067,Afternoon,50,4
EMP00838,Picker,ST043,Evening,41,10
EMP00805,Packer,ST052,Evening,54,8
EMP01447,Supervisor,ST068,Evening,48,8
EMP00832,Picker,ST061,Morning,49,7
EMP01692,Store Associate,ST095,Morning,38,9
EMP01743,Store Associate,ST018,Afternoon,41,7
EMP01251,Picker,ST097,Evening,48,7
EMP02035,Picker,ST093,Morning,39,5
EMP01488,Rider Coordinator,ST043,Morning,45,7
EMP00227,Store Associate,ST028,Afternoon,57,11
EMP01895,Store Associate,ST081,Morning,39,6
EMP01646,Store Associate,ST015,Night,48,9
EMP01723,Store Associate,ST043,Evening,61,2
EMP01563,Store Associate,ST023,Evening,38,5
EMP00695,Packer,ST014,Afternoon,49,2
EMP01427,Picker,ST069,Night,41,10
EMP02345,Store Associate,ST002,Evening,33,7
EMP02416,Store Associate,ST074,Morning,46,3
EMP00802,Picker,ST077,Afternoon,48,8
EMP01173,Picker,ST019,Afternoon,44,5
EMP00733,Picker,ST026,Evening,55,4
EMP00114,Picker,ST041,Evening,51,3
EMP01494,Rider Coordinator,ST009,Evening,52,5
EMP02442,Store Associate,ST030,Night,47,6
EMP01595,Store Associate,ST057,Afternoon,42,4
EMP02096,Store Associate,ST044,Night,33,4
EMP00676,Picker,ST039,Afternoon,41,7
EMP00689,Packer,ST076,Morning,41,4
EMP00104,Store Associate,ST085,Evening,61,5
EMP00872,Packer,ST041,Night,47,2
EMP02006,Supervisor,ST088,Afternoon,34,6
EMP01531,Store Associate,ST084,Night,45,10
EMP00555,Picker,ST059,Night,40,6
EMP00373,Supervisor,ST072,Evening,62,5
EMP02162,Packer,ST047,Morning,50,4
EMP00409,Store Associate,ST079,Evening,47,7
EMP01911,Store Associate,ST040,Morning,47,13
EMP02004,Store Associate,ST034,Morning,49,7
EMP00930,Rider Coordinator,ST003,Evening,55,4
EMP01719,Picker,ST017,Night,54,4
EMP00094,Picker,ST037,Morning,45,4
EMP00988,Store Associate,ST073,Evening,48,10
EMP00417,Store Associate,ST026,Afternoon,30,2
EMP01387,Picker,ST055,Evening,44,4
EMP00594,Packer,ST025,Afternoon,48,5
EMP01992,Store Associate,ST075,Evening,41,5
EMP00148,Packer,ST069,Afternoon,49,4
EMP00474,Packer,ST068,Afternoon,45,7
EMP01304,Picker,ST071,Evening,49,6
EMP02072,Picker,ST077,Evening,49,7
EMP02091,Picker,ST086,Evening,51,8
EMP01967,Store Associate,ST094,Evening,60,3
EMP01606,Store Associate,ST069,Evening,47,9
EMP01696,Store Associate,ST083,Evening,45,4
EMP01933,Picker,ST025,Morning,55,8
EMP00080,Picker,ST070,Afternoon,71,5
EMP01103,Picker,ST023,Evening,43,7
EMP00945,Supervisor,ST029,Morning,43,4
EMP02189,Store Associate,ST068,Morning,41,8
EMP02120,Picker,ST080,Afternoon,48,9
EMP00837,Store Associate,ST062,Evening,38,9
EMP02008,Picker,ST050,Night,53,6
EMP00340,Packer,ST049,Afternoon,52,5
EMP00275,Rider Coordinator,ST038,Evening,44,8
EMP00837,Store Associate,ST001,Morning,40,6
EMP01246,Picker,ST029,Evening,48,11
EMP00143,Store Associate,ST078,Evening,38,4
EMP00534,Picker,ST076,Evening,48,2
EMP01818,Picker,ST077,Evening,47,0
EMP00874,Packer,ST004,Evening,37,10
EMP01568,Store Associate,ST020,Evening,57,7
EMP00683,Picker,ST048,Morning,65,3
EMP00599,Store Associate,ST068,Morning,59,6
EMP00015,Packer,ST052,Afternoon,53,6
EMP01960,Packer,ST060,Evening,48,2
EMP00964,Supervisor,ST025,Night,57,4
EMP00972,Packer,ST035,Morning,46,5
EMP01175,Store Associate,ST047,Night,40,6
EMP00510,Picker,ST015,Evening,52,9
EMP02213,Store Associate,ST071,Afternoon,47,5
EMP00306,Picker,ST043,Afternoon,41,12
EMP02103,Picker,ST005,Evening,51,9
EMP01137,Store Associate,ST070,Morning,53,7
EMP01217,Picker,ST072,Evening,43,5
EMP02256,Picker,ST006,Afternoon,42,5
EMP00003,Picker,ST029,Night,46,11
EMP00253,Packer,ST031,Afternoon,50,2
EMP02161,Supervisor,ST020,Evening,50,4
EMP01140,Store Associate,ST010,Evening,30,5
EMP02295,Store Associate,ST005,Morning,48,3
EMP01701,Rider Coordinator,ST003,Evening,41,4
EMP00518,Rider Coordinator,ST098,Evening,41,7
EMP00262,Packer,ST033,Morning,53,5
EMP01736,Packer,ST070,Evening,52,5
EMP01724,Store Associate,ST056,Evening,43,4
EMP00550,Rider Coordinator,ST060,Evening,55,10
EMP00221,Rider Coordinator,ST024,Evening,37,8
EMP00909,Picker,ST084,Evening,40,11
EMP01233,Picker,ST076,Night,42,4
EMP01524,Picker,ST073,Afternoon,36,5
EMP01956,Supervisor,ST011,Evening,39,5
EMP00707,Packer,ST079,Evening,53,7
EMP02326,Store Associate,ST010,Afternoon,63,3
EMP02033,Packer,ST098,Afternoon,50,8
EMP01851,Picker,ST009,Afternoon,52,6
EMP00666,Store Associate,ST014,Morning,55,11
EMP00852,Picker,ST082,Evening,48,4
EMP00399,Rider Coordinator,ST028,Afternoon,60,3
EMP01955,Packer,ST002,Afternoon,54,6
EMP01681,Packer,ST057,Afternoon,52,9
EMP01727,Picker,ST046,Afternoon,37,5
EMP00445,Packer,ST080,Evening,63,10
EMP01818,Store Associate,ST099,Night,46,8
EMP01154,Picker,ST074,Morning,42,10
EMP00890,Rider Coordinator,ST003,Night,42,4
EMP00317,Supervisor,ST008,Afternoon,63,7
EMP01345,Picker,ST097,Evening,50,3
EMP00153,Packer,ST020,Evening,46,4
EMP02057,Picker,ST005,Evening,56,6
EMP02417,Picker,ST071,Evening,68,5
EMP00545,Store Associate,ST024,Evening,44,8
EMP02069,Rider Coordinator,ST008,Night,44,9
EMP01914,Picker,ST095,Afternoon,60,3
EMP02219,Packer,ST079,Afternoon,52,9
EMP01786,Store Associate,ST072,Evening,44,4
EMP00573,Store Associate,ST074,Evening,46,8
EMP00839,Rider Coordinator,ST068,Evening,29,9
EMP02257,Picker,ST044,Evening,48,5
EMP01845,Picker,ST053,Morning,55,2
EMP01367,Packer,ST011,Afternoon,48,4
EMP01639,Picker,ST016,Evening,50,3
EMP02056,Picker,ST034,Afternoon,47,9
EMP01312,Packer,ST072,Morning,45,3
EMP01415,Picker,ST053,Evening,53,3
EMP02295,Picker,ST080,Evening,37,9
EMP01368,Store Associate,ST036,Morning,35,6
EMP01747,Picker,ST048,Afternoon,38,7
EMP01597,Rider Coordinator,ST096,Afternoon,50,8
EMP01022,Store Associate,ST001,Morning,35,3
EMP00856,Picker,ST051,Evening,50,5
EMP01229,Picker,ST052,Afternoon,49,6
EMP00349,Store Associate,ST086,Night,44,3
EMP00847,Packer,ST026,Night,42,6
EMP01526,Store Associate,ST031,Afternoon,29,7
EMP01046,Supervisor,ST040,Night,30,4
EMP00016,Picker,ST029,Afternoon,48,4
EMP00869,Picker,ST084,Morning,53,4
EMP01764,Picker,ST034,Night,55,13
EMP02289,Store Associate,ST033,Afternoon,47,4
EMP00138,Packer,ST093,Afternoon,44,5
EMP00631,Packer,ST040,Evening,58,5
EMP00374,Store Associate,ST067,Night,52,5
EMP01825,Picker,ST035,Morning,48,9
EMP00658,Picker,ST016,Afternoon,47,8
EMP00967,Rider Coordinator,ST068,Morning,58,6
EMP02017,Picker,ST061,Morning,55,5
EMP01796,Picker,ST037,Morning,64,7
EMP00277,Picker,ST054,Night,46,5
EMP00640,Store Associate,ST008,Evening,40,6
EMP02031,Store Associate,ST022,Afternoon,43,5
EMP02160,Picker,ST084,Evening,46,7
EMP02101,Store Associate,ST062,Evening,49,10
EMP00038,Packer,ST044,Afternoon,42,6
EMP02043,Store Associate,ST033,Night,39,3
EMP00734,Store Associate,ST002,Morning,55,7
EMP00481,Picker,ST004,Night,58,4
EMP02300,Packer,ST093,Evening,32,5
EMP01373,Picker,ST073,Night,50,7
EMP02443,Packer,ST006,Morning,68,6
EMP02259,Store Associate,ST059,Evening,36,4
EMP02139,Packer,ST080,Evening,53,9
EMP01276,Picker,ST044,Evening,52,5
EMP00434,Picker,ST032,Evening,49,0
EMP00600,Packer,ST092,Afternoon,48,4
EMP01660,Rider Coordinator,ST037,Morning,45,7
EMP01262,Packer,ST058,Afternoon,47,8
EMP00789,Supervisor,ST097,Evening,53,3
EMP02046,Store Associate,ST048,Morning,46,8
EMP00072,Store Associate,ST013,Afternoon,56,8
EMP02379,Store Associate,ST099,Evening,48,8
EMP00749,Picker,ST036,Afternoon,46,6
EMP02317,Store Associate,ST067,Night,42,6
EMP00571,Picker,ST067,Evening,44,12
EMP00803,Packer,ST075,Evening,41,8
EMP02170,Store Associate,ST077,Evening,46,7
EMP01813,Store Associate,ST014,Morning,57,3
EMP00214,Store Associate,ST086,Evening,45,7
EMP01253,Store Associate,ST100,Afternoon,36,4
EMP00322,Store Associate,ST093,Night,40,4
EMP01707,Picker,ST009,Evening,47,4
EMP02440,Supervisor,ST051,Afternoon,40,8
EMP01273,Picker,ST080,Afternoon,37,12
EMP00471,Picker,ST072,Evening,46,5
EMP01714,Picker,ST027,Evening,39,9
EMP01801,Store Associate,ST012,Morning,44,3
EMP00943,Store Associate,ST018,Morning,49,5
EMP01669,Picker,ST049,Night,47,5
EMP00894,Store Associate,ST011,Evening,52,4
EMP00149,Picker,ST029,Evening,63,11
EMP02095,Picker,ST033,Morning,46,8
EMP02151,Supervisor,ST070,Afternoon,41,10
EMP01526,Packer,ST030,Night,51,7
EMP02125,Supervisor,ST001,Afternoon,61,9
EMP00809,Store Associate,ST022,Afternoon,44,4
EMP01944,Packer,ST098,Morning,37,6
EMP00092,Store Associate,ST031,Evening,41,9
EMP00088,Picker,ST084,Evening,48,7
EMP01104,Picker,ST043,Afternoon,59,9
EMP00274,Rider Coordinator,ST001,Evening,55,6
EMP00189,Packer,ST008,Night,59,7
EMP00400,Picker,ST092,Afternoon,46,10
EMP01431,Picker,ST008,Morning,44,4
EMP00279,Rider Coordinator,ST080,Afternoon,44,10
EMP00582,Picker,ST030,Morning,46,7
EMP00450,Picker,ST081,Afternoon,43,11
EMP02118,Packer,ST024,Evening,55,10
EMP01127,Rider Coordinator,ST006,Night,30,5
EMP00152,Picker,ST005,Morning,53,11
EMP00740,Supervisor,ST026,Night,61,9
EMP01469,Store Associate,ST059,Evening,41,7
EMP01069,Packer,ST003,Evening,51,10
EMP01859,Store Associate,ST048,Morning,43,6
EMP00271,Picker,ST014,Night,39,7
EMP02231,Packer,ST032,Afternoon,36,4
EMP00547,Supervisor,ST036,Morning,45,7
EMP01839,Supervisor,ST100,Evening,49,5
EMP02319,Store Associate,ST071,Night,44,11
EMP01365,Packer,ST063,Evening,48,5
EMP01709,Picker,ST097,Evening,36,6
EMP01464,Supervisor,ST085,Night,49,5
EMP00699,Store Associate,ST086,Evening,51,9
EMP01149,Store Associate,ST066,Evening,64,8
EMP02178,Packer,ST074,Morning,46,7
EMP01432,Packer,ST094,Morning,47,6
EMP01371,Packer,ST028,Afternoon,49,2
EMP01346,Packer,ST078,Afternoon,51,6
EMP00386,Picker,ST053,Afternoon,44,3
EMP00155,Store Associate,ST056,Afternoon,44,3
EMP00019,Packer,ST095,Evening,39,10
EMP02414,Picker,ST055,Evening,45,6
EMP01291,Rider Coordinator,ST029,Afternoon,48,6
EMP00851,Packer,ST099,Evening,39,9
EMP02204,Store Associate,ST045,Evening,37,3
EMP02473,Supervisor,ST073,Afternoon,53,4
EMP01885,Store Associate,ST065,Night,54,8
EMP01343,Picker,ST089,Afternoon,63,7
EMP01306,Picker,ST050,Afternoon,40,4
EMP00018,Store Associate,ST005,Evening,43,4
EMP00763,Store Associate,ST093,Evening,40,10
EMP01124,Store Associate,ST002,Night,33,7
EMP01587,Picker,ST026,Afternoon,52,2
EMP01942,Store Associate,ST092,Afternoon,32,4
EMP01439,Picker,ST053,Morning,39,8
EMP00749,Store Associate,ST092,Evening,59,0
EMP02189,Picker,ST089,Night,47,3
EMP02487,Store Associate,ST043,Evening,49,6
EMP00436,Rider Coordinator,ST046,Afternoon,44,4
EMP01530,Packer,ST030,Evening,46,6
EMP01925,Picker,ST040,Afternoon,57,6
EMP01271,Picker,ST099,Afternoon,46,4
EMP01329,Packer,ST059,Afternoon,43,7
EMP01432,Packer,ST084,Afternoon,37,6
EMP00853,Picker,ST027,Evening,40,7
EMP01695,Store Associate,ST054,Morning,52,3
EMP00966,Store Associate,ST048,Afternoon,44,8
EMP01335,Rider Coordinator,ST058,Afternoon,57,6
EMP00615,Rider Coordinator,ST098,Evening,51,10
EMP00198,Packer,ST093,Afternoon,38,3
EMP01575,Picker,ST020,Morning,45,5
EMP02069,Rider Coordinator,ST019,Evening,58,6
EMP01202,Store Associate,ST058,Afternoon,31,5
EMP00233,Packer,ST012,Afternoon,59,4
EMP01600,Supervisor,ST055,Afternoon,43,5
EMP02164,Store Associate,ST028,Morning,48,4
EMP02282,Picker,ST006,Evening,46,5
EMP02173,Packer,ST006,Afternoon,43,12
EMP01386,Store Associate,ST072,Evening,55,4
EMP00152,Packer,ST063,Afternoon,58,6
EMP00540,Store Associate,ST013,Night,52,9
EMP01579,Packer,ST028,Afternoon,62,5
EMP01921,Store Associate,ST089,Afternoon,63,5
EMP01954,Store Associate,ST049,Night,54,6
EMP02122,Store Associate,ST099,Afternoon,40,9
EMP02160,Store Associate,ST026,Evening,50,13
EMP01908,Picker,ST034,Morning,49,4
EMP01395,Store Associate,ST081,Evening,59,8
EMP01312,Picker,ST060,Afternoon,43,2
EMP01792,Store Associate,ST048,Afternoon,47,5
EMP01894,Rider Coordinator,ST077,Evening,36,6
EMP00432,Store Associate,ST011,Evening,53,6
EMP02301,Rider Coordinator,ST044,Evening,41,6
EMP00119,Picker,ST091,Evening,45,5
EMP00026,Supervisor,ST017,Night,48,4
EMP00218,Rider Coordinator,ST017,Evening,48,7
EMP01616,Packer,ST019,Afternoon,30,8
EMP01872,Packer,ST084,Evening,34,3
EMP00825,Store Associate,ST006,Night,37,9
EMP01158,Rider Coordinator,ST070,Evening,54,6
EMP00945,Picker,ST019,Morning,42,9
EMP00558,Packer,ST013,Afternoon,39,7
EMP00261,Supervisor,ST038,Evening,47,11
EMP02047,Picker,ST032,Evening,47,7
EMP00574,Picker,ST032,Morning,41,4
EMP00293,Picker,ST087,Morning,53,6
EMP01360,Picker,ST045,Evening,59,4
EMP00231,Supervisor,ST066,Evening,50,10
EMP00722,Picker,ST038,Morning,40,4
EMP02011,Supervisor,ST027,Morning,45,5
EMP02170,Supervisor,ST088,Evening,55,3
EMP02069,Picker,ST044,Morning,52,9
EMP00832,Rider Coordinator,ST070,Evening,53,3
EMP00374,Picker,ST089,Evening,53,5
EMP00947,Store Associate,ST049,Afternoon,48,9
EMP01955,Picker,ST072,Night,52,5
EMP00786,Store Associate,ST019,Evening,53,8
EMP00313,Supervisor,ST057,Morning,62,3
EMP00095,Packer,ST041,Evening,47,5
EMP00478,Picker,ST038,Morning,42,6
EMP01472,Packer,ST029,Afternoon,41,4
EMP00690,Store Associate,ST067,Afternoon,49,1
EMP01139,Picker,ST031,Evening,42,8
EMP00491,Picker,ST067,Evening,46,4
EMP01637,Packer,ST045,Morning,41,5
EMP00963,Packer,ST041,Afternoon,42,6
EMP00020,Picker,ST038,Afternoon,51,3
EMP00262,Store Associate,ST043,Evening,56,7
EMP00366,Supervisor,ST034,Afternoon,49,6
EMP02050,Picker,ST002,Morning,58,6
EMP01888,Rider Coordinator,ST033,Night,52,5
EMP02459,Packer,ST079,Evening,53,8
EMP00291,Supervisor,ST096,Evening,50,8
EMP02027,Picker,ST077,Afternoon,57,6
EMP00179,Picker,ST055,Afternoon,41,10
EMP00336,Supervisor,ST048,Evening,46,2
EMP00263,Packer,ST004,Evening,45,10
EMP01366,Store Associate,ST001,Night,48,4
EMP01469,Packer,ST023,Evening,47,10
EMP00136,Store Associate,ST065,Afternoon,48,8
EMP02461,Store Associate,ST036,Afternoon,58,7
EMP01009,Picker,ST050,Evening,60,5
EMP00912,Store Associate,ST058,Night,43,5
EMP01219,Picker,ST014,Afternoon,42,6
EMP01624,Rider Coordinator,ST071,Evening,51,6
EMP01898,Packer,ST052,Morning,51,7
EMP02170,Picker,ST039,Afternoon,51,3
EMP02087,Picker,ST093,Evening,37,10
EMP01026,Picker,ST013,Night,49,4
EMP00994,Packer,ST067,Evening,45,7
EMP00405,Picker,ST075,Evening,66,9
EMP00267,Store Associate,ST051,Night,46,4
EMP01541,Picker,ST030,Evening,49,6
EMP02363,Packer,ST026,Morning,63,6
EMP00224,Packer,ST038,Evening,39,6
EMP01688,Packer,ST068,Afternoon,50,8
EMP01519,Packer,ST058,Morning,53,4
EMP01990,Picker,ST083,Night,47,3
EMP02424,Supervisor,ST021,Evening,40,5
EMP02247,Rider Coordinator,ST055,Afternoon,57,9
EMP01777,Picker,ST052,Evening,41,4
EMP00664,Picker,ST029,Night,35,4
EMP01499,Picker,ST033,Morning,56,6
EMP02216,Packer,ST062,Afternoon,54,4
EMP01755,Packer,ST075,Afternoon,42,3
EMP01356,Store Associate,ST021,Afternoon,43,8
EMP01440,Picker,ST083,Morning,51,12
EMP02182,Packer,ST100,Night,45,8
EMP00295,Picker,ST036,Evening,40,6
EMP00101,Picker,ST034,Morning,49,5
EMP01916,Supervisor,ST100,Evening,58,5
EMP00930,Picker,ST026,Evening,47,6
EMP02369,Packer,ST044,Evening,49,9
EMP00561,Picker,ST010,Morning,52,7
EMP02120,Store Associate,ST030,Evening,52,5
EMP01697,Rider Coordinator,ST006,Evening,55,6
EMP01249,Packer,ST079,Night,44,10
EMP01662,Picker,ST064,Evening,40,9
EMP00240,Store Associate,ST074,Evening,52,6
EMP01476,Packer,ST077,Morning,45,8
EMP01475,Picker,ST090,Evening,52,10
EMP02216,Picker,ST081,Evening,60,9
EMP01493,Picker,ST061,Afternoon,54,7
EMP01598,Packer,ST047,Morning,55,4
EMP00797,Rider Coordinator,ST001,Evening,48,6
EMP00894,Rider Coordinator,ST042,Evening,39,4
EMP01940,Picker,ST011,Evening,45,5
EMP01987,Rider Coordinator,ST100,Morning,36,3
EMP01836,Packer,ST009,Morning,49,8
EMP01334,Packer,ST062,Morning,48,6
EMP00323,Packer,ST067,Afternoon,57,5
EMP00725,Picker,ST075,Afternoon,50,8
EMP02105,Packer,ST020,Night,57,8
EMP01589,Rider Coordinator,ST030,Night,48,7
EMP00051,Store Associate,ST025,Evening,41,8
EMP01636,Store Associate,ST008,Morning,36,9
EMP00254,Store Associate,ST010,Afternoon,48,7
EMP00885,Store Associate,ST041,Afternoon,54,6
EMP01166,Packer,ST085,Afternoon,48,4
EMP02005,Store Associate,ST099,Morning,50,7
EMP00140,Picker,ST009,Night,57,6
EMP00030,Packer,ST085,Night,36,11
EMP01353,Picker,ST084,Evening,48,9
EMP01324,Store Associate,ST035,Evening,47,6
EMP02087,Store Associate,ST003,Night,58,2
EMP00400,Picker,ST050,Afternoon,47,11
EMP02462,Picker,ST079,Afternoon,50,5
EMP00702,Packer,ST003,Afternoon,45,2
EMP00100,Packer,ST011,Morning,50,4
EMP00731,Packer,ST069,Afternoon,59,3
EMP00932,Store Associate,ST013,Afternoon,39,11
EMP01661,Store Associate,ST052,Evening,42,5
EMP01440,Store Associate,ST036,Night,54,5
EMP00681,Packer,ST065,Night,45,6
EMP01087,Picker,ST037,Evening,52,3
EMP01611,Packer,ST089,Afternoon,53,8
EMP00039,Packer,ST057,Evening,57,5
EMP01974,Picker,ST097,Night,53,4
EMP01989,Rider Coordinator,ST035,Evening,52,9
EMP01494,Picker,ST063,Evening,46,4
EMP01702,Picker,ST002,Evening,60,6
EMP00140,Store Associate,ST084,Afternoon,56,2
EMP00431,Store Associate,ST080,Evening,48,9
EMP00315,Picker,ST057,Afternoon,43,5
EMP00207,Store Associate,ST086,Night,46,4
EMP00414,Picker,ST004,Evening,48,11
EMP02384,Store Associate,ST083,Afternoon,60,5
EMP01592,Picker,ST022,Morning,42,13
EMP01589,Packer,ST099,Evening,53,7
EMP01104,Store Associate,ST044,Evening,46,7
EMP02231,Rider Coordinator,ST004,Afternoon,45,5
EMP01671,Supervisor,ST030,Afternoon,56,6
EMP00363,Packer,ST056,Night,46,5
EMP00825,Store Associate,ST071,Evening,42,3
EMP02359,Packer,ST076,Morning,61,4
EMP01828,Store Associate,ST052,Evening,58,8
EMP02054,Rider Coordinator,ST052,Evening,33,3
EMP00833,Rider Coordinator,ST037,Morning,58,8
EMP00376,Store Associate,ST027,Night,39,7
EMP01995,Store Associate,ST036,Evening,45,3
EMP01495,Picker,ST016,Evening,52,6
EMP02174,Packer,ST019,Morning,47,6
EMP02360,Store Associate,ST070,Afternoon,55,12
EMP01466,Picker,ST035,Morning,52,4
EMP01398,Store Associate,ST030,Morning,51,8
EMP00711,Store Associate,ST061,Afternoon,40,6
EMP02433,Picker,ST071,Evening,37,3
EMP02093,Packer,ST079,Evening,51,10
EMP00646,Store Associate,ST046,Morning,45,8
EMP02362,Store Associate,ST009,Night,47,6
EMP02231,Store Associate,ST079,Afternoon,42,4
EMP02211,Picker,ST088,Evening,54,6
EMP00658,Store Associate,ST088,Morning,47,5
EMP00231,Picker,ST082,Evening,48,13
EMP02474,Supervisor,ST027,Afternoon,50,9
EMP01304,Picker,ST054,Evening,44,4
EMP01541,Rider Coordinator,ST072,Evening,39,2
EMP02493,Store Associate,ST024,Evening,59,2
EMP01841,Store Associate,ST020,Morning,43,5
EMP02092,Rider Coordinator,ST036,Evening,57,7
EMP01139,Picker,ST034,Evening,49,4
EMP01015,Store Associate,ST041,Morning,41,10
EMP00730,Store Associate,ST078,Evening,52,7
EMP01975,Picker,ST013,Evening,48,5
EMP00978,Picker,ST089,Night,51,7
EMP00837,Store Associate,ST066,Afternoon,61,5
EMP02459,Picker,ST021,Evening,40,3
EMP01465,Store Associate,ST100,Evening,42,4
EMP00482,Supervisor,ST046,Afternoon,58,7
EMP01288,Picker,ST043,Afternoon,51,7
EMP01399,Packer,ST031,Evening,52,3
EMP01782,Packer,ST072,Evening,46,6
EMP02330,Picker,ST055,Afternoon,44,9
EMP01375,Rider Coordinator,ST048,Evening,44,11
EMP00398,Picker,ST090,Morning,39,6
EMP00173,Store Associate,ST022,Afternoon,52,3
EMP00492,Picker,ST063,Evening,61,8
EMP00554,Packer,ST017,Morning,43,10
EMP00216,Store Associate,ST018,Morning,43,4
EMP01227,Rider Coordinator,ST018,Morning,53,5
EMP01604,Picker,ST054,Afternoon,44,6
EMP02187,Store Associate,ST008,Evening,42,10
EMP01866,Picker,ST094,Evening,46,8
EMP00036,Packer,ST047,Morning,48,5
EMP01263,Picker,ST018,Night,61,9
EMP00587,Rider Coordinator,ST021,Morning,40,8
EMP00279,Store Associate,ST032,Evening,53,5
EMP02264,Picker,ST089,Evening,48,5
EMP01939,Packer,ST006,Evening,48,5
EMP02003,Store Associate,ST050,Night,45,5
EMP02113,Picker,ST033,Evening,54,6
EMP02314,Store Associate,ST046,Evening,35,6
EMP01516,Supervisor,ST007,Afternoon,55,4
EMP01108,Packer,ST053,Afternoon,51,4
EMP01834,Store Associate,ST093,Afternoon,43,9
EMP01537,Supervisor,ST033,Evening,45,6
EMP02099,Store Associate,ST094,Evening,53,7
EMP01416,Rider Coordinator,ST032,Night,47,5
EMP01561,Picker,ST075,Night,42,7
EMP01949,Store Associate,ST098,Night,43,7
EMP00241,Packer,ST044,Evening,54,12
EMP00780,Picker,ST009,Morning,34,4
EMP00887,Packer,ST083,Evening,57,9
EMP02440,Picker,ST083,Morning,55,8
EMP02272,Store Associate,ST074,Night,48,7
EMP00907,Picker,ST091,Evening,61,8
EMP01257,Picker,ST026,Night,40,5
EMP00292,Packer,ST100,Evening,38,7
EMP01710,Supervisor,ST084,Evening,44,3
EMP01868,Store Associate,ST009,Evening,55,3
EMP00051,Store Associate,ST035,Evening,38,3
EMP01015,Store Associate,ST076,Evening,37,6
EMP00865,Rider Coordinator,ST053,Afternoon,57,8
EMP00564,Supervisor,ST053,Night,39,5
EMP01920,Picker,ST089,Evening,43,5
EMP01307,Rider Coordinator,ST090,Evening,47,9
EMP00023,Store Associate,ST039,Night,45,6
EMP01737,Store Associate,ST047,Afternoon,49,5
EMP02128,Picker,ST042,Evening,53,1
EMP00112,Picker,ST051,Night,45,3
EMP00686,Rider Coordinator,ST071,Evening,50,9
EMP00503,Store Associate,ST090,Evening,32,6
EMP02356,Picker,ST033,Morning,50,5
EMP02472,Store Associate,ST024,Afternoon,55,6
EMP02299,Store Associate,ST062,Afternoon,47,6
EMP00167,Picker,ST012,Night,53,5
EMP01277,Picker,ST007,Evening,43,5
EMP00494,Picker,ST088,Morning,48,3
EMP00447,Picker,ST078,Evening,37,6
EMP00387,Store Associate,ST070,Afternoon,42,9
EMP01831,Picker,ST072,Afternoon,36,4
EMP01538,Picker,ST069,Evening,50,7
EMP00569,Picker,ST075,Afternoon,52,5
EMP00775,Picker,ST048,Evening,58,10
EMP01510,Picker,ST027,Evening,40,4
EMP01560,Store Associate,ST098,Night,45,6
EMP00657,Supervisor,ST067,Morning,45,7
EMP00184,Rider Coordinator,ST100,Evening,60,6
EMP01757,Supervisor,ST005,Night,48,4
EMP00408,Store Associate,ST061,Evening,54,6
EMP01523,Store Associate,ST077,Evening,43,7
EMP01327,Picker,ST046,Night,54,4
EMP01529,Picker,ST014,Afternoon,51,6
EMP01626,Store Associate,ST091,Evening,44,9
EMP01088,Packer,ST024,Morning,45,7
EMP01066,Store Associate,ST033,Afternoon,57,6
EMP00459,Rider Coordinator,ST093,Night,40,4
EMP01125,Rider Coordinator,ST054,Afternoon,51,4
EMP00238,Picker,ST088,Evening,62,8
EMP01605,Picker,ST085,Evening,49,5
EMP01065,Packer,ST030,Morning,51,11
EMP00907,Store Associate,ST069,Evening,43,4
EMP01217,Supervisor,ST023,Evening,52,9
EMP00284,Picker,ST019,Afternoon,40,7
EMP01953,Picker,ST074,Evening,36,4
EMP02197,Packer,ST088,Evening,65,3
EMP01524,Store Associate,ST052,Morning,39,4
EMP02433,Picker,ST094,Evening,48,4
EMP00406,Packer,ST070,Evening,39,3
EMP01789,Supervisor,ST009,Night,52,6
EMP02033,Picker,ST063,Morning,49,4
EMP00713,Picker,ST025,Evening,67,5
EMP01206,Picker,ST003,Night,57,7
EMP01384,Picker,ST007,Afternoon,44,10
EMP02369,Store Associate,ST003,Night,51,6
EMP00806,Store Associate,ST080,Afternoon,45,4
EMP02380,Supervisor,ST096,Morning,63,9
EMP01392,Packer,ST056,Evening,52,6
EMP00210,Rider Coordinator,ST070,Afternoon,52,10
EMP01855,Picker,ST002,Evening,42,2
EMP00501,Store Associate,ST098,Evening,39,4
EMP00409,Packer,ST089,Evening,47,5
EMP01302,Picker,ST018,Morning,45,3
EMP00632,Packer,ST069,Night,62,7
EMP01344,Supervisor,ST096,Afternoon,43,4
EMP01974,Packer,ST051,Evening,43,4
EMP02402,Picker,ST052,Afternoon,30,9
EMP00174,Rider Coordinator,ST038,Morning,53,8
EMP01436,Rider Coordinator,ST067,Morning,52,7
EMP01200,Supervisor,ST091,Afternoon,37,7
EMP00542,Rider Coordinator,ST072,Afternoon,47,6
EMP00297,Packer,ST047,Morning,40,8
EMP01907,Packer,ST056,Evening,47,7
EMP00061,Picker,ST036,Afternoon,38,8
EMP02000,Store Associate,ST051,Morning,36,1
EMP00888,Supervisor,ST099,Night,46,1
EMP01010,Store Associate,ST072,Evening,45,6
EMP01838,Store Associate,ST001,Morning,47,6
EMP00384,Picker,ST042,Morning,44,2
EMP02096,Supervisor,ST028,Afternoon,39,8
EMP00590,Picker,ST052,Evening,42,1
EMP01377,Picker,ST001,Evening,54,5
EMP02328,Packer,ST072,Afternoon,44,4
EMP00340,Packer,ST043,Evening,44,5
EMP02290,Store Associate,ST097,Afternoon,44,4
EMP01406,Picker,ST026,Afternoon,45,6
EMP02449,Picker,ST067,Evening,56,4
EMP00892,Supervisor,ST078,Morning,49,6
EMP02386,Rider Coordinator,ST060,Afternoon,48,6
EMP01140,Store Associate,ST066,Afternoon,50,3
EMP01812,Supervisor,ST023,Evening,49,8
EMP02234,Store Associate,ST018,Evening,42,6
EMP00469,Picker,ST057,Evening,66,6
EMP00194,Rider Coordinator,ST036,Evening,46,5
EMP02448,Rider Coordinator,ST058,Afternoon,51,5
EMP01437,Picker,ST078,Afternoon,42,6
EMP00295,Packer,ST038,Morning,53,3
EMP01416,Picker,ST047,Evening,44,4
EMP00581,Store Associate,ST021,Afternoon,48,3
EMP00976,Picker,ST092,Afternoon,42,6
EMP02251,Store Associate,ST090,Morning,49,6
EMP01145,Store Associate,ST089,Morning,48,3
EMP02437,Picker,ST026,Evening,42,11
EMP01993,Rider Coordinator,ST063,Evening,34,1
EMP00035,Store Associate,ST100,Evening,58,5
EMP02494,Packer,ST036,Evening,43,5
EMP01716,Picker,ST047,Evening,50,11
EMP00662,Store Associate,ST089,Afternoon,44,1
EMP00253,Store Associate,ST058,Night,45,5
EMP01854,Rider Coordinator,ST055,Night,50,1
EMP00985,Store Associate,ST041,Afternoon,49,6
EMP02083,Packer,ST057,Morning,51,7
EMP01143,Rider Coordinator,ST089,Morning,53,5
EMP00559,Supervisor,ST020,Afternoon,45,3
EMP00023,Rider Coordinator,ST081,Afternoon,59,2
EMP02402,Rider Coordinator,ST067,Morning,47,5
EMP00797,Picker,ST030,Night,45,6
EMP02087,Picker,ST099,Evening,61,8
EMP02309,Rider Coordinator,ST029,Evening,63,2
EMP00697,Picker,ST006,Afternoon,51,9
EMP02466,Store Associate,ST098,Evening,46,9
EMP00956,Packer,ST032,Afternoon,49,8
EMP02250,Store Associate,ST060,Morning,44,3
EMP00549,Picker,ST060,Night,50,4
EMP02242,Picker,ST043,Evening,56,5
EMP01160,Packer,ST091,Afternoon,54,9
EMP00208,Picker,ST018,Afternoon,45,6
EMP00675,Store Associate,ST073,Night,49,6
EMP00701,Store Associate,ST040,Morning,56,7
EMP02349,Supervisor,ST015,Evening,48,6
EMP01025,Rider Coordinator,ST024,Evening,52,6
EMP01957,Supervisor,ST066,Evening,52,3
EMP00801,Picker,ST038,Afternoon,57,7
EMP00189,Picker,ST037,Evening,43,4
EMP01575,Picker,ST043,Afternoon,46,5
EMP02467,Picker,ST059,Afternoon,40,8
EMP01980,Store Associate,ST061,Night,39,6
EMP01435,Rider Coordinator,ST090,Morning,53,5
EMP01882,Supervisor,ST044,Afternoon,43,4
EMP01472,Store Associate,ST018,Afternoon,45,6
EMP01323,Packer,ST011,Afternoon,51,2
EMP00001,Picker,ST044,Night,56,2
EMP01314,Picker,ST077,Evening,40,9
EMP01460,Supervisor,ST024,Morning,43,5
EMP01426,Store Associate,ST030,Evening,57,6
EMP00029,Picker,ST024,Afternoon,59,7
EMP00270,Rider Coordinator,ST066,Evening,37,4
EMP00990,Store Associate,ST001,Afternoon,75,5
EMP00812,Picker,ST027,Evening,58,9
EMP02250,Picker,ST022,Evening,61,1
EMP00427,Picker,ST096,Afternoon,33,6
EMP00142,Store Associate,ST075,Afternoon,48,7
EMP01656,Supervisor,ST027,Evening,48,6
EMP02149,Picker,ST047,Evening,45,1
EMP01289,Packer,ST022,Morning,50,4
EMP00532,Packer,ST035,Afternoon,49,4
EMP01350,Packer,ST085,Afternoon,36,1
EMP00258,Packer,ST025,Afternoon,50,4
EMP01999,Picker,ST100,Morning,49,6
EMP01747,Picker,ST078,Evening,53,12
EMP02334,Picker,ST033,Evening,40,7
EMP01882,Supervisor,ST098,Evening,32,4
EMP01843,Supervisor,ST024,Morning,44,6
EMP00172,Store Associate,ST047,Afternoon,48,2
EMP01769,Picker,ST053,Afternoon,43,12
EMP02365,Store Associate,ST033,Afternoon,48,6
EMP01166,Packer,ST096,Night,46,5
EMP00335,Store Associate,ST019,Morning,44,5
EMP00823,Picker,ST059,Evening,50,9
EMP01527,Picker,ST077,Evening,70,9
EMP01954,Store Associate,ST077,Afternoon,34,4
EMP02112,Picker,ST077,Afternoon,43,6
EMP00268,Packer,ST088,Evening,43,3
EMP01541,Store Associate,ST049,Afternoon,52,4
EMP01947,Picker,ST033,Evening,51,4
EMP01678,Store Associate,ST080,Night,43,8
EMP01731,Picker,ST027,Evening,40,2
EMP00363,Store Associate,ST078,Morning,57,7
EMP00260,Picker,ST085,Afternoon,40,9
EMP00868,Store Associate,ST098,Evening,61,7
EMP00387,Rider Coordinator,ST056,Afternoon,40,5
EMP01913,Packer,ST059,Evening,41,6
EMP01755,Packer,ST061,Morning,46,5
EMP02176,Store Associate,ST036,Night,50,6
EMP01381,Store Associate,ST012,Afternoon,47,7
EMP02030,Store Associate,ST074,Morning,51,6
EMP02258,Store Associate,ST022,Morning,48,7
EMP00619,Store Associate,ST001,Evening,41,6
EMP02418,Store Associate,ST076,Afternoon,43,6
EMP01190,Picker,ST041,Night,59,8
EMP00465,Picker,ST062,Evening,50,6
EMP01173,Picker,ST081,Evening,42,6
EMP00501,Rider Coordinator,ST031,Afternoon,42,3
EMP02072,Store Associate,ST044,Morning,35,7
EMP00047,Rider Coordinator,ST021,Evening,59,5
EMP00391,Picker,ST058,Afternoon,37,4
EMP02048,Picker,ST038,Morning,44,5
EMP01577,Picker,ST091,Afternoon,41,10
EMP01681,Rider Coordinator,ST049,Afternoon,56,3
EMP00256,Packer,ST053,Evening,40,7
EMP01787,Packer,ST003,Morning,57,6
EMP02060,Picker,ST095,Morning,51,6
EMP00416,Store Associate,ST070,Evening,37,8
EMP01061,Packer,ST059,Afternoon,44,5
EMP02016,Packer,ST022,Afternoon,44,7
EMP02018,Picker,ST034,Evening,35,7
EMP02488,Picker,ST035,Afternoon,41,6
EMP02434,Picker,ST092,Morning,39,4
EMP00569,Picker,ST001,Evening,45,4
EMP00659,Store Associate,ST059,Evening,36,5
EMP00319,Store Associate,ST088,Afternoon,47,5
EMP02489,Store Associate,ST058,Evening,51,7
EMP02471,Picker,ST002,Evening,58,5
EMP01274,Picker,ST062,Evening,55,2
EMP00591,Picker,ST096,Evening,51,4
EMP01880,Rider Coordinator,ST003,Evening,49,5
EMP00267,Packer,ST008,Evening,53,5
EMP01725,Rider Coordinator,ST064,Evening,47,3
EMP01909,Store Associate,ST002,Morning,32,7
EMP00048,Picker,ST017,Evening,52,7
EMP02428,Picker,ST097,Night,49,3
EMP00118,Store Associate,ST097,Evening,56,3
EMP01065,Picker,ST097,Afternoon,42,4
EMP02428,Store Associate,ST080,Morning,49,8
EMP00277,Picker,ST042,Afternoon,55,9
EMP00729,Store Associate,ST001,Evening,57,6
EMP01551,Rider Coordinator,ST071,Night,42,4
EMP00384,Packer,ST095,Night,46,5
EMP02001,Rider Coordinator,ST056,Evening,50,7
EMP01288,Picker,ST056,Morning,52,10
EMP01143,Picker,ST075,Evening,47,9
EMP02106,Packer,ST030,Evening,58,11
EMP01974,Packer,ST067,Afternoon,46,9
EMP00938,Supervisor,ST010,Morning,43,5
EMP02069,Picker,ST033,Afternoon,44,8
EMP01693,Packer,ST047,Afternoon,49,3
EMP01151,Store Associate,ST008,Afternoon,55,4
EMP01528,Store Associate,ST089,Evening,55,3
EMP00853,Rider Coordinator,ST076,Afternoon,37,6
EMP01230,Rider Coordinator,ST073,Afternoon,55,4
EMP01793,Rider Coordinator,ST008,Night,49,6
EMP00549,Packer,ST050,Morning,52,3
EMP00819,Picker,ST055,Night,56,8
EMP00958,Picker,ST081,Evening,56,6
EMP00223,Picker,ST072,Evening,43,4
EMP02177,Store Associate,ST010,Night,55,5
EMP01055,Picker,ST033,Evening,48,8
EMP01359,Store Associate,ST065,Afternoon,55,8
EMP01874,Rider Coordinator,ST003,Evening,50,3
EMP02454,Supervisor,ST055,Evening,41,11
EMP01776,Store Associate,ST039,Night,43,8
EMP01376,Supervisor,ST096,Evening,45,9
EMP02303,Picker,ST088,Morning,42,9
EMP02388,Store Associate,ST082,Afternoon,46,7
EMP00561,Picker,ST096,Afternoon,48,5
EMP02311,Picker,ST065,Afternoon,37,4
EMP01191,Store Associate,ST042,Evening,63,4
EMP00006,Store Associate,ST092,Afternoon,47,3
EMP02138,Picker,ST025,Morning,47,4
EMP01864,Picker,ST008,Afternoon,57,3
EMP01433,Picker,ST061,Evening,43,4
EMP01951,Rider Coordinator,ST002,Afternoon,49,11
EMP00004,Packer,ST030,Evening,42,4
EMP02017,Picker,ST084,Afternoon,51,2
EMP00606,Store Associate,ST004,Evening,41,4
EMP02322,Packer,ST074,Night,50,8
EMP02141,Packer,ST025,Morning,50,5
EMP00419,Picker,ST084,Evening,55,7
EMP01876,Packer,ST097,Morning,49,2
EMP01164,Rider Coordinator,ST072,Afternoon,59,7
EMP01794,Store Associate,ST022,Afternoon,42,5
EMP02500,Picker,ST040,Evening,46,4
EMP01756,Supervisor,ST001,Evening,55,7
EMP01812,Store Associate,ST064,Afternoon,37,11
EMP01629,Packer,ST094,Evening,44,6
EMP00378,Rider Coordinator,ST031,Night,53,6
EMP02103,Picker,ST063,Evening,45,9
EMP01175,Packer,ST020,Night,44,3
EMP01510,Picker,ST089,Night,45,9
EMP01025,Store Associate,ST093,Night,39,7
EMP02407,Packer,ST098,Morning,42,3
EMP00272,Picker,ST030,Evening,58,5
EMP02237,Store Associate,ST047,Evening,47,7
EMP01898,Picker,ST015,Evening,43,8
EMP01861,Store Associate,ST064,Evening,40,8
EMP00075,Picker,ST082,Morning,43,4
EMP00222,Store Associate,ST059,Afternoon,41,5
EMP01973,Packer,ST060,Night,48,4
EMP01069,Store Associate,ST066,Morning,59,5
EMP01725,Rider Coordinator,ST020,Evening,50,2
EMP02112,Supervisor,ST064,Night,45,7
EMP01262,Store Associate,ST050,Evening,48,12
EMP00786,Picker,ST099,Night,34,4
EMP02493,Picker,ST001,Afternoon,34,7
EMP01099,Rider Coordinator,ST075,Morning,42,5
EMP00911,Picker,ST035,Night,47,8
EMP01809,Store Associate,ST031,Evening,44,6
EMP00324,Store Associate,ST024,Morning,52,7
EMP00598,Store Associate,ST060,Afternoon,55,3
EMP00755,Picker,ST072,Evening,50,7
EMP02453,Picker,ST017,Evening,45,4
EMP01139,Store Associate,ST032,Morning,56,5
EMP00572,Rider Coordinator,ST021,Evening,51,3
EMP01217,Store Associate,ST016,Evening,50,7
EMP01721,Rider Coordinator,ST066,Morning,62,4
EMP00124,Store Associate,ST007,Evening,47,6
EMP02457,Packer,ST091,Morning,52,5
EMP00980,Picker,ST006,Afternoon,39,3
EMP01013,Picker,ST066,Afternoon,48,11
EMP02458,Supervisor,ST012,Evening,45,7
EMP02206,Packer,ST019,Afternoon,52,9
EMP01353,Packer,ST069,Afternoon,36,8
EMP01868,Picker,ST017,Evening,35,8
EMP01702,Store Associate,ST093,Afternoon,45,10
EMP00862,Store Associate,ST039,Night,49,6
EMP01700,Supervisor,ST012,Afternoon,55,5
EMP01903,Picker,ST026,Morning,50,8
EMP01276,Store Associate,ST031,Evening,48,6
EMP01111,Picker,ST042,Afternoon,51,8
EMP00683,Picker,ST060,Night,56,5
EMP01312,Store Associate,ST096,Afternoon,55,9
EMP01094,Store Associate,ST011,Afternoon,53,7
EMP01631,Packer,ST008,Evening,49,3
EMP01427,Rider Coordinator,ST062,Morning,57,4
EMP01339,Picker,ST098,Afternoon,46,6
EMP00810,Picker,ST078,Afternoon,54,5
EMP01056,Rider Coordinator,ST004,Morning,40,7
EMP02110,Picker,ST042,Morning,57,5
EMP00397,Supervisor,ST039,Morning,43,7
EMP00638,Rider Coordinator,ST020,Afternoon,46,8
EMP01605,Packer,ST029,Night,37,7
EMP02031,Packer,ST064,Afternoon,44,9
EMP01970,Rider Coordinator,ST011,Evening,37,10
EMP00573,Store Associate,ST039,Evening,43,8
EMP01176,Picker,ST043,Night,59,6
EMP00696,Store Associate,ST079,Evening,39,5
EMP00195,Picker,ST015,Night,54,6
EMP01983,Store Associate,ST068,Afternoon,36,2
EMP00322,Picker,ST099,Morning,52,9
EMP01580,Picker,ST028,Night,42,9
EMP01242,Packer,ST007,Morning,35,6
EMP00518,Picker,ST033,Afternoon,39,2
EMP01652,Store Associate,ST067,Night,48,3
EMP02222,Picker,ST074,Night,55,4
EMP01248,Picker,ST008,Evening,58,13
EMP00458,Picker,ST040,Morning,50,10
EMP01136,Picker,ST053,Evening,42,7
EMP00262,Picker,ST075,Afternoon,50,5
EMP00584,Picker,ST040,Evening,50,4
EMP01434,Picker,ST096,Afternoon,66,5
EMP01370,Store Associate,ST003,Evening,46,6
EMP01069,Rider Coordinator,ST066,Afternoon,44,5
EMP01772,Picker,ST063,Afternoon,54,7
EMP00012,Supervisor,ST061,Morning,56,5
EMP00288,Store Associate,ST037,Morning,43,11
EMP01978,Picker,ST092,Afternoon,51,6
EMP00916,Rider Coordinator,ST094,Evening,32,5
EMP00706,Rider Coordinator,ST001,Night,56,9
EMP01417,Store Associate,ST095,Night,34,9
EMP02461,Store Associate,ST022,Morning,50,7
EMP01932,Store Associate,ST074,Morning,55,8
EMP00692,Store Associate,ST082,Morning,54,10
EMP02397,Rider Coordinator,ST048,Evening,50,5
EMP01603,Picker,ST016,Evening,61,4
EMP00223,Picker,ST077,Evening,37,7
EMP00612,Rider Coordinator,ST098,Morning,53,7
EMP00302,Packer,ST025,Afternoon,59,3
EMP00754,Rider Coordinator,ST097,Evening,43,6
EMP00775,Packer,ST048,Afternoon,37,5
EMP01480,Store Associate,ST019,Morning,47,7
EMP01889,Store Associate,ST036,Morning,43,4
EMP01707,Picker,ST027,Morning,57,4
EMP01166,Picker,ST040,Evening,45,2
EMP02395,Store Associate,ST025,Night,50,6
EMP02328,Packer,ST068,Morning,34,4
EMP01296,Picker,ST046,Afternoon,44,7
EMP00895,Store Associate,ST041,Afternoon,41,8
EMP02026,Picker,ST061,Afternoon,35,11
EMP00051,Rider Coordinator,ST089,Morning,37,5
EMP01052,Packer,ST058,Evening,51,3
EMP01199,Store Associate,ST078,Afternoon,50,10
EMP00579,Picker,ST034,Morning,58,4
EMP00479,Packer,ST015,Morning,52,9
EMP00279,Packer,ST072,Afternoon,56,10
EMP02415,Picker,ST010,Night,59,8
EMP01599,Picker,ST014,Night,49,7
EMP01761,Picker,ST080,Afternoon,39,7
EMP01417,Packer,ST071,Night,46,9
EMP02311,Rider Coordinator,ST067,Afternoon,59,4
EMP00902,Picker,ST060,Night,47,7
EMP02297,Picker,ST048,Morning,58,5
EMP00685,Picker,ST088,Morning,51,4
EMP00259,Store Associate,ST068,Night,34,10
EMP00993,Supervisor,ST009,Night,43,6
EMP00566,Packer,ST041,Afternoon,41,0
EMP00506,Rider Coordinator,ST039,Afternoon,50,10
EMP00727,Picker,ST086,Night,56,7
EMP00954,Store Associate,ST081,Evening,49,9
EMP02222,Picker,ST045,Evening,55,9
EMP01776,Packer,ST069,Morning,51,8
EMP01571,Picker,ST015,Afternoon,46,8
EMP01889,Store Associate,ST063,Afternoon,45,3
EMP02382,Store Associate,ST041,Afternoon,41,5
EMP01484,Packer,ST040,Afternoon,49,7
EMP00501,Picker,ST068,Morning,56,3
EMP00206,Supervisor,ST064,Afternoon,44,5
EMP02152,Store Associate,ST021,Night,43,3
EMP00600,Packer,ST049,Evening,42,4
EMP01756,Store Associate,ST097,Morning,45,6
EMP02229,Picker,ST005,Evening,44,6
EMP01977,Picker,ST047,Evening,51,9
EMP00194,Packer,ST034,Night,49,8
EMP00730,Supervisor,ST067,Morning,46,3
EMP02463,Rider Coordinator,ST096,Evening,45,4
EMP02058,Store Associate,ST077,Night,33,8
EMP01812,Store Associate,ST029,Night,48,3
EMP01554,Packer,ST022,Afternoon,48,8
EMP01711,Store Associate,ST087,Evening,50,8
EMP00012,Picker,ST045,Evening,58,7
EMP01374,Store Associate,ST010,Afternoon,48,6
EMP01640,Picker,ST086,Morning,39,7
EMP01861,Store Associate,ST036,Evening,50,5
EMP00055,Picker,ST043,Afternoon,38,6
EMP01957,Supervisor,ST045,Afternoon,45,6
EMP01300,Store Associate,ST021,Afternoon,51,7
EMP00070,Packer,ST074,Afternoon,49,6
EMP02376,Packer,ST083,Afternoon,44,2
EMP00661,Supervisor,ST058,Afternoon,48,6
EMP01005,Picker,ST029,Evening,42,6
EMP00659,Picker,ST073,Evening,52,6
EMP01140,Supervisor,ST057,Evening,42,8
EMP01741,Rider Coordinator,ST096,Evening,46,2
EMP01249,Picker,ST012,Evening,50,4
EMP00364,Packer,ST076,Afternoon,39,5
EMP01054,Store Associate,ST049,Morning,41,5
EMP00307,Store Associate,ST018,Morning,42,10
EMP00203,Packer,ST098,Evening,45,5
EMP00782,Rider Coordinator,ST053,Evening,58,5
EMP00530,Supervisor,ST079,Evening,46,8
EMP00838,Picker,ST040,Evening,49,5
EMP00733,Picker,ST095,Afternoon,46,6
EMP00391,Picker,ST095,Evening,52,6
EMP02355,Store Associate,ST022,Evening,55,4
